Account	Account name	Campaign	Labels	Campaign Type	Networks	Budget	Budget type	EU political ads	Standard conversion goals	Customer acquisition	Languages	Bid Strategy Type	Bid Strategy Name	Enhanced CPC	Start Date	End Date	Broad match keywords	Ad Schedule	Ad rotation	Content exclusions	Targeting method	Exclusion method	DSA Website	DSA Language	DSA targeting source	DSA page feeds	Audience targeting	Flexible Reach	AI Max	Text customization	Final URL expansion	Ad Group	Max CPC	Max CPM	Target CPA	Max CPV	Target CPV	Percent CPC	Target CPM	Target ROAS	Target CPC	Desktop Bid Modifier	Mobile Bid Modifier	Tablet Bid Modifier	TV Screen Bid Modifier	Display Network Custom Bid Type	Optimized targeting	Strict age and gender targeting	Search term matching	Ad Group Type	Channels	Audience name	Age demographic	Gender demographic	Income demographic	Parental status demographic	Remarketing audience segments	Interest categories	Life events	Custom audience segments	Detailed demographics	Remarketing audience exclusions	Tracking template	Final URL suffix	Custom parameters	ID	Location	Location type	Reach	Location groups	Radius	Unit	Bid Modifier	Account keyword type	Keyword	Criterion Type	First page bid	Top of page bid	First position bid	Quality score	Landing page experience	Expected CTR	Ad relevance	Final URL	Final mobile URL	Image Size	Upgraded extension	Link source	Ad type	Headline 1	Headline 1 position	Headline 2	Headline 2 position	Headline 3	Headline 3 position	Headline 4	Headline 4 position	Headline 5	Headline 5 position	Headline 6	Headline 6 position	Headline 7	Headline 7 position	Headline 8	Headline 8 position	Headline 9	Headline 9 position	Headline 10	Headline 10 position	Headline 11	Headline 11 position	Headline 12	Headline 12 position	Headline 13	Headline 13 position	Headline 14	Headline 14 position	Headline 15	Headline 15 position	Description 1	Description 1 position	Description 2	Description 2 position	Description 3	Description 3 position	Description 4	Description 4 position	Path 1	Path 2	Shared set name	Shared set type	Keyword count	Link Text	Description Line 1	Description Line 2	Source	Header	Snippet Values	Callout text	Phone Number	Country of Phone	Conversion Action	Campaign Status	Ad Group Status	Status	Approval Status	Ad strength	Comment
426-779-6658	和歌山車	大阪府＿車内クリーニング																														int大阪_通常清掃	95																																										車 嘔吐 クリーニング 業者	Phrase	82	154	250		 -	 -	 -																																																												Enabled	Enabled	Removed	Approved		MOVE_TO:車 嘔吐 クリーニング
426-779-6658	和歌山車	大阪府＿車内クリーニング																														int大阪_通常清掃	95																																										車内 クリーニング 嘔吐 大阪	Phrase	200	200	450	8	Average	Above average	Above average	https://carinteriorcleaning.jp/regions/osaka/interior-cleaning/																																																											Enabled	Enabled	Removed	Approved		MOVE_TO:車 嘔吐 クリーニング
426-779-6658	和歌山車	大阪府＿車内クリーニング																														int大阪_通常清掃	95																																										車内 クリーニング 嘔吐	Phrase					 -	 -	 -																																																												Enabled	Enabled	Removed	Approved		MOVE_TO:車 嘔吐 クリーニング
426-779-6658	和歌山車	大阪府＿車内クリーニング																														int大阪_通常清掃	95																																										車 ゲロ クリーニング	Phrase	227	339	341	4	Below average	Average	Average																																																												Enabled	Enabled	Removed	Approved		MOVE_TO:車 嘔吐 クリーニング
426-779-6658	和歌山車	大阪府＿車内クリーニング																														int大阪_通常清掃	95																																										車 嘔吐 臭い 取れ ない	Phrase					 -	 -	 -																																																												Enabled	Enabled	Removed	Approved		MOVE_TO:車 嘔吐 クリーニング
426-779-6658	和歌山車	大阪府＿車内クリーニング																														int大阪_通常清掃	95																																										ゲロ 臭い 消し 車	Phrase					 -	 -	 -																																																												Enabled	Enabled	Removed	Approved		MOVE_TO:車 嘔吐 クリーニング
426-779-6658	和歌山車	大阪府＿車内クリーニング																														int大阪_通常清掃	95																																										シート ベルト 嘔吐 臭い	Phrase	359	471	471	3	Average	Below average	Below average	https://carinteriorcleaning.jp/regions/osaka/specialist-cleaning/																																																											Enabled	Enabled	Removed	Approved		MOVE_TO:車 嘔吐 クリーニング
426-779-6658	和歌山車	大阪府＿車内クリーニング																														int大阪_通常清掃	95																																										車内 清掃 プロ	Phrase	148	148	240	5	Below average	Average	Above average	https://carinteriorcleaning.jp/regions/osaka/interior-cleaning/																																																											Enabled	Enabled	Enabled	Approved		
426-779-6658	和歌山車	大阪府＿車内クリーニング																														int大阪_通常清掃	95																																										車内 クリーニング 嘔吐 どこに 頼む	Phrase					 -	 -	 -																																																												Enabled	Enabled	Removed	Approved		MOVE_TO:車 嘔吐 クリーニング
426-779-6658	和歌山車	大阪府＿車内クリーニング																														int大阪_通常清掃	95																																										車 吐瀉 物 掃除	Phrase					 -	 -	 -																																																												Enabled	Enabled	Removed	Approved		MOVE_TO:車 嘔吐 クリーニング
426-779-6658	和歌山車	大阪府＿車内クリーニング																														int大阪_通常清掃	95																																										車内 ゲロ クリーニング	Phrase					 -	 -	 -																																																												Enabled	Enabled	Removed	Approved		MOVE_TO:車 嘔吐 クリーニング
426-779-6658	和歌山車	大阪府＿車内クリーニング																														int大阪_通常清掃	95																																										車内 嘔吐	Phrase	82	110	257		 -	 -	 -																																																												Enabled	Enabled	Removed	Approved		MOVE_TO:車 嘔吐 クリーニング
426-779-6658	和歌山車	大阪府＿車内クリーニング																														int大阪_通常清掃	95																																										車内 クリーニング 専門 業者	Phrase	97	129	288	7	Average	Above average	Average	https://carinteriorcleaning.jp/regions/osaka/interior-cleaning/																																																											Enabled	Enabled	Enabled	Approved		
426-779-6658	和歌山車	大阪府＿車内クリーニング																														int大阪_通常清掃	95																																										車内 ゲロ 掃除	Phrase	154	171	282	3	Below average	Below average	Above average																																																												Enabled	Enabled	Removed	Approved		MOVE_TO:車 嘔吐 クリーニング
426-779-6658	和歌山車	大阪府＿車内クリーニング																														int大阪_通常清掃	95																																										車 クリーニング 嘔吐	Phrase	250	272	446	5	Below average	Average	Above average																																																												Enabled	Enabled	Removed	Approved		MOVE_TO:車 嘔吐 クリーニング
426-779-6658	和歌山車	大阪府＿車内クリーニング																														int大阪_通常清掃	95																																										車 嘔吐 クリーニング	Phrase	257			4	Below average	Average	Average																																																												Enabled	Enabled	Removed	Approved		MOVE_TO:車 嘔吐 クリーニング
426-779-6658	和歌山車	大阪府＿車内クリーニング																														int大阪_通常清掃	95																																										シート ベルト 嘔吐 掃除	Phrase					 -	 -	 -																																																												Enabled	Enabled	Removed	Approved		MOVE_TO:車 嘔吐 クリーニング
426-779-6658	和歌山車	大阪府＿車内クリーニング																														int大阪_通常清掃	95																																										車 ゲロ 掃除	Phrase	227	555	614	3	Below average	Below average	Above average																																																												Enabled	Enabled	Removed	Approved		MOVE_TO:車 嘔吐 クリーニング
426-779-6658	和歌山車	大阪府＿車内クリーニング																														int大阪_通常清掃	95																																										車内 クリーニング 専門 店 大阪	Broad	288	288	471	6	Average	Average	Average	https://carinteriorcleaning.jp/regions/osaka/interior-cleaning/																																																											Enabled	Enabled	Enabled	Approved		
426-779-6658	和歌山車	大阪府＿車内クリーニング																														int大阪_通常清掃	95																																										車内 嘔吐 臭い 消し	Phrase	205	288	359		 -	 -	 -																																																												Enabled	Enabled	Removed	Approved		MOVE_TO:車 嘔吐 クリーニング
426-779-6658	和歌山車	大阪府＿車内クリーニング																														int大阪_通常清掃	95																																										車内 吐い た 掃除	Phrase	180	205	471		 -	 -	 -																																																												Enabled	Enabled	Removed	Approved		MOVE_TO:車 嘔吐 クリーニング
426-779-6658	和歌山車	大阪府＿車内クリーニング																														int大阪_通常清掃																																																				https://carinteriorcleaning.jp/regions/osaka/interior-cleaning/					Responsive search ad	【{LOCATION(City):大阪}】出張車内クリーニング	 -	【92%満足】出張車内清掃	 -	【期間限定】今だけキャンペーン	 -	365日無休24時間受付中LINE対応	 -	{keyword:出張車内清掃}嘔吐（ゲロ）即対応	 -	"""車 シート クリーニング 業者"""	 -	立会不要で清掃作業で時間も有効	 -	出張車内 クリーニングの専門 店	 -	訪問特化型車内の清掃専門業者	 -	灯油 コーヒーこぼしおまかせ	 -	洗浄後無害になる特殊洗剤を使用	 -	18000円からシート車内洗浄対応	 -	１シートのみでもOK 圧倒的洗浄	 -	"""軽 自動車 クリーニング"""	 -	"""車 灯油 こぼし クリーニング"""	 -	{LOCATION(City):大阪}【地元密着】車内清掃 特急便365日24時間受付中！電話で指定場所まで清掃に出張致します	 -	期間限定キャンペーン有！ 会社のお車を2台以上は、さらに割引 お得な出張車内クリーニング	 -	どこでも出張！ マンションや、会社の駐車場まで出張して、電源無しでも車内清掃のプロが作業	 -	使用後は無害になる特殊な洗剤を使用 清掃後は赤ちゃんペットにも無害です。専用の機材を使用	 -	{LOCATION(City):大阪}清掃出張車	車内清掃														Enabled	Enabled	Enabled	Approved	Excellent	
426-779-6658	和歌山車	大阪府＿車内クリーニング																														車　 汗																																										None	"嘔吐""""灯油""""エアコン"	Negative Phrase																																																																			Enabled	Enabled	Removed			SPLIT_TO:嘔吐/灯油/エアコン
426-779-6658	和歌山車	大阪府＿車内クリーニング																														車 嘔吐 クリーニング																																																				https://carinteriorcleaning.jp/regions/osaka/kyuto-cleaning/					Responsive search ad	【{LOCATION(City):大阪}】出張車内クリーニング	 -	車 嘔吐 クリーニング	 -	最短即日対応！プロの消臭・洗浄	 -	【電話相談】まずはお電話を	 -	見積もり無料	 -	"""車 シート クリーニング 業者"""	 -	立会不要で清掃作業で時間も有効	 -	出張車内 クリーニングの専門 店	 -	訪問特化型車内の清掃専門業者	 -	灯油 コーヒーこぼしおまかせ	 -	車 シート 汚れ 落とし 方	 -	18000円からシート車内洗浄対応	 -	１シートのみでもOK 圧倒的洗浄	 -	"""軽 自動車 クリーニング"""	 -	"""車 灯油 こぼし クリーニング"""	 -	大阪府で車嘔吐の臭いや汚れにお困りなら。専用洗剤とプロの技術で徹底除去。	 -	車内の嘔吐の臭いや汚れは放置すると悪化します。今すぐ専門家へお任せください。	 -	出張費無料で駆けつけます！	 -	使用後は無害になる特殊な洗剤を使用 清掃後は赤ちゃんペットにも無害です。専用の機材を使用	 -	{LOCATION(City):大阪}清掃出張車	嘔吐ニオイ清掃														Enabled	Enabled	Enabled	Approved	Excellent	
426-779-6658	和歌山車	大阪府＿車内クリーニング																														車内 消臭・脱臭洗浄	95																																										車 車内 消 臭	Phrase	288	359	471	1	Below average	Below average	Below average	https://carinteriorcleaning.jp/regions/osaka/shanai-shoshu/																																																											Enabled	Enabled	Enabled	Approved		
426-779-6658	和歌山車	大阪府＿車内クリーニング																														車内 消臭・脱臭洗浄	95																																										車内 消 臭 剤	Phrase	359	359	471	3	Below average	Below average	Above average	https://carinteriorcleaning.jp/regions/osaka/shanai-shoshu/																																																											Enabled	Enabled	Enabled	Approved		
426-779-6658	和歌山車	大阪府＿車内クリーニング																														車 匂い 消し・消臭洗浄	95																																										車 用 匂い 消し	Phrase	648	648	648		 -	 -	 -	https://carinteriorcleaning.jp/regions/osaka/kuruma-nioi-keshi/																																																											Enabled	Enabled	Enabled	Approved		
426-779-6658	和歌山車	大阪府＿車内クリーニング																														車　 おもらし																																										None	"嘔吐""""灯油""""エアコン"	Negative Phrase																																																																			Enabled	Enabled	Removed			SPLIT_TO:嘔吐/灯油/エアコン
426-779-6658	和歌山車	大阪府＿車内クリーニング																														車　 おもらし	95																																										車 おもらし	Phrase	445	452			 -	 -	 -	https://carinteriorcleaning.jp/regions/osaka/omorashi/																																																											Enabled	Enabled	Enabled	Approved		
426-779-6658	和歌山車	大阪府＿車内クリーニング																														車シート クリーニング																																										None	"嘔吐""""灯油""""エアコン"	Negative Phrase																																																																			Enabled	Enabled	Removed			SPLIT_TO:嘔吐/灯油/エアコン
426-779-6658	和歌山車	大阪府＿車内クリーニング																														車　 おしっこ																																																				https://carinteriorcleaning.jp/regions/osaka/oshikko/					Responsive search ad	【{LOCATION(City):大阪}】出張車内クリーニング	 -	大阪の車 おしっこクリーニング	 -	最短即日対応！プロの消臭・洗浄	 -	【電話相談】まずはお電話を	 -	見積もり無料	 -	"""車 シート クリーニング 業者"""	 -	立会不要で清掃作業で時間も有効	 -	出張車内 クリーニングの専門 店	 -	訪問特化型車内の清掃専門業者	 -	灯油 コーヒーこぼしおまかせ	 -	洗浄後無害になる特殊洗剤を使用	 -	18000円からシート車内洗浄対応	 -	１シートのみでもOK 圧倒的洗浄	 -	"""軽 自動車 クリーニング"""	 -	"""車 灯油 こぼし クリーニング"""	 -	大阪府で車 おしっこの臭いや汚れにお困りなら。専用洗剤とプロの技術で徹底除去。	 -	車内の車 おしっこは放置すると悪化します。今すぐ専門家へお任せください。	 -	出張費無料で駆けつけます！	 -	使用後は無害になる特殊な洗剤を使用 清掃後は赤ちゃんペットにも無害です。専用の機材を使用	 -	{LOCATION(City):大阪}清掃出張車	おしっこ消臭														Enabled	Enabled	Enabled	Approved	Excellent	
426-779-6658	和歌山車	大阪府＿車内クリーニング																														車の匂い取り																																										None	"嘔吐""""灯油""""エアコン"	Negative Phrase																																																																			Enabled	Enabled	Removed			SPLIT_TO:嘔吐/灯油/エアコン
426-779-6658	和歌山車	大阪府＿車内クリーニング																														AG_緊急_ペット	95																																										車 おもらし シート 洗浄	Phrase	85				 -	 -	 -	https://carinteriorcleaning.jp/regions/osaka/omorashi/																																																											Enabled	Enabled	Enabled	Approved		
426-779-6658	和歌山車	大阪府＿車内クリーニング																														AG_緊急_ペット	95																																										犬 車 お漏らし 消臭 業者	Phrase	85				 -	 -	 -	https://carinteriorcleaning.jp/regions/osaka/omorashi/																																																											Enabled	Enabled	Enabled	Approved		
426-779-6658	和歌山車	大阪府＿車内クリーニング																														AG_緊急_ペット																																																				https://carinteriorcleaning.jp/regions/osaka/oshikko/					Responsive search ad	【{LOCATION(City):大阪}】出張車内クリーニング	 -	車 おしっこ シート 洗浄 出張	 -	最短即日対応！プロの消臭・洗浄	 -	【電話相談】まずはお電話を	 -	見積もり無料	 -	"""車 シート クリーニング 業者"""	 -	立会不要で清掃作業で時間も有効	 -	出張車内 クリーニングの専門 店	 -	訪問特化型車内の清掃専門業者	 -	灯油 コーヒーこぼしおまかせ	 -	洗浄後無害になる特殊洗剤を使用	 -	18000円からシート車内洗浄対応	 -	１シートのみでもOK 圧倒的洗浄	 -	"""軽 自動車 クリーニング"""	 -	"""車 灯油 こぼし クリーニング"""	 -	大阪府で車内おしっこの臭いや汚れにお困りなら。専用洗剤とプロの技術で徹底除去。	 -	車内の車内おしっこの臭いや汚れは放置すると悪化します。今すぐ専門家へお任せください。	 -	出張費無料で駆けつけます！	 -	使用後は無害になる特殊な洗剤を使用 清掃後は赤ちゃんペットにも無害です。専用の機材を使用	 -	{LOCATION(City):大阪}清掃出張車	おしっこ消臭														Enabled	Enabled	Enabled	Approved	Good	
426-779-6658	和歌山車	大阪府＿車内クリーニング																														AG_緊急_ペット																																																				https://carinteriorcleaning.jp/regions/osaka/oshikko/					Responsive search ad	【{LOCATION(City):大阪}】出張車内クリーニング	 -	車 おもらし シート 洗浄	 -	最短即日対応！プロの消臭・洗浄	 -	【電話相談】まずはお電話を	 -	見積もり無料	 -	"""車 シート クリーニング 業者"""	 -	立会不要で清掃作業で時間も有効	 -	出張車内 クリーニングの専門 店	 -	訪問特化型車内の清掃専門業者	 -	灯油 コーヒーこぼしおまかせ	 -	洗浄後無害になる特殊洗剤を使用	 -	18000円からシート車内洗浄対応	 -	１シートのみでもOK 圧倒的洗浄	 -	"""軽 自動車 クリーニング"""	 -	"""車 灯油 こぼし クリーニング"""	 -	大阪府で車おもらしの臭いや汚れにお困りなら。専用洗剤とプロの技術で徹底除去。	 -	車内の車車おもらしの臭いや汚れ放置すると悪化します。今すぐ専門家へお任せください。	 -	出張費無料で駆けつけます！	 -	使用後は無害になる特殊な洗剤を使用 清掃後は赤ちゃんペットにも無害です。専用の機材を使用	 -	{LOCATION(City):大阪}清掃出張車	おしっこ消臭														Enabled	Enabled	Enabled	Approved	Good	
426-779-6658	和歌山車	大阪府＿車内クリーニング																														AG_緊急_ペット																																																				https://carinteriorcleaning.jp/regions/osaka/oshikko/					Responsive search ad	【{LOCATION(City):大阪}】出張車内クリーニング	 -	ペット 粗相 車 消臭	 -	最短即日対応！プロの消臭・洗浄	 -	【電話相談】まずはお電話を	 -	見積もり無料	 -	"""車 シート クリーニング 業者"""	 -	立会不要で清掃作業で時間も有効	 -	出張車内 クリーニングの専門 店	 -	訪問特化型車内の清掃専門業者	 -	灯油 コーヒーこぼしおまかせ	 -	洗浄後無害になる特殊洗剤を使用	 -	18000円からシート車内洗浄対応	 -	１シートのみでもOK 圧倒的洗浄	 -	"""軽 自動車 クリーニング"""	 -	"""車 灯油 こぼし クリーニング"""	 -	大阪府でペット粗相の臭いや汚れにお困りなら。専用洗剤とプロの技術で徹底除去。	 -	車内のペット粗相の臭いや汚れは放置すると悪化します。今すぐ専門家へお任せください。	 -	出張費無料で駆けつけます！	 -	使用後は無害になる特殊な洗剤を使用 清掃後は赤ちゃんペットにも無害です。専用の機材を使用	 -	{LOCATION(City):大阪}清掃出張車	おしっこ消臭														Enabled	Enabled	Enabled	Approved	Good	
426-779-6658	和歌山車	大阪府＿車内クリーニング																														緊急_子供嘔吐																																																				https://carinteriorcleaning.jp/regions/osaka/kodomo-kyuto/					Responsive search ad	【{LOCATION(City):大阪}】子供嘔吐清掃	 -	車酔い 嘔吐 出張専門業者	 -	最短即日対応！プロの消臭・洗浄	 -	【電話相談】車嘔吐はお電話を	 -	見積もり無料	 -	子供おうと洗浄業者	 -	立会不要で清掃作業で時間も有効	 -	子供おうと洗浄の専門 店	 -	訪問特化型車内の清掃専門業者	 -	子供おうと洗浄クリーニング	 -	車 シート 汚れ 落とし 方	 -	18000円からシート車内洗浄対応	 -	１シートのみでもOK 圧倒的洗浄	 -	"""軽 自動車 クリーニング"""	 -	"""車こどもおうとクリーニング"""	 -	大阪で車酔い 嘔吐 や汚れにお困りなら。出張専門業者 専用洗剤とプロの技術で徹底除去。	 -	車内の車酔い 嘔吐 や汚れは放置すると悪化します。今すぐ出張専門業者 へお任せください。	 -	出張費無料で駆けつけます！	 -	使用後は無害になる特殊な洗剤を使用 清掃後は赤ちゃんペットにも無害です。専用の機材を使用	 -	{LOCATION(City):大阪}清掃出張車	子供嘔吐清掃														Enabled	Enabled	Enabled	Approved	Average	
426-779-6658	和歌山車	大阪府＿車内クリーニング																														緊急_ペット																																																				https://carinteriorcleaning.jp/regions/osaka/oshikko/					Responsive search ad	【{LOCATION(City):大阪}】ペットおもらし	 -	犬 車 お漏らし 消臭 業者	 -	最短即日対応！プロの消臭・洗浄	 -	【電話相談】まずはお電話を	 -	見積もり無料	 -	"""猫 車 お漏らし 消臭 業者"""	 -	立会不要で清掃作業で時間も有効	 -	車 ペットお漏らしの専門 店	 -	訪問特化型車内の清掃専門業者	 -	車 ペット うんちの専門 店	 -	洗浄後無害になる特殊洗剤を使用	 -	18000円からシート車内洗浄対応	 -	１シートのみでもOK 圧倒的洗浄	 -	"""軽 自動車 クリーニング"""	 -	犬猫うんちの専門 店	 -	大阪府で お漏らし汚れにお困りなら。専用洗剤とプロの技術で徹底除去。	 -	車内のペットお漏らしは放置すると悪化します。今すぐ専門家へお任せください。	 -	出張費無料で駆けつけ 即クリーニングでキレイにします	 -	使用後は無害になる特殊な洗剤を使用 清掃後は赤ちゃんペットにも無害です。専用の機材を使用	 -	{LOCATION(City):大阪}清掃出張車	おしっこ消臭														Enabled	Enabled	Enabled	Approved	Average	
426-779-6658	和歌山車	大阪府＿車内クリーニング																														緊急_ペット																																																				https://carinteriorcleaning.jp/regions/osaka/oshikko/					Responsive search ad	【{LOCATION(City):大阪}】出張車内クリーニング	 -	大阪 ペット 車内 清掃	 -	最短即日対応！プロの消臭・洗浄	 -	【電話相談】まずはお電話を	 -	見積もり無料	 -	"""車 シート クリーニング 業者"""	 -	立会不要で清掃作業で時間も有効	 -	出張車内 クリーニングの専門 店	 -	訪問特化型車内の清掃専門業者	 -	灯油 コーヒーこぼしおまかせ	 -	洗浄後無害になる特殊洗剤を使用	 -	18000円からシート車内洗浄対応	 -	１シートのみでもOK 圧倒的洗浄	 -	"""軽 自動車 クリーニング"""	 -	"""車 灯油 こぼし クリーニング"""	 -	大阪府で車ペットの臭いや汚れにお困りなら。専用洗剤とプロの技術で徹底除去。	 -	車内の車ペットの臭いや汚れは放置すると悪化します。今すぐ専門家へお任せください。	 -	出張費無料で駆けつけます！	 -	使用後は無害になる特殊な洗剤を使用 清掃後は赤ちゃんペットにも無害です。専用の機材を使用	 -	{LOCATION(City):大阪}清掃出張車	おしっこ消臭														Enabled	Enabled	Enabled	Approved	Average	
426-779-6658	和歌山車	沖縄県＿車内クリーニング																														車　 タバコの匂い汚れ・タバコのヤニ	95																																										タバコニオイ	Phrase	85	98			 -	 -	 -	https://carinteriorcleaning.jp/regions/okinawa/tabako-yani/																																																											Enabled	Enabled	Enabled	Approved		
426-779-6658	和歌山車	沖縄県＿車内クリーニング																														車　 タバコの匂い汚れ・タバコのヤニ	95																																										車 ヤニ	Phrase	152	297			 -	 -	 -	https://carinteriorcleaning.jp/regions/okinawa/tabako-yani/																																																											Enabled	Enabled	Enabled	Approved		
426-779-6658	和歌山車	沖縄県＿車内クリーニング																														車　 タバコの匂い汚れ・タバコのヤニ	95																																										車内 ヤニ	Phrase	198	218			 -	 -	 -	https://carinteriorcleaning.jp/regions/okinawa/tabako-yani/																																																											Enabled	Enabled	Enabled	Approved		
426-779-6658	和歌山車	沖縄県＿車内クリーニング																														車　 タバコの匂い汚れ・タバコのヤニ	95																																										車 タバコの匂い汚れ・タバコのヤニ	Phrase	85				 -	 -	 -	https://carinteriorcleaning.jp/regions/okinawa/tabako-yani/																																																											Enabled	Enabled	Enabled	Approved		
426-779-6658	和歌山車	沖縄県＿車内クリーニング																														車　 タバコの匂い汚れ・タバコのヤニ	95																																										車 天井 臭い	Phrase	43	43			 -	 -	 -	https://carinteriorcleaning.jp/regions/okinawa/tabako-yani/																																																											Enabled	Enabled	Enabled	Approved		
426-779-6658	和歌山車	沖縄県＿車内クリーニング																														車　 タバコの匂い汚れ・タバコのヤニ	95																																										車 天井 ヤニ	Phrase	240	648	648		 -	 -	 -	https://carinteriorcleaning.jp/regions/okinawa/tabako-yani/																																																											Enabled	Enabled	Enabled	Approved		
426-779-6658	和歌山車	沖縄県＿車内クリーニング																														車　 タバコの匂い汚れ・タバコのヤニ																																																				https://carinteriorcleaning.jp/regions/okinawa/tabako-yani/					Responsive search ad	【{LOCATION(City):沖縄}】出張車内クリーニング	 -	車 タバコ匂い汚れクリーニング	 -	最短即日対応！プロの消臭・洗浄	 -	【電話相談】まずはお電話を	 -	見積もり無料	 -	"""車 シート クリーニング 業者"""	 -	立会不要で清掃作業で時間も有効	 -	出張車内 クリーニングの専門 店	 -	訪問特化型車内の清掃専門業者	 -	灯油 コーヒーこぼしおまかせ	 -	車 シート 汚れ 落とし 方	 -	18000円からシート車内洗浄対応	 -	１シートのみでもOK 圧倒的洗浄	 -	"""軽 自動車 クリーニング"""	 -	"""車 灯油 こぼし クリーニング"""	 -	沖縄県で車 タバコの匂い汚れの臭いや汚れにお困りなら。専用洗剤とプロの技術で徹底除去。	 -	車内の車 タバコの匂い汚れは放置すると悪化します。今すぐ専門家へお任せください。	 -	出張費無料で駆けつけます！	 -	使用後は無害になる特殊な洗剤を使用 清掃後は赤ちゃんペットにも無害です。専用の機材を使用	 -	{LOCATION(City):沖縄}清掃出張車	タバコヤニ清掃														Enabled	Enabled	Enabled	Approved	Average	
426-779-6658	和歌山車	沖縄県＿車内クリーニング																														車内の臭い																																																				https://carinteriorcleaning.jp/regions/okinawa/shanai-nioi/					Responsive search ad	【{LOCATION(City):沖縄}】出張車内クリーニング	 -	沖縄県の車内の臭いクリーニング	 -	最短即日対応！プロの消臭・洗浄	 -	【電話相談】まずはお電話を	 -	見積もり無料	 -	"""車 シート クリーニング 業者"""	 -	立会不要で清掃作業で時間も有効	 -	出張車内 クリーニングの専門 店	 -	訪問特化型車内の清掃専門業者	 -	灯油 コーヒーこぼしおまかせ	 -	車 シート 汚れ 落とし 方	 -	18000円からシート車内洗浄対応	 -	１シートのみでもOK 圧倒的洗浄	 -	"""軽 自動車 クリーニング"""	 -	"""車 灯油 こぼし クリーニング"""	 -	沖縄県で車内の臭いの臭いや汚れにお困りなら。専用洗剤とプロの技術で徹底除去。	 -	車内の車内の臭いは放置すると悪化します。今すぐ専門家へお任せください。	 -	出張費無料で駆けつけます！	 -	使用後は無害になる特殊な洗剤を使用 清掃後は赤ちゃんペットにも無害です。専用の機材を使用	 -	{LOCATION(City):沖縄}清掃出張車	車内臭い														Enabled	Enabled	Enabled	Approved	Excellent	
426-779-6658	和歌山車	沖縄県＿車内クリーニング																														車　 エアコン臭い																																																				https://carinteriorcleaning.jp/regions/okinawa/ac-nioi/					Responsive search ad	【{LOCATION(City):沖縄}】出張車内クリーニング	 -	車 エアコン臭いクリーニング	 -	最短即日対応！プロの消臭・洗浄	 -	【電話相談】まずはお電話を	 -	見積もり無料	 -	"""車 シート クリーニング 業者"""	 -	立会不要で清掃作業で時間も有効	 -	出張車内 クリーニングの専門 店	 -	訪問特化型車内の清掃専門業者	 -	灯油 コーヒーこぼしおまかせ	 -	車 シート 汚れ 落とし 方	 -	18000円からシート車内洗浄対応	 -	１シートのみでもOK 圧倒的洗浄	 -	"""軽 自動車 クリーニング"""	 -	"""車 灯油 こぼし クリーニング"""	 -	沖縄県で車 エアコン臭いの臭いや汚れにお困りなら。専用洗剤とプロの技術で徹底除去。	 -	車内の車 エアコン臭いは放置すると悪化します。今すぐ専門家へお任せください。	 -	出張費無料で駆けつけます！	 -	使用後は無害になる特殊な洗剤を使用 清掃後は赤ちゃんペットにも無害です。専用の機材を使用	 -	{LOCATION(City):沖縄}清掃出張車	エアコン臭い														Enabled	Enabled	Enabled	Approved	Excellent	
426-779-6658	和歌山車	沖縄県＿車内クリーニング																														車　 ペット臭																																																				https://carinteriorcleaning.jp/regions/okinawa/pet-nioi/					Responsive search ad	【{LOCATION(City):沖縄}】出張車内クリーニング	 -	沖縄の車 ペット臭クリーニング	 -	最短即日対応！プロの消臭・洗浄	 -	【電話相談】まずはお電話を	 -	見積もり無料	 -	"""車 シート クリーニング 業者"""	 -	立会不要で清掃作業で時間も有効	 -	出張車内 クリーニングの専門 店	 -	訪問特化型車内の清掃専門業者	 -	灯油 コーヒーこぼしおまかせ	 -	車 シート 汚れ 落とし 方	 -	18000円からシート車内洗浄対応	 -	１シートのみでもOK 圧倒的洗浄	 -	"""軽 自動車 クリーニング"""	 -	"""車 灯油 こぼし クリーニング"""	 -	沖縄県で車 ペット臭の臭いや汚れにお困りなら。専用洗剤とプロの技術で徹底除去。	 -	車内の車 ペット臭は放置すると悪化します。今すぐ専門家へお任せください。	 -	出張費無料で駆けつけます！	 -	使用後は無害になる特殊な洗剤を使用 清掃後は赤ちゃんペットにも無害です。専用の機材を使用	 -	{LOCATION(City):沖縄}清掃出張車	ペット臭消臭														Enabled	Enabled	Enabled	Approved	Excellent	
426-779-6658	和歌山車	沖縄県＿車内クリーニング																														車ペット毛																																																				https://carinteriorcleaning.jp/regions/okinawa/pet-ke/					Responsive search ad	【{LOCATION(City):沖縄}】出張車内クリーニング	 -	沖縄県の車ペット毛クリーニング	 -	最短即日対応！プロの消臭・洗浄	 -	【電話相談】まずはお電話を	 -	見積もり無料	 -	"""車 シート クリーニング 業者"""	 -	立会不要で清掃作業で時間も有効	 -	出張車内 クリーニングの専門 店	 -	訪問特化型車内の清掃専門業者	 -	灯油 コーヒーこぼしおまかせ	 -	車 シート 汚れ 落とし 方	 -	18000円からシート車内洗浄対応	 -	１シートのみでもOK 圧倒的洗浄	 -	"""軽 自動車 クリーニング"""	 -	"""車 灯油 こぼし クリーニング"""	 -	沖縄県で車ペット毛の臭いや汚れにお困りなら。専用洗剤とプロの技術で徹底除去。	 -	車内の車ペット毛は放置すると悪化します。今すぐ専門家へお任せください。	 -	出張費無料で駆けつけます！	 -	使用後は無害になる特殊な洗剤を使用 清掃後は赤ちゃんペットにも無害です。専用の機材を使用	 -	{LOCATION(City):沖縄}清掃出張車	ペット毛清掃														Enabled	Enabled	Enabled	Approved	Excellent	
426-779-6658	和歌山車	沖縄県＿車内クリーニング																														車　 汗																																																				https://carinteriorcleaning.jp/regions/okinawa/ase/					Responsive search ad	【{LOCATION(City):沖縄}】出張車内クリーニング	 -	沖縄県の車 汗クリーニング	 -	最短即日対応！プロの消臭・洗浄	 -	【電話相談】まずはお電話を	 -	見積もり無料	 -	"""車 シート クリーニング 業者"""	 -	立会不要で清掃作業で時間も有効	 -	出張車内 クリーニングの専門 店	 -	訪問特化型車内の清掃専門業者	 -	灯油 コーヒーこぼしおまかせ	 -	車 シート 汚れ 落とし 方	 -	18000円からシート車内洗浄対応	 -	１シートのみでもOK 圧倒的洗浄	 -	"""軽 自動車 クリーニング"""	 -	"""車 灯油 こぼし クリーニング"""	 -	沖縄県で車 汗の臭いや汚れにお困りなら。専用洗剤とプロの技術で徹底除去。	 -	車内の車 汗は放置すると悪化します。今すぐ専門家へお任せください。	 -	出張費無料で駆けつけます！	 -	使用後は無害になる特殊な洗剤を使用 清掃後は赤ちゃんペットにも無害です。専用の機材を使用	 -	{LOCATION(City):沖縄}清掃出張車	汗ニオイ清掃														Enabled	Enabled	Enabled	Approved	Excellent	
426-779-6658	和歌山車	沖縄県＿車内クリーニング																														int沖縄２515	95																																										車 で お 漏らし 掃除	Phrase					 -	 -	 -	https://carinteriorcleaning.jp/regions/okinawa/omorashi/																																																											Enabled	Enabled	Paused	Approved		
426-779-6658	和歌山車	沖縄県＿車内クリーニング																														int沖縄２515	95																																										車 シート お 漏らし クリーニング	Phrase	159	258			 -	 -	 -	https://carinteriorcleaning.jp/regions/okinawa/omorashi/																																																											Enabled	Enabled	Paused	Approved		
426-779-6658	和歌山車	沖縄県＿車内クリーニング																														int沖縄２515																																																				https://carinteriorcleaning.jp/regions/okinawa/interior-cleaning/					Responsive search ad	【{LOCATION(City):沖縄}】出張車内クリーニング	 -	【92%満足】本島 出張車内清掃	 -	【期間限定】今だけキャンペーン	 -	365日無休24時間受付中LINE対応	 -	{keyword:出張車内清掃}嘔吐（ゲロ）即対応	 -	車 シート クリーニング 業者	 -	"""車 シート クリーニング 料金"""	 -	出張車内 クリーニングの専門 店	 -	訪問特化型車内の清掃専門業者	 -	コーヒージュースこぼしおまかせ	 -	洗浄後無害になる特殊洗剤を使用	 -	18000円から車内洗浄対応	 -	１シートのみでもOK 圧倒的洗浄	 -	"""車 の ヤニ の 匂い 消し"""	 -	車 シート 汚れ 落とし 業者	 -	{LOCATION(City):沖縄}【本島地元密着】車内清掃 特急便365日24時間受付中！電話で指定場所まで清掃に出張	 -	"期間限定キャンペーン有！お得な出張車内 ""車 シート クリーニング 料金 """	 -	どこでも出張！ マンションや、会社の駐車場まで出張して、車内清掃のプロが作業	 -	使用後は無害になる特殊な洗剤を使用 清掃後は赤ちゃんペットにも無害です。専用の機材を使用	 -	{LOCATION(City):沖縄}本島出張	車内清掃														Enabled	Enabled	Enabled	Approved	Excellent	
426-779-6658	和歌山車	沖縄県＿車内クリーニング																														車シート 洗浄																																																				https://carinteriorcleaning.jp/regions/okinawa/seat-senjo/					Responsive search ad	【{LOCATION(City):沖縄}】出張車内クリーニング	 -	沖縄車シート 洗浄クリーニング	 -	最短即日対応！プロの消臭・洗浄	 -	【電話相談】まずはお電話を	 -	見積もり無料	 -	"""車 シート クリーニング 業者"""	 -	立会不要で清掃作業で時間も有効	 -	出張車内 クリーニングの専門 店	 -	訪問特化型車内の清掃専門業者	 -	灯油 コーヒーこぼしおまかせ	 -	車 シート 汚れ 落とし 方	 -	18000円からシート車内洗浄対応	 -	１シートのみでもOK 圧倒的洗浄	 -	"""軽 自動車 クリーニング"""	 -	"""車 灯油 こぼし クリーニング"""	 -	沖縄県で車シート 洗浄の臭いや汚れにお困りなら。専用洗剤とプロの技術で徹底除去。	 -	車内の車シート 洗浄は放置すると悪化します。今すぐ専門家へお任せください。	 -	出張費無料で駆けつけます！	 -	使用後は無害になる特殊な洗剤を使用 清掃後は赤ちゃんペットにも無害です。専用の機材を使用	 -	{LOCATION(City):沖縄}清掃出張車	シート洗浄														Enabled	Enabled	Enabled	Approved	Excellent	
426-779-6658	和歌山車	沖縄県＿車内クリーニング																														中古車加齢臭																																																				https://carinteriorcleaning.jp/regions/okinawa/chuko-kareisyu/					Responsive search ad	【{LOCATION(City):沖縄}】出張車内クリーニング	 -	中古車加齢臭クリーニング	 -	最短即日対応！プロの消臭・洗浄	 -	【電話相談】まずはお電話を	 -	見積もり無料	 -	"""車 シート クリーニング 業者"""	 -	立会不要で清掃作業で時間も有効	 -	出張車内 クリーニングの専門 店	 -	訪問特化型車内の清掃専門業者	 -	灯油 コーヒーこぼしおまかせ	 -	車 シート 汚れ 落とし 方	 -	18000円からシート車内洗浄対応	 -	１シートのみでもOK 圧倒的洗浄	 -	"""軽 自動車 クリーニング"""	 -	"""車 灯油 こぼし クリーニング"""	 -	沖縄県で中古車加齢臭の臭いや汚れにお困りなら。専用洗剤とプロの技術で徹底除去。	 -	車内の中古車加齢臭は放置すると悪化します。今すぐ専門家へお任せください。	 -	出張費無料で駆けつけます！	 -	使用後は無害になる特殊な洗剤を使用 清掃後は赤ちゃんペットにも無害です。専用の機材を使用	 -	{LOCATION(City):沖縄}清掃出張車	加齢臭消臭														Enabled	Enabled	Enabled	Approved	Excellent	
426-779-6658	和歌山車	沖縄県＿車内クリーニング																														車シート クリーニング																																																				https://carinteriorcleaning.jp/regions/okinawa/seat-cleaning/					Responsive search ad	【{LOCATION(City):沖縄}】出張車内クリーニング	 -	沖縄の車シート クリーニング	 -	最短即日対応！プロの消臭・洗浄	 -	【電話相談】まずはお電話を	 -	見積もり無料	 -	"""車 シート クリーニング 業者"""	 -	立会不要で清掃作業で時間も有効	 -	出張車内 クリーニングの専門 店	 -	訪問特化型車内の清掃専門業者	 -	灯油 コーヒーこぼしおまかせ	 -	車 シート 汚れ 落とし 方	 -	18000円からシート車内洗浄対応	 -	１シートのみでもOK 圧倒的洗浄	 -	"""軽 自動車 クリーニング"""	 -	"""車 灯油 こぼし クリーニング"""	 -	沖縄県で車シート クリーニングの臭いや汚れにお困りなら。専用洗剤とプロの技術で徹底除去。	 -	車内の車シート クリーニングは放置すると悪化します。今すぐ専門家へお任せください。	 -	出張費無料で駆けつけます！	 -	使用後は無害になる特殊な洗剤を使用 清掃後は赤ちゃんペットにも無害です。専用の機材を使用	 -	{LOCATION(City):沖縄}清掃出張車	シート清掃														Enabled	Enabled	Enabled	Approved	Excellent	
426-779-6658	和歌山車	沖縄県＿車内クリーニング																														車　 おもらし	95																																										車 おもらし	Phrase	375	375	375		 -	 -	 -	https://carinteriorcleaning.jp/regions/okinawa/omorashi/																																																											Enabled	Enabled	Enabled	Approved		
426-779-6658	和歌山車	沖縄県＿車内クリーニング																														車　 おもらし																																																				https://carinteriorcleaning.jp/regions/okinawa/omorashi/					Responsive search ad	【{LOCATION(City):沖縄}】出張車内クリーニング	 -	沖縄の車 おもらしくリーニング	 -	最短即日対応！プロの消臭・洗浄	 -	【電話相談】まずはお電話を	 -	見積もり無料	 -	"""車 シート クリーニング 業者"""	 -	立会不要で清掃作業で時間も有効	 -	出張車内 クリーニングの専門 店	 -	訪問特化型車内の清掃専門業者	 -	灯油 コーヒーこぼしおまかせ	 -	車 シート 汚れ 落とし 方	 -	18000円からシート車内洗浄対応	 -	１シートのみでもOK 圧倒的洗浄	 -	"""軽 自動車 クリーニング"""	 -	"""車 灯油 こぼし クリーニング"""	 -	沖縄県で車 おもらしの臭いや汚れにお困りなら。専用洗剤とプロの技術で徹底除去。	 -	車内の車 おもらしは放置すると悪化します。今すぐ専門家へお任せください。	 -	出張費無料で駆けつけます！	 -	使用後は無害になる特殊な洗剤を使用 清掃後は赤ちゃんペットにも無害です。専用の機材を使用	 -	{LOCATION(City):沖縄}清掃出張車	おもらし清掃														Enabled	Enabled	Enabled	Approved	Average	
426-779-6658	和歌山車	沖縄県＿車内クリーニング																														車　 うんこ																																																				https://carinteriorcleaning.jp/regions/okinawa/unko/					Responsive search ad	【{LOCATION(City):沖縄}】出張車内クリーニング	 -	沖縄県の車 うんこクリーニング	 -	最短即日対応！プロの消臭・洗浄	 -	【電話相談】まずはお電話を	 -	見積もり無料	 -	"""車 シート クリーニング 業者"""	 -	立会不要で清掃作業で時間も有効	 -	出張車内 クリーニングの専門 店	 -	訪問特化型車内の清掃専門業者	 -	灯油 コーヒーこぼしおまかせ	 -	車 シート 汚れ 落とし 方	 -	18000円からシート車内洗浄対応	 -	１シートのみでもOK 圧倒的洗浄	 -	"""軽 自動車 クリーニング"""	 -	"""車 灯油 こぼし クリーニング"""	 -	沖縄県で車 うんこの臭いや汚れにお困りなら。専用洗剤とプロの技術で徹底除去。	 -	車内の車 うんこは放置すると悪化します。今すぐ専門家へお任せください。	 -	出張費無料で駆けつけます！	 -	使用後は無害になる特殊な洗剤を使用 清掃後は赤ちゃんペットにも無害です。専用の機材を使用	 -	{LOCATION(City):沖縄}清掃出張車	うんこ清掃														Enabled	Enabled	Enabled	Approved	Good	
426-779-6658	和歌山車	沖縄県＿車内クリーニング																														車　 おしっこ																																																				https://carinteriorcleaning.jp/regions/okinawa/oshikko/					Responsive search ad	【{LOCATION(City):沖縄}】出張車内クリーニング	 -	沖縄の車 おしっこクリーニング	 -	最短即日対応！プロの消臭・洗浄	 -	【電話相談】まずはお電話を	 -	見積もり無料	 -	"""車 シート クリーニング 業者"""	 -	立会不要で清掃作業で時間も有効	 -	出張車内 クリーニングの専門 店	 -	訪問特化型車内の清掃専門業者	 -	灯油 コーヒーこぼしおまかせ	 -	車 シート 汚れ 落とし 方	 -	18000円からシート車内洗浄対応	 -	１シートのみでもOK 圧倒的洗浄	 -	"""軽 自動車 クリーニング"""	 -	"""車 灯油 こぼし クリーニング"""	 -	沖縄県で車 おしっこの臭いや汚れにお困りなら。専用洗剤とプロの技術で徹底除去。	 -	車内の車 おしっこは放置すると悪化します。今すぐ専門家へお任せください。	 -	出張費無料で駆けつけます！	 -	使用後は無害になる特殊な洗剤を使用 清掃後は赤ちゃんペットにも無害です。専用の機材を使用	 -	{LOCATION(City):沖縄}清掃出張車	おしっこ消臭														Enabled	Enabled	Enabled	Approved	Excellent	
426-779-6658	和歌山車	沖縄県＿車内クリーニング																														車　加齢臭																																																				https://carinteriorcleaning.jp/regions/okinawa/kareisyu/					Responsive search ad	【{LOCATION(City):沖縄}】出張車内クリーニング	 -	沖縄県の車 加齢臭クリーニング	 -	最短即日対応！プロの消臭・洗浄	 -	【電話相談】まずはお電話を	 -	見積もり無料	 -	"""車 シート クリーニング 業者"""	 -	立会不要で清掃作業で時間も有効	 -	出張車内 クリーニングの専門 店	 -	訪問特化型車内の清掃専門業者	 -	灯油 コーヒーこぼしおまかせ	 -	車 シート 汚れ 落とし 方	 -	18000円からシート車内洗浄対応	 -	１シートのみでもOK 圧倒的洗浄	 -	"""軽 自動車 クリーニング"""	 -	"""車 灯油 こぼし クリーニング"""	 -	沖縄県で車 加齢臭の臭いや汚れにお困りなら。専用洗剤とプロの技術で徹底除去。	 -	車内の車 加齢臭は放置すると悪化します。今すぐ専門家へお任せください。	 -	出張費無料で駆けつけます！	 -	使用後は無害になる特殊な洗剤を使用 清掃後は赤ちゃんペットにも無害です。専用の機材を使用	 -	{LOCATION(City):沖縄}清掃出張車	加齢臭消臭														Enabled	Enabled	Enabled	Approved	Excellent	
426-779-6658	和歌山車	沖縄県＿車内クリーニング																														中古車タバコ臭																																																				https://carinteriorcleaning.jp/regions/okinawa/chuko-tabako/					Responsive search ad	【{LOCATION(City):沖縄}】出張車内クリーニング	 -	中古車タバコ臭クリーニング	 -	最短即日対応！プロの消臭・洗浄	 -	【電話相談】まずはお電話を	 -	見積もり無料	 -	"""車 シート クリーニング 業者"""	 -	立会不要で清掃作業で時間も有効	 -	出張車内 クリーニングの専門 店	 -	訪問特化型車内の清掃専門業者	 -	灯油 コーヒーこぼしおまかせ	 -	車 シート 汚れ 落とし 方	 -	18000円からシート車内洗浄対応	 -	１シートのみでもOK 圧倒的洗浄	 -	"""軽 自動車 クリーニング"""	 -	"""車 灯油 こぼし クリーニング"""	 -	沖縄県で中古車タバコ臭の臭いや汚れにお困りなら。専用洗剤とプロの技術で徹底除去。	 -	車内の中古車タバコ臭は放置すると悪化します。今すぐ専門家へお任せください。	 -	出張費無料で駆けつけます！	 -	使用後は無害になる特殊な洗剤を使用 清掃後は赤ちゃんペットにも無害です。専用の機材を使用	 -	{LOCATION(City):沖縄}清掃出張車	タバコ臭清掃														Enabled	Enabled	Enabled	Approved	Good	
426-779-6658	和歌山車	沖縄県＿車内クリーニング																														車 嘔吐 クリーニング																																																				https://carinteriorcleaning.jp/regions/okinawa/kyuto-cleaning/					Responsive search ad	【{LOCATION(City):沖縄}】出張車内クリーニング	 -	車 嘔吐 クリーニング	 -	最短即日対応！プロの消臭・洗浄	 -	【電話相談】まずはお電話を	 -	見積もり無料	 -	"""車 シート クリーニング 業者"""	 -	立会不要で清掃作業で時間も有効	 -	出張車内 クリーニングの専門 店	 -	訪問特化型車内の清掃専門業者	 -	灯油 コーヒーこぼしおまかせ	 -	車 シート 汚れ 落とし 方	 -	18000円からシート車内洗浄対応	 -	１シートのみでもOK 圧倒的洗浄	 -	"""軽 自動車 クリーニング"""	 -	"""車 灯油 こぼし クリーニング"""	 -	沖縄県で車内嘔吐 の臭いや汚れにお困りなら。専用洗剤とプロの技術で徹底除去。	 -	沖縄県で車内嘔吐臭は放置すると悪化します。今すぐ専門家へお任せください。	 -	出張費無料で駆けつけます！	 -	使用後は無害になる特殊な洗剤を使用 清掃後は赤ちゃんペットにも無害です。専用の機材を使用	 -	{LOCATION(City):沖縄}清掃出張車	嘔吐ニオイ清掃														Enabled	Enabled	Enabled	Approved	Excellent	
426-779-6658	和歌山車	沖縄県＿車内クリーニング																														車 匂い 消し・消臭洗浄																																																				https://carinteriorcleaning.jp/regions/okinawa/kuruma-nioi-keshi/					Responsive search ad	【{LOCATION(City):沖縄}】出張車内クリーニング	 -	車 匂い 消し・消臭洗浄	 -	最短即日対応！プロの消臭・洗浄	 -	【電話相談】まずはお電話を	 -	見積もり無料	 -	"""車 匂い 消し消臭洗浄 業者"""	 -	立会不要で清掃作業で時間も有効	 -	車 匂い 消し消臭洗浄の専門 店	 -	訪問特化型車内の清掃専門業者	 -	灯油 コーヒーこぼしもおまかせ	 -	車 シート 汚れ 落とし	 -	18000円からシート車内洗浄対応	 -	１シートのみでもOK 圧倒的洗浄	 -	"""軽 自動車 クリーニング"""	 -	"""車 灯油 こぼし クリーニング"""	 -	沖縄県で車 匂い 消し・消臭洗浄や汚れにお困りなら。専用洗剤とプロの技術で徹底除去。	 -	車内の車 ニオイ ・悪臭は放置すると悪化します。今すぐ専門家へお任せください。	 -	出張費無料で駆けつけます！	 -	使用後は無害になる特殊な洗剤を使用 清掃後は赤ちゃんペットにも無害です。専用の機材を使用	 -	{LOCATION(City):沖縄}清掃出張車	匂い消し														Enabled	Enabled	Enabled	Approved	Excellent	
426-779-6658	和歌山車	沖縄県＿車内クリーニング																														AG_緊急_ペット	95																																										車 おもらし シート 洗浄	Phrase	85				 -	 -	 -	https://carinteriorcleaning.jp/regions/okinawa/omorashi/																																																											Enabled	Enabled	Enabled	Approved		
426-779-6658	和歌山車	沖縄県＿車内クリーニング																														AG_緊急_ペット	95																																										犬 車 お漏らし 消臭 業者	Phrase	85				 -	 -	 -	https://carinteriorcleaning.jp/regions/okinawa/omorashi/																																																											Enabled	Enabled	Enabled	Approved		
426-779-6658	和歌山車	沖縄県＿車内クリーニング																														AG_緊急_ペット																																																				https://carinteriorcleaning.jp/regions/okinawa/oshikko/					Responsive search ad	【{LOCATION(City):沖縄}】出張車内クリーニング	 -	車 おしっこ シート 洗浄 出張	 -	最短即日対応！プロの消臭・洗浄	 -	【電話相談】まずはお電話を	 -	見積もり無料	 -	"""車 シート クリーニング 業者"""	 -	立会不要で清掃作業で時間も有効	 -	出張車内 クリーニングの専門 店	 -	訪問特化型車内の清掃専門業者	 -	灯油 コーヒーこぼしおまかせ	 -	車 シート 汚れ 落とし 方	 -	18000円からシート車内洗浄対応	 -	１シートのみでもOK 圧倒的洗浄	 -	"""軽 自動車 クリーニング"""	 -	"""車 灯油 こぼし クリーニング"""	 -	沖縄県で車 おしっこの臭いや汚れにお困りなら。専用洗剤とプロの技術で徹底除去。	 -	車内の車 おしっこは放置すると悪化します。今すぐ専門家へお任せください。	 -	出張費無料で駆けつけます！	 -	使用後は無害になる特殊な洗剤を使用 清掃後は赤ちゃんペットにも無害です。専用の機材を使用	 -	{LOCATION(City):沖縄}清掃出張車	おしっこ消臭														Enabled	Enabled	Enabled	Approved	Good	
426-779-6658	和歌山車	沖縄県＿車内クリーニング																														AG_緊急_ペット																																																				https://carinteriorcleaning.jp/regions/okinawa/oshikko/					Responsive search ad	【{LOCATION(City):沖縄}】出張車内クリーニング	 -	車 おもらし シート 洗浄	 -	最短即日対応！プロの消臭・洗浄	 -	【電話相談】まずはお電話を	 -	見積もり無料	 -	"""車 シート クリーニング 業者"""	 -	立会不要で清掃作業で時間も有効	 -	出張車内 クリーニングの専門 店	 -	訪問特化型車内の清掃専門業者	 -	灯油 コーヒーこぼしおまかせ	 -	車 シート 汚れ 落とし 方	 -	18000円からシート車内洗浄対応	 -	１シートのみでもOK 圧倒的洗浄	 -	"""軽 自動車 クリーニング"""	 -	"""車 灯油 こぼし クリーニング"""	 -	沖縄県で車 加齢臭の臭いや汚れにお困りなら。専用洗剤とプロの技術で徹底除去。	 -	車内の車 加齢臭は放置すると悪化します。今すぐ専門家へお任せください。	 -	出張費無料で駆けつけます！	 -	使用後は無害になる特殊な洗剤を使用 清掃後は赤ちゃんペットにも無害です。専用の機材を使用	 -	{LOCATION(City):沖縄}清掃出張車	おしっこ消臭														Enabled	Enabled	Enabled	Approved	Good	
426-779-6658	和歌山車	沖縄県＿車内クリーニング																														AG_緊急_ペット																																																				https://carinteriorcleaning.jp/regions/okinawa/oshikko/					Responsive search ad	【{LOCATION(City):沖縄}】出張車内クリーニング	 -	ペット 粗相 車 消臭	 -	最短即日対応！プロの消臭・洗浄	 -	【電話相談】まずはお電話を	 -	見積もり無料	 -	"""車 シート クリーニング 業者"""	 -	立会不要で清掃作業で時間も有効	 -	出張車内 クリーニングの専門 店	 -	訪問特化型車内の清掃専門業者	 -	灯油 コーヒーこぼしおまかせ	 -	車 シート 汚れ 落とし 方	 -	18000円からシート車内洗浄対応	 -	１シートのみでもOK 圧倒的洗浄	 -	"""軽 自動車 クリーニング"""	 -	"""車 灯油 こぼし クリーニング"""	 -	沖縄県で車内 灯油 こぼしの臭いや汚れにお困りなら。専用洗剤とプロの技術で徹底除去。	 -	車内の車内 灯油 こぼしは放置すると悪化します。今すぐ専門家へお任せください。	 -	出張費無料で駆けつけます！	 -	使用後は無害になる特殊な洗剤を使用 清掃後は赤ちゃんペットにも無害です。専用の機材を使用	 -	{LOCATION(City):沖縄}清掃出張車	おしっこ消臭														Enabled	Enabled	Enabled	Approved	Good	
426-779-6658	和歌山車	沖縄県＿車内クリーニング																														AG_消臭_口語																																																				https://carinteriorcleaning.jp/regions/okinawa/kuruma-nioi-keshi/					Responsive search ad	【{LOCATION(City):沖縄}】出張車内クリーニング	 -	車 匂い 消し 業者	 -	最短即日対応！プロの消臭・洗浄	 -	【電話相談】まずはお電話を	 -	見積もり無料	 -	"""車 シート クリーニング 業者"""	 -	立会不要で清掃作業で時間も有効	 -	出張車内 クリーニングの専門 店	 -	訪問特化型車内の清掃専門業者	 -	灯油 コーヒーこぼしおまかせ	 -	車 シート 汚れ 落とし 方	 -	18000円からシート車内洗浄対応	 -	１シートのみでもOK 圧倒的洗浄	 -	"""軽 自動車 クリーニング"""	 -	"""車 灯油 こぼし クリーニング"""	 -	沖縄県で車 おもらしの臭いや汚れにお困りなら。専用洗剤とプロの技術で徹底除去。	 -	車内の車 おもらしは放置すると悪化します。今すぐ専門家へお任せください。	 -	出張費無料で駆けつけます！	 -	使用後は無害になる特殊な洗剤を使用 清掃後は赤ちゃんペットにも無害です。専用の機材を使用	 -	{LOCATION(City):沖縄}清掃出張車	匂い消し														Enabled	Enabled	Enabled	Approved	Average	
426-779-6658	和歌山車	沖縄県＿車内クリーニング																														AG_消臭_口語																																																				https://carinteriorcleaning.jp/regions/okinawa/kuruma-nioi-keshi/					Responsive search ad	【{LOCATION(City):沖縄}】出張車内クリーニング	 -	車内 クサイ 消臭	 -	最短即日対応！プロの消臭・洗浄	 -	【電話相談】まずはお電話を	 -	見積もり無料	 -	"""車 シート クリーニング 業者"""	 -	立会不要で清掃作業で時間も有効	 -	出張車内 クリーニングの専門 店	 -	訪問特化型車内の清掃専門業者	 -	灯油 コーヒーこぼしおまかせ	 -	車 シート 汚れ 落とし 方	 -	18000円からシート車内洗浄対応	 -	１シートのみでもOK 圧倒的洗浄	 -	"""軽 自動車 クリーニング"""	 -	"""車 灯油 こぼし クリーニング"""	 -	沖縄県で車 うんこの臭いや汚れにお困りなら。専用洗剤とプロの技術で徹底除去。	 -	車内の車 うんこは放置すると悪化します。今すぐ専門家へお任せください。	 -	出張費無料で駆けつけます！	 -	使用後は無害になる特殊な洗剤を使用 清掃後は赤ちゃんペットにも無害です。専用の機材を使用	 -	{LOCATION(City):沖縄}清掃出張車	匂い消し														Enabled	Enabled	Enabled	Approved	Average	
426-779-6658	和歌山車	沖縄県＿車内クリーニング																														AG_消臭_口語																																																				https://carinteriorcleaning.jp/regions/okinawa/kuruma-nioi-keshi/					Responsive search ad	【{LOCATION(City):沖縄}】出張車内クリーニング	 -	車 臭い 取れない プロ	 -	最短即日対応！プロの消臭・洗浄	 -	【電話相談】まずはお電話を	 -	見積もり無料	 -	"""車 シート クリーニング 業者"""	 -	立会不要で清掃作業で時間も有効	 -	出張車内 クリーニングの専門 店	 -	訪問特化型車内の清掃専門業者	 -	灯油 コーヒーこぼしおまかせ	 -	車 シート 汚れ 落とし 方	 -	18000円からシート車内洗浄対応	 -	１シートのみでもOK 圧倒的洗浄	 -	"""軽 自動車 クリーニング"""	 -	"""車 灯油 こぼし クリーニング"""	 -	沖縄県で車 おしっこの臭いや汚れにお困りなら。専用洗剤とプロの技術で徹底除去。	 -	車内の車 おしっこは放置すると悪化します。今すぐ専門家へお任せください。	 -	出張費無料で駆けつけます！	 -	使用後は無害になる特殊な洗剤を使用 清掃後は赤ちゃんペットにも無害です。専用の機材を使用	 -	{LOCATION(City):沖縄}清掃出張車	匂い消し														Enabled	Enabled	Enabled	Approved	Good	
426-779-6658	和歌山車	沖縄県＿車内クリーニング																														AG_消臭_中古車																																																				https://carinteriorcleaning.jp/regions/okinawa/chuko-tabako/					Responsive search ad	【{LOCATION(City):沖縄}】出張車内クリーニング	 -	中古車 タバコ臭 消せない	 -	最短即日対応！プロの消臭・洗浄	 -	【電話相談】まずはお電話を	 -	見積もり無料	 -	"""車 シート クリーニング 業者"""	 -	立会不要で清掃作業で時間も有効	 -	出張車内 クリーニングの専門 店	 -	訪問特化型車内の清掃専門業者	 -	灯油 コーヒーこぼしおまかせ	 -	車 シート 汚れ 落とし 方	 -	18000円からシート車内洗浄対応	 -	１シートのみでもOK 圧倒的洗浄	 -	"""軽 自動車 クリーニング"""	 -	"""車 灯油 こぼし クリーニング"""	 -	沖縄県で車シート クリーニングの臭いや汚れにお困りなら。専用洗剤とプロの技術で徹底除去。	 -	車内の車シート クリーニングは放置すると悪化します。今すぐ専門家へお任せください。	 -	出張費無料で駆けつけます！	 -	使用後は無害になる特殊な洗剤を使用 清掃後は赤ちゃんペットにも無害です。専用の機材を使用	 -	{LOCATION(City):沖縄}清掃出張車	タバコ臭清掃														Enabled	Enabled	Enabled	Approved	Average	
426-779-6658	和歌山車	沖縄県＿車内クリーニング																														AG_消臭_中古車																																																				https://carinteriorcleaning.jp/regions/okinawa/chuko-tabako/					Responsive search ad	【{LOCATION(City):沖縄}】出張車内クリーニング	 -	中古車 加齢臭 車内	 -	最短即日対応！プロの消臭・洗浄	 -	【電話相談】まずはお電話を	 -	見積もり無料	 -	"""車 シート クリーニング 業者"""	 -	立会不要で清掃作業で時間も有効	 -	出張車内 クリーニングの専門 店	 -	訪問特化型車内の清掃専門業者	 -	灯油 コーヒーこぼしおまかせ	 -	車 シート 汚れ 落とし 方	 -	18000円からシート車内洗浄対応	 -	１シートのみでもOK 圧倒的洗浄	 -	"""軽 自動車 クリーニング"""	 -	"""車 灯油 こぼし クリーニング"""	 -	沖縄県で車 おもらしの臭いや汚れにお困りなら。専用洗剤とプロの技術で徹底除去。	 -	車内の車 おもらしは放置すると悪化します。今すぐ専門家へお任せください。	 -	出張費無料で駆けつけます！	 -	使用後は無害になる特殊な洗剤を使用 清掃後は赤ちゃんペットにも無害です。専用の機材を使用	 -	{LOCATION(City):沖縄}清掃出張車	タバコ臭清掃														Enabled	Enabled	Enabled	Approved	Good	
426-779-6658	和歌山車	沖縄県＿車内クリーニング																														AG_消臭_湿気カビ																																																				https://carinteriorcleaning.jp/regions/okinawa/shanai-nioi/					Responsive search ad	【{LOCATION(City):沖縄}】出張車内クリーニング	 -	車 湿気 臭い シート 洗浄	 -	最短即日対応！プロの消臭・洗浄	 -	【電話相談】まずはお電話を	 -	見積もり無料	 -	"""車 シート クリーニング 業者"""	 -	立会不要で清掃作業で時間も有効	 -	出張車内 クリーニングの専門 店	 -	訪問特化型車内の清掃専門業者	 -	灯油 コーヒーこぼしおまかせ	 -	車 シート 汚れ 落とし 方	 -	18000円からシート車内洗浄対応	 -	１シートのみでもOK 圧倒的洗浄	 -	"""軽 自動車 クリーニング"""	 -	"""車 灯油 こぼし クリーニング"""	 -	沖縄県で車内 灯油 こぼしの臭いや汚れにお困りなら。専用洗剤とプロの技術で徹底除去。	 -	車内の車内 灯油 こぼしは放置すると悪化します。今すぐ専門家へお任せください。	 -	出張費無料で駆けつけます！	 -	使用後は無害になる特殊な洗剤を使用 清掃後は赤ちゃんペットにも無害です。専用の機材を使用	 -	{LOCATION(City):沖縄}清掃出張車	車内臭い														Enabled	Enabled	Enabled	Approved	Good	
426-779-6658	和歌山車	沖縄県＿車内クリーニング																														AG_消臭_湿気カビ																																																				https://carinteriorcleaning.jp/regions/okinawa/shanai-nioi/					Responsive search ad	【{LOCATION(City):沖縄}】出張車内クリーニング	 -	那覇 車内クリーニング 出張	 -	最短即日対応！プロの消臭・洗浄	 -	【電話相談】まずはお電話を	 -	見積もり無料	 -	"""車 シート クリーニング 業者"""	 -	立会不要で清掃作業で時間も有効	 -	出張車内 クリーニングの専門 店	 -	訪問特化型車内の清掃専門業者	 -	灯油 コーヒーこぼしおまかせ	 -	車 シート 汚れ 落とし 方	 -	18000円からシート車内洗浄対応	 -	１シートのみでもOK 圧倒的洗浄	 -	"""軽 自動車 クリーニング"""	 -	"""車 灯油 こぼし クリーニング"""	 -	沖縄県で車 おもらしの臭いや汚れにお困りなら。専用洗剤とプロの技術で徹底除去。	 -	車内の車 おもらしは放置すると悪化します。今すぐ専門家へお任せください。	 -	出張費無料で駆けつけます！	 -	使用後は無害になる特殊な洗剤を使用 清掃後は赤ちゃんペットにも無害です。専用の機材を使用	 -	{LOCATION(City):沖縄}清掃出張車	車内臭い														Enabled	Enabled	Enabled	Approved	Average	
426-779-6658	和歌山車	沖縄県＿車内クリーニング																														AG_消臭_湿気カビ																																																				https://carinteriorcleaning.jp/regions/okinawa/shanai-nioi/					Responsive search ad	【{LOCATION(City):沖縄}】出張車内クリーニング	 -	沖縄本島 車内 清掃	 -	最短即日対応！プロの消臭・洗浄	 -	【電話相談】まずはお電話を	 -	見積もり無料	 -	"""車 シート クリーニング 業者"""	 -	立会不要で清掃作業で時間も有効	 -	出張車内 クリーニングの専門 店	 -	訪問特化型車内の清掃専門業者	 -	灯油 コーヒーこぼしおまかせ	 -	車 シート 汚れ 落とし 方	 -	18000円からシート車内洗浄対応	 -	１シートのみでもOK 圧倒的洗浄	 -	"""軽 自動車 クリーニング"""	 -	"""車 灯油 こぼし クリーニング"""	 -	沖縄県で車 うんこの臭いや汚れにお困りなら。専用洗剤とプロの技術で徹底除去。	 -	車内の車 うんこは放置すると悪化します。今すぐ専門家へお任せください。	 -	出張費無料で駆けつけます！	 -	使用後は無害になる特殊な洗剤を使用 清掃後は赤ちゃんペットにも無害です。専用の機材を使用	 -	{LOCATION(City):沖縄}清掃出張車	車内臭い														Enabled	Enabled	Enabled	Approved	Average	
426-779-6658	和歌山車	沖縄県＿車内クリーニング																														AG_エアコン_エバポレーター																																																				https://carinteriorcleaning.jp/regions/okinawa/evaporator-senjo/					Responsive search ad	【{LOCATION(City):沖縄}】出張車内クリーニング	 -	エバポレーター洗浄 出張	 -	最短即日対応！プロの消臭・洗浄	 -	【電話相談】まずはお電話を	 -	見積もり無料	 -	"""車 シート クリーニング 業者"""	 -	立会不要で清掃作業で時間も有効	 -	出張車内 クリーニングの専門 店	 -	訪問特化型車内の清掃専門業者	 -	灯油 コーヒーこぼしおまかせ	 -	車 シート 汚れ 落とし 方	 -	18000円からシート車内洗浄対応	 -	１シートのみでもOK 圧倒的洗浄	 -	"""軽 自動車 クリーニング"""	 -	"""車 灯油 こぼし クリーニング"""	 -	沖縄県で車 おしっこの臭いや汚れにお困りなら。専用洗剤とプロの技術で徹底除去。	 -	車内の車 おしっこは放置すると悪化します。今すぐ専門家へお任せください。	 -	出張費無料で駆けつけます！	 -	使用後は無害になる特殊な洗剤を使用 清掃後は赤ちゃんペットにも無害です。専用の機材を使用	 -	{LOCATION(City):沖縄}清掃出張車	エバポ洗浄														Enabled	Enabled	Enabled	Approved	Average	
426-779-6658	和歌山車	沖縄県＿車内クリーニング																														AG_エアコン_エバポレーター																																																				https://carinteriorcleaning.jp/regions/okinawa/evaporator-senjo/					Responsive search ad	【{LOCATION(City):沖縄}】出張車内クリーニング	 -	車 エアコン 酸っぱい 臭い 業者	 -	最短即日対応！プロの消臭・洗浄	 -	【電話相談】まずはお電話を	 -	見積もり無料	 -	"""車 シート クリーニング 業者"""	 -	立会不要で清掃作業で時間も有効	 -	出張車内 クリーニングの専門 店	 -	訪問特化型車内の清掃専門業者	 -	灯油 コーヒーこぼしおまかせ	 -	車 シート 汚れ 落とし 方	 -	18000円からシート車内洗浄対応	 -	１シートのみでもOK 圧倒的洗浄	 -	"""軽 自動車 クリーニング"""	 -	"""車 灯油 こぼし クリーニング"""	 -	沖縄県で車 加齢臭の臭いや汚れにお困りなら。専用洗剤とプロの技術で徹底除去。	 -	車内の車 加齢臭は放置すると悪化します。今すぐ専門家へお任せください。	 -	出張費無料で駆けつけます！	 -	使用後は無害になる特殊な洗剤を使用 清掃後は赤ちゃんペットにも無害です。専用の機材を使用	 -	{LOCATION(City):沖縄}清掃出張車	エバポ洗浄														Enabled	Enabled	Enabled	Approved	Average	
426-779-6658	和歌山車	沖縄県＿車内クリーニング																														AG_エアコン_エバポレーター																																																				https://carinteriorcleaning.jp/regions/okinawa/evaporator-senjo/					Responsive search ad	【{LOCATION(City):沖縄}】出張車内クリーニング	 -	カーエアコン カビ臭 エバポレ	 -	最短即日対応！プロの消臭・洗浄	 -	【電話相談】まずはお電話を	 -	見積もり無料	 -	"""車 シート クリーニング 業者"""	 -	立会不要で清掃作業で時間も有効	 -	出張車内 クリーニングの専門 店	 -	訪問特化型車内の清掃専門業者	 -	灯油 コーヒーこぼしおまかせ	 -	車 シート 汚れ 落とし 方	 -	18000円からシート車内洗浄対応	 -	１シートのみでもOK 圧倒的洗浄	 -	"""軽 自動車 クリーニング"""	 -	"""車 灯油 こぼし クリーニング"""	 -	沖縄県で車内 灯油 こぼしの臭いや汚れにお困りなら。専用洗剤とプロの技術で徹底除去。	 -	車内の車内 灯油 こぼしは放置すると悪化します。今すぐ専門家へお任せください。	 -	出張費無料で駆けつけます！	 -	使用後は無害になる特殊な洗剤を使用 清掃後は赤ちゃんペットにも無害です。専用の機材を使用	 -	{LOCATION(City):沖縄}清掃出張車	エバポ洗浄														Enabled	Enabled	Enabled	Approved	Average	
426-779-6658	和歌山車	沖縄県＿車内クリーニング																														AG_条件_出張																																																				https://carinteriorcleaning.jp/regions/okinawa/shutchou-senmon/					Responsive search ad	【{LOCATION(City):沖縄}】出張車内クリーニング	 -	車内クリーニング 即日 出張	 -	最短即日対応！プロの消臭・洗浄	 -	【電話相談】まずはお電話を	 -	見積もり無料	 -	"""車 シート クリーニング 業者"""	 -	立会不要で清掃作業で時間も有効	 -	出張車内 クリーニングの専門 店	 -	訪問特化型車内の清掃専門業者	 -	灯油 コーヒーこぼしおまかせ	 -	車 シート 汚れ 落とし 方	 -	18000円からシート車内洗浄対応	 -	１シートのみでもOK 圧倒的洗浄	 -	"""軽 自動車 クリーニング"""	 -	"""車 灯油 こぼし クリーニング"""	 -	沖縄県で車 加齢臭の臭いや汚れにお困りなら。専用洗剤とプロの技術で徹底除去。	 -	車内の車 加齢臭は放置すると悪化します。今すぐ専門家へお任せください。	 -	出張費無料で駆けつけます！	 -	使用後は無害になる特殊な洗剤を使用 清掃後は赤ちゃんペットにも無害です。専用の機材を使用	 -	{LOCATION(City):沖縄}清掃出張車	出張専門														Enabled	Enabled	Enabled	Approved	Good	
426-779-6658	和歌山車	沖縄県＿車内クリーニング																														AG_条件_出張																																																				https://carinteriorcleaning.jp/regions/okinawa/shutchou-senmon/					Responsive search ad	【{LOCATION(City):沖縄}】出張車内クリーニング	 -	車内清掃 1席 出張	 -	最短即日対応！プロの消臭・洗浄	 -	【電話相談】まずはお電話を	 -	見積もり無料	 -	"""車 シート クリーニング 業者"""	 -	立会不要で清掃作業で時間も有効	 -	出張車内 クリーニングの専門 店	 -	訪問特化型車内の清掃専門業者	 -	灯油 コーヒーこぼしおまかせ	 -	車 シート 汚れ 落とし 方	 -	18000円からシート車内洗浄対応	 -	１シートのみでもOK 圧倒的洗浄	 -	"""軽 自動車 クリーニング"""	 -	"""車 灯油 こぼし クリーニング"""	 -	沖縄県で車シート クリーニングの臭いや汚れにお困りなら。専用洗剤とプロの技術で徹底除去。	 -	車内の車シート クリーニングは放置すると悪化します。今すぐ専門家へお任せください。	 -	出張費無料で駆けつけます！	 -	使用後は無害になる特殊な洗剤を使用 清掃後は赤ちゃんペットにも無害です。専用の機材を使用	 -	{LOCATION(City):沖縄}清掃出張車	出張専門														Enabled	Enabled	Enabled	Approved	Good	
426-779-6658	和歌山車	沖縄県＿車内クリーニング																														AG_条件_出張																																																				https://carinteriorcleaning.jp/regions/okinawa/shutchou-senmon/					Responsive search ad	【{LOCATION(City):沖縄}】出張車内クリーニング	 -	出張 車内クリーニング おすすめ	 -	最短即日対応！プロの消臭・洗浄	 -	【電話相談】まずはお電話を	 -	見積もり無料	 -	"""車 シート クリーニング 業者"""	 -	立会不要で清掃作業で時間も有効	 -	出張車内 クリーニングの専門 店	 -	訪問特化型車内の清掃専門業者	 -	灯油 コーヒーこぼしおまかせ	 -	車 シート 汚れ 落とし 方	 -	18000円からシート車内洗浄対応	 -	１シートのみでもOK 圧倒的洗浄	 -	"""軽 自動車 クリーニング"""	 -	"""車 灯油 こぼし クリーニング"""	 -	沖縄県で車 おもらしの臭いや汚れにお困りなら。専用洗剤とプロの技術で徹底除去。	 -	車内の車 おもらしは放置すると悪化します。今すぐ専門家へお任せください。	 -	出張費無料で駆けつけます！	 -	使用後は無害になる特殊な洗剤を使用 清掃後は赤ちゃんペットにも無害です。専用の機材を使用	 -	{LOCATION(City):沖縄}清掃出張車	出張専門														Enabled	Enabled	Enabled	Approved	Good	
426-779-6658	和歌山車	沖縄県＿車内クリーニング																														AG_バス_トラック																																																				https://carinteriorcleaning.jp/regions/okinawa/bus-senmon/					Responsive search ad	【{LOCATION(City):沖縄}】出張車内クリーニング	 -	沖縄 バス 車内 清掃	 -	最短即日対応！プロの消臭・洗浄	 -	【電話相談】まずはお電話を	 -	見積もり無料	 -	"""車 シート クリーニング 業者"""	 -	立会不要で清掃作業で時間も有効	 -	出張車内 クリーニングの専門 店	 -	訪問特化型車内の清掃専門業者	 -	灯油 コーヒーこぼしおまかせ	 -	車 シート 汚れ 落とし 方	 -	18000円からシート車内洗浄対応	 -	１シートのみでもOK 圧倒的洗浄	 -	"""軽 自動車 クリーニング"""	 -	"""車 灯油 こぼし クリーニング"""	 -	沖縄県で車 加齢臭の臭いや汚れにお困りなら。専用洗剤とプロの技術で徹底除去。	 -	車内の車 加齢臭は放置すると悪化します。今すぐ専門家へお任せください。	 -	出張費無料で駆けつけます！	 -	使用後は無害になる特殊な洗剤を使用 清掃後は赤ちゃんペットにも無害です。専用の機材を使用	 -	{LOCATION(City):沖縄}清掃出張車	バス清掃														Enabled	Enabled	Enabled	Approved	Excellent	
426-779-6658	和歌山車	沖縄県＿車内クリーニング																														緊急_嘔吐	95																																										緊急 嘔吐	Phrase					 -	 -	 -	https://carinteriorcleaning.jp/regions/okinawa/kyuto-cleaning/																																																											Enabled	Enabled	Enabled	Approved		
426-779-6658	和歌山車	沖縄県＿車内クリーニング																														緊急_子供嘔吐	95																																										緊急 子供嘔吐	Phrase					 -	 -	 -	https://carinteriorcleaning.jp/regions/okinawa/kodomo-kyuto/																																																											Enabled	Enabled	Enabled	Approved		
426-779-6658	和歌山車	沖縄県＿車内クリーニング																														緊急_ペット	95																																										緊急 ペット	Phrase	772	772			 -	 -	 -	https://carinteriorcleaning.jp/regions/okinawa/oshikko/																																																											Enabled	Enabled	Enabled	Approved		
426-779-6658	和歌山車	沖縄県＿車内クリーニング																														緊急_ペット																																																				https://carinteriorcleaning.jp/regions/okinawa/oshikko/					Responsive search ad	【{LOCATION(City):沖縄}】出張車内クリーニング	 -	犬 車 お漏らし 消臭 業者	 -	最短即日対応！プロの消臭・洗浄	 -	【電話相談】まずはお電話を	 -	見積もり無料	 -	"""車 シート クリーニング 業者"""	 -	立会不要で清掃作業で時間も有効	 -	出張車内 クリーニングの専門 店	 -	訪問特化型車内の清掃専門業者	 -	灯油 コーヒーこぼしおまかせ	 -	車 シート 汚れ 落とし 方	 -	18000円からシート車内洗浄対応	 -	１シートのみでもOK 圧倒的洗浄	 -	"""軽 自動車 クリーニング"""	 -	車 嘔吐 クリーニング	 -	沖縄県で中古車タバコ臭の臭いや汚れにお困りなら。専用洗剤とプロの技術で徹底除去。	 -	車内の中古車タバコ臭は放置すると悪化します。今すぐ専門家へお任せください。	 -	出張費無料で駆けつけます！	 -	使用後は無害になる特殊な洗剤を使用 清掃後は赤ちゃんペットにも無害です。専用の機材を使用	 -	{LOCATION(City):沖縄}清掃出張車	おしっこ消臭														Enabled	Enabled	Enabled	Approved	Poor	
426-779-6658	和歌山車	沖縄県＿車内クリーニング																														緊急_ペット																																																				https://carinteriorcleaning.jp/regions/okinawa/oshikko/					Responsive search ad	【{LOCATION(City):沖縄}】出張車内クリーニング	 -	沖縄 ペット 車内 清掃	 -	最短即日対応！プロの消臭・洗浄	 -	【電話相談】まずはお電話を	 -	見積もり無料	 -	"""車 シート クリーニング 業者"""	 -	立会不要で清掃作業で時間も有効	 -	出張車内 クリーニングの専門 店	 -	訪問特化型車内の清掃専門業者	 -	灯油 コーヒーこぼしおまかせ	 -	車 シート 汚れ 落とし 方	 -	18000円からシート車内洗浄対応	 -	１シートのみでもOK 圧倒的洗浄	 -	"""軽 自動車 クリーニング"""	 -	"""車 灯油 こぼし クリーニング"""	 -	沖縄県で車シート クリーニングの臭いや汚れにお困りなら。専用洗剤とプロの技術で徹底除去。	 -	車内の車シート クリーニングは放置すると悪化します。今すぐ専門家へお任せください。	 -	出張費無料で駆けつけます！	 -	使用後は無害になる特殊な洗剤を使用 清掃後は赤ちゃんペットにも無害です。専用の機材を使用	 -	{LOCATION(City):沖縄}清掃出張車	おしっこ消臭														Enabled	Enabled	Enabled	Approved	Average	
426-779-6658	和歌山車	沖縄県＿車内クリーニング																														消臭_口語																																																				https://carinteriorcleaning.jp/regions/okinawa/kuruma-nioi-keshi/					Responsive search ad	【{LOCATION(City):沖縄}】出張車内クリーニング	 -	消臭スプレー 効かない 車	 -	最短即日対応！プロの消臭・洗浄	 -	【電話相談】まずはお電話を	 -	見積もり無料	 -	"""車 シート クリーニング 業者"""	 -	立会不要で清掃作業で時間も有効	 -	出張車内 クリーニングの専門 店	 -	訪問特化型車内の清掃専門業者	 -	灯油 コーヒーこぼしおまかせ	 -	車 シート 汚れ 落とし 方	 -	18000円からシート車内洗浄対応	 -	１シートのみでもOK 圧倒的洗浄	 -	"""軽 自動車 クリーニング"""	 -	"""車 灯油 こぼし クリーニング"""	 -	沖縄県で車 加齢臭の臭いや汚れにお困りなら。専用洗剤とプロの技術で徹底除去。	 -	車内の車 加齢臭は放置すると悪化します。今すぐ専門家へお任せください。	 -	出張費無料で駆けつけます！	 -	使用後は無害になる特殊な洗剤を使用 清掃後は赤ちゃんペットにも無害です。専用の機材を使用	 -	{LOCATION(City):沖縄}清掃出張車	匂い消し														Enabled	Enabled	Enabled	Approved	Excellent	
426-779-6658	和歌山車	沖縄県＿車内クリーニング																														消臭_口語																																																				https://carinteriorcleaning.jp/regions/okinawa/kuruma-nioi-keshi/					Responsive search ad	【{LOCATION(City):沖縄}】出張車内クリーニング	 -	車 芳香剤 臭い 取れない	 -	最短即日対応！プロの消臭・洗浄	 -	【電話相談】まずはお電話を	 -	見積もり無料	 -	"""車 シート クリーニング 業者"""	 -	立会不要で清掃作業で時間も有効	 -	出張車内 クリーニングの専門 店	 -	訪問特化型車内の清掃専門業者	 -	灯油 コーヒーこぼしおまかせ	 -	車 シート 汚れ 落とし 方	 -	18000円からシート車内洗浄対応	 -	１シートのみでもOK 圧倒的洗浄	 -	"""軽 自動車 クリーニング"""	 -	"""車 灯油 こぼし クリーニング"""	 -	沖縄県で車内 灯油 こぼしの臭いや汚れにお困りなら。専用洗剤とプロの技術で徹底除去。	 -	車内の車内 灯油 こぼしは放置すると悪化します。今すぐ専門家へお任せください。	 -	出張費無料で駆けつけます！	 -	使用後は無害になる特殊な洗剤を使用 清掃後は赤ちゃんペットにも無害です。専用の機材を使用	 -	{LOCATION(City):沖縄}清掃出張車	匂い消し														Enabled	Enabled	Enabled	Approved	Excellent	
426-779-6658	和歌山車	沖縄県＿車内クリーニング																														消臭_口語																																																				https://carinteriorcleaning.jp/regions/okinawa/kuruma-nioi-keshi/					Responsive search ad	【{LOCATION(City):沖縄}】出張車内クリーニング	 -	沖縄 車内 消臭 出張	 -	最短即日対応！プロの消臭・洗浄	 -	【電話相談】まずはお電話を	 -	見積もり無料	 -	"""車 シート クリーニング 業者"""	 -	立会不要で清掃作業で時間も有効	 -	出張車内 クリーニングの専門 店	 -	訪問特化型車内の清掃専門業者	 -	灯油 コーヒーこぼしおまかせ	 -	車 シート 汚れ 落とし 方	 -	18000円からシート車内洗浄対応	 -	１シートのみでもOK 圧倒的洗浄	 -	"""軽 自動車 クリーニング"""	 -	"""車 灯油 こぼし クリーニング"""	 -	沖縄県で中古車タバコ臭の臭いや汚れにお困りなら。専用洗剤とプロの技術で徹底除去。	 -	車内の中古車タバコ臭は放置すると悪化します。今すぐ専門家へお任せください。	 -	出張費無料で駆けつけます！	 -	使用後は無害になる特殊な洗剤を使用 清掃後は赤ちゃんペットにも無害です。専用の機材を使用	 -	{LOCATION(City):沖縄}清掃出張車	匂い消し														Enabled	Enabled	Enabled	Approved	Excellent	
426-779-6658	和歌山車	沖縄県＿車内クリーニング																														消臭_中古車																																																				https://carinteriorcleaning.jp/regions/okinawa/chuko-tabako/					Responsive search ad	【{LOCATION(City):沖縄}】出張車内クリーニング	 -	車 タバコ臭 取れない 業者 出張	 -	最短即日対応！プロの消臭・洗浄	 -	【電話相談】まずはお電話を	 -	見積もり無料	 -	"""車 シート クリーニング 業者"""	 -	立会不要で清掃作業で時間も有効	 -	出張車内 クリーニングの専門 店	 -	訪問特化型車内の清掃専門業者	 -	灯油 コーヒーこぼしおまかせ	 -	車 シート 汚れ 落とし 方	 -	18000円からシート車内洗浄対応	 -	１シートのみでもOK 圧倒的洗浄	 -	"""軽 自動車 クリーニング"""	 -	"""車 灯油 こぼし クリーニング"""	 -	沖縄県で車 うんこの臭いや汚れにお困りなら。専用洗剤とプロの技術で徹底除去。	 -	車内の車 うんこは放置すると悪化します。今すぐ専門家へお任せください。	 -	出張費無料で駆けつけます！	 -	使用後は無害になる特殊な洗剤を使用 清掃後は赤ちゃんペットにも無害です。専用の機材を使用	 -	{LOCATION(City):沖縄}清掃出張車	タバコ臭清掃														Enabled	Enabled	Enabled	Approved	Good	
426-779-6658	和歌山車	沖縄県＿車内クリーニング																														消臭_中古車																																																				https://carinteriorcleaning.jp/regions/okinawa/chuko-tabako/					Responsive search ad	【{LOCATION(City):沖縄}】出張車内クリーニング	 -	沖縄 中古車 臭い 車内	 -	最短即日対応！プロの消臭・洗浄	 -	【電話相談】まずはお電話を	 -	見積もり無料	 -	"""車 シート クリーニング 業者"""	 -	立会不要で清掃作業で時間も有効	 -	出張車内 クリーニングの専門 店	 -	訪問特化型車内の清掃専門業者	 -	灯油 コーヒーこぼしおまかせ	 -	車 シート 汚れ 落とし 方	 -	18000円からシート車内洗浄対応	 -	１シートのみでもOK 圧倒的洗浄	 -	"""軽 自動車 クリーニング"""	 -	"""車 灯油 こぼし クリーニング"""	 -	沖縄県で車 おしっこの臭いや汚れにお困りなら。専用洗剤とプロの技術で徹底除去。	 -	車内の車 おしっこは放置すると悪化します。今すぐ専門家へお任せください。	 -	出張費無料で駆けつけます！	 -	使用後は無害になる特殊な洗剤を使用 清掃後は赤ちゃんペットにも無害です。専用の機材を使用	 -	{LOCATION(City):沖縄}清掃出張車	タバコ臭清掃														Enabled	Enabled	Enabled	Approved	Excellent	
426-779-6658	和歌山車	沖縄県＿車内クリーニング																														消臭_湿気カビ	95																																										消臭 湿気カビ	Phrase					 -	 -	 -	https://carinteriorcleaning.jp/regions/okinawa/shanai-nioi/																																																											Enabled	Enabled	Enabled	Approved		
426-779-6658	和歌山車	沖縄県＿車内クリーニング																														消臭_湿気カビ																																																				https://carinteriorcleaning.jp/regions/okinawa/shanai-nioi/					Responsive search ad	【{LOCATION(City):沖縄}】出張車内クリーニング	 -	車 ペット臭 消臭 プロ 出張	 -	最短即日対応！プロの消臭・洗浄	 -	【電話相談】まずはお電話を	 -	見積もり無料	 -	"""車 シート クリーニング 業者"""	 -	立会不要で清掃作業で時間も有効	 -	出張車内 クリーニングの専門 店	 -	訪問特化型車内の清掃専門業者	 -	灯油 コーヒーこぼしおまかせ	 -	車 シート 汚れ 落とし 方	 -	18000円からシート車内洗浄対応	 -	１シートのみでもOK 圧倒的洗浄	 -	"""軽 自動車 クリーニング"""	 -	"""車 灯油 こぼし クリーニング"""	 -	沖縄県で車シート クリーニングの臭いや汚れにお困りなら。専用洗剤とプロの技術で徹底除去。	 -	車内の車シート クリーニングは放置すると悪化します。今すぐ専門家へお任せください。	 -	出張費無料で駆けつけます！	 -	使用後は無害になる特殊な洗剤を使用 清掃後は赤ちゃんペットにも無害です。専用の機材を使用	 -	{LOCATION(City):沖縄}清掃出張車	車内臭い														Enabled	Enabled	Enabled	Approved	Average	
426-779-6658	和歌山車	沖縄県＿車内クリーニング																														消臭_湿気カビ																																																				https://carinteriorcleaning.jp/regions/okinawa/shanai-nioi/					Responsive search ad	【{LOCATION(City):沖縄}】出張車内クリーニング	 -	沖縄 車内 カビ臭	 -	最短即日対応！プロの消臭・洗浄	 -	【電話相談】まずはお電話を	 -	見積もり無料	 -	"""車 シート クリーニング 業者"""	 -	立会不要で清掃作業で時間も有効	 -	出張車内 クリーニングの専門 店	 -	訪問特化型車内の清掃専門業者	 -	灯油 コーヒーこぼしおまかせ	 -	車 シート 汚れ 落とし 方	 -	18000円からシート車内洗浄対応	 -	１シートのみでもOK 圧倒的洗浄	 -	"""軽 自動車 クリーニング"""	 -	"""車 灯油 こぼし クリーニング"""	 -	沖縄県で車 おもらしの臭いや汚れにお困りなら。専用洗剤とプロの技術で徹底除去。	 -	車内の車 おもらしは放置すると悪化します。今すぐ専門家へお任せください。	 -	出張費無料で駆けつけます！	 -	使用後は無害になる特殊な洗剤を使用 清掃後は赤ちゃんペットにも無害です。専用の機材を使用	 -	{LOCATION(City):沖縄}清掃出張車	車内臭い														Enabled	Enabled	Enabled	Approved	Good	
426-779-6658	和歌山車	沖縄県＿車内クリーニング																														消臭_湿気カビ																																																				https://carinteriorcleaning.jp/regions/okinawa/shanai-nioi/					Responsive search ad	【{LOCATION(City):沖縄}】出張車内クリーニング	 -	沖縄 湿気 車内 臭い	 -	最短即日対応！プロの消臭・洗浄	 -	【電話相談】まずはお電話を	 -	見積もり無料	 -	"""車 シート クリーニング 業者"""	 -	立会不要で清掃作業で時間も有効	 -	出張車内 クリーニングの専門 店	 -	訪問特化型車内の清掃専門業者	 -	灯油 コーヒーこぼしおまかせ	 -	車 シート 汚れ 落とし 方	 -	18000円からシート車内洗浄対応	 -	１シートのみでもOK 圧倒的洗浄	 -	"""軽 自動車 クリーニング"""	 -	"""車 灯油 こぼし クリーニング"""	 -	沖縄県で車 うんこの臭いや汚れにお困りなら。専用洗剤とプロの技術で徹底除去。	 -	車内の車 うんこは放置すると悪化します。今すぐ専門家へお任せください。	 -	出張費無料で駆けつけます！	 -	使用後は無害になる特殊な洗剤を使用 清掃後は赤ちゃんペットにも無害です。専用の機材を使用	 -	{LOCATION(City):沖縄}清掃出張車	車内臭い														Enabled	Enabled	Enabled	Approved	Good	
426-779-6658	和歌山車	沖縄県＿車内クリーニング																														エアコン_エバポレーター	95																																										エアコン エバポレーター	Phrase	240	648	648		 -	 -	 -	https://carinteriorcleaning.jp/regions/okinawa/evaporator-senjo/																																																											Enabled	Enabled	Enabled	Approved		
426-779-6658	和歌山車	沖縄県＿車内クリーニング																														エアコン_エバポレーター																																																				https://carinteriorcleaning.jp/regions/okinawa/evaporator-senjo/					Responsive search ad	【{LOCATION(City):沖縄}】出張車内クリーニング	 -	車 エアコン 臭い 取れない プロ	 -	最短即日対応！プロの消臭・洗浄	 -	【電話相談】まずはお電話を	 -	見積もり無料	 -	"""車 シート クリーニング 業者"""	 -	立会不要で清掃作業で時間も有効	 -	出張車内 クリーニングの専門 店	 -	訪問特化型車内の清掃専門業者	 -	灯油 コーヒーこぼしおまかせ	 -	車 シート 汚れ 落とし 方	 -	18000円からシート車内洗浄対応	 -	１シートのみでもOK 圧倒的洗浄	 -	"""軽 自動車 クリーニング"""	 -	"""車 灯油 こぼし クリーニング"""	 -	沖縄県で中古車タバコ臭の臭いや汚れにお困りなら。専用洗剤とプロの技術で徹底除去。	 -	車内の中古車タバコ臭は放置すると悪化します。今すぐ専門家へお任せください。	 -	出張費無料で駆けつけます！	 -	使用後は無害になる特殊な洗剤を使用 清掃後は赤ちゃんペットにも無害です。専用の機材を使用	 -	{LOCATION(City):沖縄}清掃出張車	エバポ洗浄														Enabled	Enabled	Enabled	Approved	Average	
426-779-6658	和歌山車	沖縄県＿車内クリーニング																														エアコン_エバポレーター																																																				https://carinteriorcleaning.jp/regions/okinawa/evaporator-senjo/					Responsive search ad	【{LOCATION(City):沖縄}】出張車内クリーニング	 -	車 エアコン 咳 目が痒い 洗浄	 -	最短即日対応！プロの消臭・洗浄	 -	【電話相談】まずはお電話を	 -	見積もり無料	 -	"""車 シート クリーニング 業者"""	 -	立会不要で清掃作業で時間も有効	 -	出張車内 クリーニングの専門 店	 -	訪問特化型車内の清掃専門業者	 -	灯油 コーヒーこぼしおまかせ	 -	車 シート 汚れ 落とし 方	 -	18000円からシート車内洗浄対応	 -	１シートのみでもOK 圧倒的洗浄	 -	"""軽 自動車 クリーニング"""	 -	"""車 灯油 こぼし クリーニング"""	 -	沖縄県で車シート クリーニングの臭いや汚れにお困りなら。専用洗剤とプロの技術で徹底除去。	 -	車内の車シート クリーニングは放置すると悪化します。今すぐ専門家へお任せください。	 -	出張費無料で駆けつけます！	 -	使用後は無害になる特殊な洗剤を使用 清掃後は赤ちゃんペットにも無害です。専用の機材を使用	 -	{LOCATION(City):沖縄}清掃出張車	エバポ洗浄														Enabled	Enabled	Enabled	Approved	Average	
426-779-6658	和歌山車	沖縄県＿車内クリーニング																														エアコン_エバポレーター																																																				https://carinteriorcleaning.jp/regions/okinawa/evaporator-senjo/					Responsive search ad	【{LOCATION(City):沖縄}】出張車内クリーニング	 -	車内クリーニング エバポレータ	 -	最短即日対応！プロの消臭・洗浄	 -	【電話相談】まずはお電話を	 -	見積もり無料	 -	"""車 シート クリーニング 業者"""	 -	立会不要で清掃作業で時間も有効	 -	出張車内 クリーニングの専門 店	 -	訪問特化型車内の清掃専門業者	 -	灯油 コーヒーこぼしおまかせ	 -	車 シート 汚れ 落とし 方	 -	18000円からシート車内洗浄対応	 -	１シートのみでもOK 圧倒的洗浄	 -	"""軽 自動車 クリーニング"""	 -	"""車 灯油 こぼし クリーニング"""	 -	沖縄県で車 おもらしの臭いや汚れにお困りなら。専用洗剤とプロの技術で徹底除去。	 -	車内の車 おもらしは放置すると悪化します。今すぐ専門家へお任せください。	 -	出張費無料で駆けつけます！	 -	使用後は無害になる特殊な洗剤を使用 清掃後は赤ちゃんペットにも無害です。専用の機材を使用	 -	{LOCATION(City):沖縄}清掃出張車	エバポ洗浄														Enabled	Enabled	Enabled	Approved	Poor	
426-779-6658	和歌山車	沖縄県＿車内クリーニング																														AG_エアコン_エバポ	95																																										エアコン エバポレーター	Phrase	205	359	359		 -	 -	 -	https://carinteriorcleaning.jp/regions/okinawa/evaporator-senjo/																																																											Enabled	Enabled	Enabled	Approved		
426-779-6658	和歌山車	沖縄県＿車内クリーニング																														AG_エアコン_エバポ																																																				https://carinteriorcleaning.jp/regions/okinawa/evaporator-senjo/					Responsive search ad	【{LOCATION(City):沖縄}】出張車内クリーニング	 -	沖縄 エアコン 臭い 車	 -	最短即日対応！プロの消臭・洗浄	 -	【電話相談】まずはお電話を	 -	見積もり無料	 -	"""車 シート クリーニング 業者"""	 -	立会不要で清掃作業で時間も有効	 -	出張車内 クリーニングの専門 店	 -	訪問特化型車内の清掃専門業者	 -	灯油 コーヒーこぼしおまかせ	 -	車 シート 汚れ 落とし 方	 -	18000円からシート車内洗浄対応	 -	１シートのみでもOK 圧倒的洗浄	 -	"""軽 自動車 クリーニング"""	 -	"""車 灯油 こぼし クリーニング"""	 -	沖縄県で車 うんこの臭いや汚れにお困りなら。専用洗剤とプロの技術で徹底除去。	 -	車内の車 うんこは放置すると悪化します。今すぐ専門家へお任せください。	 -	出張費無料で駆けつけます！	 -	使用後は無害になる特殊な洗剤を使用 清掃後は赤ちゃんペットにも無害です。専用の機材を使用	 -	{LOCATION(City):沖縄}清掃出張車	エバポ洗浄														Enabled	Enabled	Enabled	Approved	Average	
426-779-6658	和歌山車	沖縄県＿車内クリーニング																														AG_エアコン_エバポ																																																				https://carinteriorcleaning.jp/regions/okinawa/evaporator-senjo/					Responsive search ad	【{LOCATION(City):沖縄}】出張車内クリーニング	 -	沖縄 エバポレーター洗浄 出張	 -	最短即日対応！プロの消臭・洗浄	 -	【電話相談】まずはお電話を	 -	見積もり無料	 -	"""車 シート クリーニング 業者"""	 -	立会不要で清掃作業で時間も有効	 -	出張車内 クリーニングの専門 店	 -	訪問特化型車内の清掃専門業者	 -	灯油 コーヒーこぼしおまかせ	 -	車 シート 汚れ 落とし 方	 -	18000円からシート車内洗浄対応	 -	１シートのみでもOK 圧倒的洗浄	 -	"""軽 自動車 クリーニング"""	 -	"""車 灯油 こぼし クリーニング"""	 -	沖縄県で車 おしっこの臭いや汚れにお困りなら。専用洗剤とプロの技術で徹底除去。	 -	車内の車 おしっこは放置すると悪化します。今すぐ専門家へお任せください。	 -	出張費無料で駆けつけます！	 -	使用後は無害になる特殊な洗剤を使用 清掃後は赤ちゃんペットにも無害です。専用の機材を使用	 -	{LOCATION(City):沖縄}清掃出張車	エバポ洗浄														Enabled	Enabled	Enabled	Approved	Average	
426-779-6658	和歌山車	沖縄県＿車内クリーニング																														条件_出張	95																																										条件 出張	Phrase					 -	 -	 -	https://carinteriorcleaning.jp/regions/okinawa/shutchou-senmon/																																																											Enabled	Enabled	Enabled	Approved		
426-779-6658	和歌山車	沖縄県＿車内クリーニング																														条件_出張																																																				https://carinteriorcleaning.jp/regions/okinawa/shutchou-senmon/					Responsive search ad	【{LOCATION(City):沖縄}】出張車内クリーニング	 -	車内清掃 出張 料金 いくら	 -	最短即日対応！プロの消臭・洗浄	 -	【電話相談】まずはお電話を	 -	見積もり無料	 -	"""車 シート クリーニング 業者"""	 -	立会不要で清掃作業で時間も有効	 -	出張車内 クリーニングの専門 店	 -	訪問特化型車内の清掃専門業者	 -	灯油 コーヒーこぼしおまかせ	 -	車 シート 汚れ 落とし 方	 -	18000円からシート車内洗浄対応	 -	１シートのみでもOK 圧倒的洗浄	 -	"""軽 自動車 クリーニング"""	 -	"""車 灯油 こぼし クリーニング"""	 -	沖縄県で車 うんこの臭いや汚れにお困りなら。専用洗剤とプロの技術で徹底除去。	 -	車内の車 うんこは放置すると悪化します。今すぐ専門家へお任せください。	 -	出張費無料で駆けつけます！	 -	使用後は無害になる特殊な洗剤を使用 清掃後は赤ちゃんペットにも無害です。専用の機材を使用	 -	{LOCATION(City):沖縄}清掃出張車	出張専門														Enabled	Enabled	Enabled	Approved	Average	
426-779-6658	和歌山車	沖縄県＿車内クリーニング																														条件_出張																																																				https://carinteriorcleaning.jp/regions/okinawa/shutchou-senmon/					Responsive search ad	【{LOCATION(City):沖縄}】出張車内クリーニング	 -	沖縄 出張 車内清掃 即日	 -	最短即日対応！プロの消臭・洗浄	 -	【電話相談】まずはお電話を	 -	見積もり無料	 -	"""車 シート クリーニング 業者"""	 -	立会不要で清掃作業で時間も有効	 -	出張車内 クリーニングの専門 店	 -	訪問特化型車内の清掃専門業者	 -	灯油 コーヒーこぼしおまかせ	 -	車 シート 汚れ 落とし 方	 -	18000円からシート車内洗浄対応	 -	１シートのみでもOK 圧倒的洗浄	 -	"""軽 自動車 クリーニング"""	 -	"""車 灯油 こぼし クリーニング"""	 -	沖縄県で車 おしっこの臭いや汚れにお困りなら。専用洗剤とプロの技術で徹底除去。	 -	車内の車 おしっこは放置すると悪化します。今すぐ専門家へお任せください。	 -	出張費無料で駆けつけます！	 -	使用後は無害になる特殊な洗剤を使用 清掃後は赤ちゃんペットにも無害です。専用の機材を使用	 -	{LOCATION(City):沖縄}清掃出張車	出張専門														Enabled	Enabled	Enabled	Approved	Average	
426-779-6658	和歌山車	沖縄県＿車内クリーニング																														条件_出張																																																				https://carinteriorcleaning.jp/regions/okinawa/shutchou-senmon/					Responsive search ad	【{LOCATION(City):沖縄}】出張車内クリーニング	 -	沖縄 車内クリーニング 出張	 -	最短即日対応！プロの消臭・洗浄	 -	【電話相談】まずはお電話を	 -	見積もり無料	 -	"""車 シート クリーニング 業者"""	 -	立会不要で清掃作業で時間も有効	 -	出張車内 クリーニングの専門 店	 -	訪問特化型車内の清掃専門業者	 -	灯油 コーヒーこぼしおまかせ	 -	車 シート 汚れ 落とし 方	 -	18000円からシート車内洗浄対応	 -	１シートのみでもOK 圧倒的洗浄	 -	"""軽 自動車 クリーニング"""	 -	"""車 灯油 こぼし クリーニング"""	 -	沖縄県で車 加齢臭の臭いや汚れにお困りなら。専用洗剤とプロの技術で徹底除去。	 -	車内の車 加齢臭は放置すると悪化します。今すぐ専門家へお任せください。	 -	出張費無料で駆けつけます！	 -	使用後は無害になる特殊な洗剤を使用 清掃後は赤ちゃんペットにも無害です。専用の機材を使用	 -	{LOCATION(City):沖縄}清掃出張車	出張専門														Enabled	Enabled	Enabled	Approved	Average	
426-779-6658	和歌山車	宮城県＿車内クリーニング																														int宮城_通常清掃	90																																										車 嘔吐 クリーニング 業者	Phrase	82				 -	 -	 -																																																												Enabled	Enabled	Removed	Approved		MOVE_TO:車 嘔吐 クリーニング
426-779-6658	和歌山車	宮城県＿車内クリーニング																														int宮城_通常清掃	90																																										車内 クリーニング 嘔吐 宮城	Phrase	85				 -	 -	 -	https://carinteriorcleaning.jp/regions/miyagi/																																																											Enabled	Enabled	Removed	Approved		MOVE_TO:車 嘔吐 クリーニング
426-779-6658	和歌山車	宮城県＿車内クリーニング																														int宮城_通常清掃	90																																										車内 クリーニング 嘔吐	Phrase	138				 -	 -	 -																																																												Enabled	Enabled	Removed	Approved		MOVE_TO:車 嘔吐 クリーニング
426-779-6658	和歌山車	宮城県＿車内クリーニング																														int宮城_通常清掃	90																																										車 ゲロ クリーニング	Phrase	137				 -	 -	 -																																																												Enabled	Enabled	Removed	Approved		MOVE_TO:車 嘔吐 クリーニング
426-779-6658	和歌山車	宮城県＿車内クリーニング																														int宮城_通常清掃	90																																										車 嘔吐 臭い 取れ ない	Phrase	117				 -	 -	 -																																																												Enabled	Enabled	Removed	Approved		MOVE_TO:車 嘔吐 クリーニング
426-779-6658	和歌山車	宮城県＿車内クリーニング																														int宮城_通常清掃	90																																										ゲロ 臭い 消し 車	Phrase	212				 -	 -	 -																																																												Enabled	Enabled	Removed	Approved		MOVE_TO:車 嘔吐 クリーニング
426-779-6658	和歌山車	宮城県＿車内クリーニング																														int宮城_通常清掃	90																																										シート ベルト 嘔吐 臭い	Phrase	446	446	446		 -	 -	 -	https://carinteriorcleaning.jp/regions/miyagi/																																																											Enabled	Enabled	Removed	Approved		MOVE_TO:車 嘔吐 クリーニング
426-779-6658	和歌山車	宮城県＿車内クリーニング																														int宮城_通常清掃	90																																										車内 清掃 プロ	Phrase	154	154	273		 -	 -	 -	https://carinteriorcleaning.jp/regions/miyagi/interior-cleaning/																																																											Enabled	Enabled	Enabled	Approved		
426-779-6658	和歌山車	宮城県＿車内クリーニング																														int宮城_通常清掃	90																																										車内 クリーニング 嘔吐 どこに 頼む	Phrase	142				 -	 -	 -																																																												Enabled	Enabled	Removed	Approved		MOVE_TO:車 嘔吐 クリーニング
426-779-6658	和歌山車	宮城県＿車内クリーニング																														int宮城_通常清掃	90																																										車 吐瀉 物 掃除	Phrase	668				 -	 -	 -																																																												Enabled	Enabled	Removed	Approved		MOVE_TO:車 嘔吐 クリーニング
426-779-6658	和歌山車	宮城県＿車内クリーニング																														int宮城_通常清掃	90																																										車内 ゲロ クリーニング	Phrase	223				 -	 -	 -																																																												Enabled	Enabled	Removed	Approved		MOVE_TO:車 嘔吐 クリーニング
426-779-6658	和歌山車	宮城県＿車内クリーニング																														int宮城_通常清掃	90																																										車内 嘔吐	Phrase	181				 -	 -	 -																																																												Enabled	Enabled	Removed	Approved		MOVE_TO:車 嘔吐 クリーニング
426-779-6658	和歌山車	宮城県＿車内クリーニング																														int宮城_通常清掃	90																																										車内 クリーニング 専門 業者	Phrase	75	75	140	6	Average	Average	Average	https://carinteriorcleaning.jp/regions/miyagi/interior-cleaning/																																																											Enabled	Enabled	Enabled	Approved		
426-779-6658	和歌山車	宮城県＿車内クリーニング																														int宮城_通常清掃	90																																										車内 ゲロ 掃除	Phrase	157				 -	 -	 -																																																												Enabled	Enabled	Removed	Approved		MOVE_TO:車 嘔吐 クリーニング
426-779-6658	和歌山車	宮城県＿車内クリーニング																														int宮城_通常清掃	90																																										車 クリーニング 嘔吐	Phrase	148				 -	 -	 -																																																												Enabled	Enabled	Removed	Approved		MOVE_TO:車 嘔吐 クリーニング
426-779-6658	和歌山車	宮城県＿車内クリーニング																														int宮城_通常清掃	90																																										車 嘔吐 クリーニング	Phrase	114				 -	 -	 -																																																												Enabled	Enabled	Removed	Approved		MOVE_TO:車 嘔吐 クリーニング
426-779-6658	和歌山車	宮城県＿車内クリーニング																														int宮城_通常清掃	90																																										シート ベルト 嘔吐 掃除	Phrase	297				 -	 -	 -																																																												Enabled	Enabled	Removed	Approved		MOVE_TO:車 嘔吐 クリーニング
426-779-6658	和歌山車	宮城県＿車内クリーニング																														int宮城_通常清掃	90																																										車 ゲロ 掃除	Phrase	193				 -	 -	 -																																																												Enabled	Enabled	Removed	Approved		MOVE_TO:車 嘔吐 クリーニング
426-779-6658	和歌山車	宮城県＿車内クリーニング																														int宮城_通常清掃	90																																										車内 クリーニング 専門 店 宮城	Broad	86	227	227	4	Below average	Average	Average	https://carinteriorcleaning.jp/regions/miyagi/interior-cleaning/																																																											Enabled	Enabled	Enabled	Approved		
426-779-6658	和歌山車	宮城県＿車内クリーニング																														int宮城_通常清掃	90																																										車内 嘔吐 臭い 消し	Phrase	322				 -	 -	 -																																																												Enabled	Enabled	Removed	Approved		MOVE_TO:車 嘔吐 クリーニング
426-779-6658	和歌山車	宮城県＿車内クリーニング																														int宮城_通常清掃	90																																										車内 吐い た 掃除	Phrase	341	341	341		 -	 -	 -																																																												Enabled	Enabled	Removed	Approved		MOVE_TO:車 嘔吐 クリーニング
426-779-6658	和歌山車	宮城県＿車内クリーニング																														int宮城_通常清掃																																																				https://carinteriorcleaning.jp/regions/miyagi/interior-cleaning/					Responsive search ad	【{LOCATION(City):宮城}】出張車内クリーニング	 -	【92%満足】出張車内清掃	 -	【期間限定】今だけキャンペーン	 -	365日無休24時間受付中LINE対応	 -	{keyword:出張車内清掃}嘔吐（ゲロ）即対応	 -	"""車 シート クリーニング 業者"""	 -	立会不要で清掃作業で時間も有効	 -	出張車内 クリーニングの専門 店	 -	訪問特化型車内の清掃専門業者	 -	灯油 コーヒーこぼしおまかせ	 -	洗浄後無害になる特殊洗剤を使用	 -	18000円からシート車内洗浄対応	 -	１シートのみでもOK 圧倒的洗浄	 -	"""軽 自動車 クリーニング"""	 -	"""車 灯油 こぼし クリーニング"""	 -	{LOCATION(City):宮城}【地元密着】車内清掃 特急便365日24時間受付中！電話で指定場所まで清掃に出張致します	 -	出張車内清掃 会社のお車を2台以上は、さらに割引 お得な出張車内クリーニング	 -	どこでも出張！ マンションや、会社の駐車場まで出張して、電源無しでも車内清掃のプロが作業	 -	使用後は無害になる特殊な洗剤を使用 清掃後は赤ちゃんペットにも無害です。専用の機材を使用	 -	{LOCATION(City):宮城}清掃出張車	車内清掃														Enabled	Enabled	Enabled	Approved	Excellent	
426-779-6658	和歌山車	宮城県＿車内クリーニング																														車内の臭い																																																				https://carinteriorcleaning.jp/regions/miyagi/shanai-nioi/					Responsive search ad	【{LOCATION(City):宮城}】出張車内クリーニング	 -	宮城府の車内の臭いクリーニング	 -	最短即日対応！プロの消臭・洗浄	 -	【電話相談】まずはお電話を	 -	見積もり無料	 -	"""車 シート クリーニング 業者"""	 -	立会不要で清掃作業で時間も有効	 -	出張車内 クリーニングの専門 店	 -	訪問特化型車内の清掃専門業者	 -	灯油 コーヒーこぼしおまかせ	 -	洗浄後無害になる特殊洗剤を使用	 -	18000円からシート車内洗浄対応	 -	１シートのみでもOK 圧倒的洗浄	 -	"""軽 自動車 クリーニング"""	 -	"""車 灯油 こぼし クリーニング"""	 -	宮城県で車内の臭いの臭いや汚れにお困りなら。専用洗剤とプロの技術で徹底除去。	 -	車内の車内の臭いは放置すると悪化します。今すぐ専門家へお任せください。	 -	出張費無料で駆けつけます！	 -	使用後は無害になる特殊な洗剤を使用 清掃後は赤ちゃんペットにも無害です。専用の機材を使用	 -	{LOCATION(City):宮城}清掃出張車	車内臭い														Enabled	Enabled	Enabled	Approved	Excellent	
426-779-6658	和歌山車	宮城県＿車内クリーニング																														車　 汗																																										None	"嘔吐""""灯油""""エアコン"	Negative Phrase																																																																			Enabled	Enabled	Removed			SPLIT_TO:嘔吐/灯油/エアコン
426-779-6658	和歌山車	宮城県＿車内クリーニング																														車　 汗																																																				https://carinteriorcleaning.jp/regions/miyagi/ase/					Responsive search ad	【{LOCATION(City):宮城}】出張車内クリーニング	 -	宮城府の車 汗クリーニング	 -	最短即日対応！プロの消臭・洗浄	 -	【電話相談】まずはお電話を	 -	見積もり無料	 -	"""車 シート クリーニング 業者"""	 -	立会不要で清掃作業で時間も有効	 -	出張車内 クリーニングの専門 店	 -	訪問特化型車内の清掃専門業者	 -	灯油 コーヒーこぼしおまかせ	 -	洗浄後無害になる特殊洗剤を使用	 -	18000円からシート車内洗浄対応	 -	１シートのみでもOK 圧倒的洗浄	 -	"""軽 自動車 クリーニング"""	 -	"""車 灯油 こぼし クリーニング"""	 -	宮城県で車 汗の臭いや汚れにお困りなら。専用洗剤とプロの技術で徹底除去。	 -	車内の車 汗は放置すると悪化します。今すぐ専門家へお任せください。	 -	出張費無料で駆けつけます！	 -	使用後は無害になる特殊な洗剤を使用 清掃後は赤ちゃんペットにも無害です。専用の機材を使用	 -	{LOCATION(City):宮城}清掃出張車	汗ニオイ清掃														Enabled	Enabled	Enabled	Approved	Excellent	
426-779-6658	和歌山車	宮城県＿車内クリーニング																														中古車タバコ臭																																																				https://carinteriorcleaning.jp/regions/miyagi/chuko-tabako/					Responsive search ad	【{LOCATION(City):宮城}】出張車内クリーニング	 -	中古車タバコ臭クリーニング	 -	最短即日対応！プロの消臭・洗浄	 -	【電話相談】まずはお電話を	 -	見積もり無料	 -	"""車 シート クリーニング 業者"""	 -	立会不要で清掃作業で時間も有効	 -	出張車内 クリーニングの専門 店	 -	訪問特化型車内の清掃専門業者	 -	灯油 コーヒーこぼしおまかせ	 -	洗浄後無害になる特殊洗剤を使用	 -	18000円からシート車内洗浄対応	 -	１シートのみでもOK 圧倒的洗浄	 -	"""軽 自動車 クリーニング"""	 -	"""車 灯油 こぼし クリーニング"""	 -	宮城県で中古車タバコ臭の臭いや汚れにお困りなら。専用洗剤とプロの技術で徹底除去。	 -	車内の中古車タバコ臭は放置すると悪化します。今すぐ専門家へお任せください。	 -	出張費無料で駆けつけます！	 -	使用後は無害になる特殊な洗剤を使用 清掃後は赤ちゃんペットにも無害です。専用の機材を使用	 -	{LOCATION(City):宮城}清掃出張車	タバコ臭清掃														Enabled	Enabled	Enabled	Approved	Excellent	
426-779-6658	和歌山車	宮城県＿車内クリーニング																														中古車加齢臭																																																				https://carinteriorcleaning.jp/regions/miyagi/chuko-kareisyu/					Responsive search ad	【{LOCATION(City):宮城}】出張車内クリーニング	 -	中古車加齢臭クリーニング	 -	最短即日対応！プロの消臭・洗浄	 -	【電話相談】まずはお電話を	 -	見積もり無料	 -	"""車 シート クリーニング 業者"""	 -	立会不要で清掃作業で時間も有効	 -	出張車内 クリーニングの専門 店	 -	訪問特化型車内の清掃専門業者	 -	灯油 コーヒーこぼしおまかせ	 -	洗浄後無害になる特殊洗剤を使用	 -	18000円からシート車内洗浄対応	 -	１シートのみでもOK 圧倒的洗浄	 -	"""軽 自動車 クリーニング"""	 -	"""車 灯油 こぼし クリーニング"""	 -	宮城県で中古車加齢臭の臭いや汚れにお困りなら。専用洗剤とプロの技術で徹底除去。	 -	車内の中古車加齢臭は放置すると悪化します。今すぐ専門家へお任せください。	 -	出張費無料で駆けつけます！	 -	使用後は無害になる特殊な洗剤を使用 清掃後は赤ちゃんペットにも無害です。専用の機材を使用	 -	{LOCATION(City):宮城}清掃出張車	加齢臭消臭														Enabled	Enabled	Enabled	Approved	Excellent	
426-779-6658	和歌山車	宮城県＿車内クリーニング																														車ペット毛																																																				https://carinteriorcleaning.jp/regions/miyagi/pet-ke/					Responsive search ad	【{LOCATION(City):宮城}】出張車内クリーニング	 -	宮城府の車ペット毛クリーニング	 -	最短即日対応！プロの消臭・洗浄	 -	【電話相談】まずはお電話を	 -	見積もり無料	 -	"""車 シート クリーニング 業者"""	 -	立会不要で清掃作業で時間も有効	 -	出張車内 クリーニングの専門 店	 -	訪問特化型車内の清掃専門業者	 -	灯油 コーヒーこぼしおまかせ	 -	洗浄後無害になる特殊洗剤を使用	 -	18000円からシート車内洗浄対応	 -	１シートのみでもOK 圧倒的洗浄	 -	"""軽 自動車 クリーニング"""	 -	"""車 灯油 こぼし クリーニング"""	 -	宮城県で車ペット毛の臭いや汚れにお困りなら。専用洗剤とプロの技術で徹底除去。	 -	車内の車ペット毛は放置すると悪化します。今すぐ専門家へお任せください。	 -	出張費無料で駆けつけます！	 -	使用後は無害になる特殊な洗剤を使用 清掃後は赤ちゃんペットにも無害です。専用の機材を使用	 -	{LOCATION(City):宮城}清掃出張車	ペット毛清掃														Enabled	Enabled	Enabled	Approved	Excellent	
426-779-6658	和歌山車	宮城県＿車内クリーニング																														車 嘔吐 クリーニング																																																				https://carinteriorcleaning.jp/regions/miyagi/kyuto-cleaning/					Responsive search ad	【{LOCATION(City):宮城}】出張車内クリーニング	 -	車 嘔吐 クリーニング	 -	最短即日対応！プロの消臭・洗浄	 -	【電話相談】まずはお電話を	 -	見積もり無料	 -	"""車 シート クリーニング 業者"""	 -	立会不要で清掃作業で時間も有効	 -	出張車内 クリーニングの専門 店	 -	訪問特化型車内の清掃専門業者	 -	灯油 コーヒーこぼしおまかせ	 -	車 シート 汚れ 落とし 方	 -	18000円からシート車内洗浄対応	 -	１シートのみでもOK 圧倒的洗浄	 -	"""軽 自動車 クリーニング"""	 -	"""車 車 嘔吐 クリーニンググ"""	 -	宮城県で車 嘔吐 クリーニング 臭いや汚れにお困りなら。専用洗剤とプロの技術で徹底除去。	 -	車 嘔吐 クリーニング。今すぐ専門家へお任せください。	 -	出張費無料で駆けつけます！	 -	使用後は無害になる特殊な洗剤を使用 清掃後は赤ちゃんペットにも無害です。専用の機材を使用	 -	{LOCATION(City):愛知}清掃出張車	嘔吐ニオイ清掃														Enabled	Enabled	Enabled	Approved	Excellent	
426-779-6658	和歌山車	宮城県＿車内クリーニング																														車 匂い 消し・消臭洗浄																																																				https://carinteriorcleaning.jp/regions/miyagi/kuruma-nioi-keshi/					Responsive search ad	【{LOCATION(City):宮城}】出張車内クリーニング	 -	車 匂い 消し消臭洗浄	 -	最短即日対応！プロの消臭・洗浄	 -	【電話相談】まずはお電話を	 -	見積もり無料	 -	"""車 匂い 消し消臭洗浄 業者"""	 -	立会不要で清掃作業で時間も有効	 -	車 匂い 消し消臭洗浄の専門 店	 -	訪問特化型車内の清掃専門業者	 -	灯油 コーヒーこぼしもおまかせ	 -	車 シート 汚れ 落とし	 -	18000円からシート車内洗浄対応	 -	１シートのみでもOK 圧倒的洗浄	 -	"""軽 自動車 クリーニング"""	 -	出張車 匂い 消し消臭洗浄	 -	宮城県で車 匂い 消し消臭洗浄や汚れにお困りなら。専用洗剤とプロの技術で徹底除去。	 -	車内の車 匂い 消し消臭洗浄。今すぐ専門家へお任せください。	 -	出張費無料で駆けつけます！	 -	使用後は無害になる特殊な洗剤を使用 清掃後は赤ちゃんペットにも無害です。専用の機材を使用	 -	{LOCATION(City):宮城}清掃出張車	匂い消し														Enabled	Enabled	Enabled	Approved	Excellent	
426-779-6658	和歌山車	宮城県＿車内クリーニング																														車　 おもらし																																										None	"嘔吐""""灯油""""エアコン"	Negative Phrase																																																																			Enabled	Enabled	Removed			SPLIT_TO:嘔吐/灯油/エアコン
426-779-6658	和歌山車	宮城県＿車内クリーニング																														車　 おもらし	90																																										車 おもらし	Phrase	183	421	421		 -	 -	 -	https://carinteriorcleaning.jp/regions/miyagi/omorashi/																																																											Enabled	Enabled	Enabled	Approved		
426-779-6658	和歌山車	宮城県＿車内クリーニング																														車　 おもらし																																																				https://carinteriorcleaning.jp/regions/miyagi/omorashi/					Responsive search ad	【{LOCATION(City):宮城}】出張車内クリーニング	 -	宮城の車 おもらしくリーニング	 -	最短即日対応！プロの消臭・洗浄	 -	【電話相談】まずはお電話を	 -	見積もり無料	 -	"""車 シート クリーニング 業者"""	 -	立会不要で清掃作業で時間も有効	 -	出張車内 クリーニングの専門 店	 -	訪問特化型車内の清掃専門業者	 -	灯油 コーヒーこぼしおまかせ	 -	洗浄後無害になる特殊洗剤を使用	 -	18000円からシート車内洗浄対応	 -	１シートのみでもOK 圧倒的洗浄	 -	"""軽 自動車 クリーニング"""	 -	"""車 灯油 こぼし クリーニング"""	 -	宮城県で車 おもらしの臭いや汚れにお困りなら。専用洗剤とプロの技術で徹底除去。	 -	車内の車 おもらしは放置すると悪化します。今すぐ専門家へお任せください。	 -	出張費無料で駆けつけます！	 -	使用後は無害になる特殊な洗剤を使用 清掃後は赤ちゃんペットにも無害です。専用の機材を使用	 -	{LOCATION(City):宮城}清掃出張車	おもらし清掃														Enabled	Enabled	Enabled	Approved	Average	
426-779-6658	和歌山車	宮城県＿車内クリーニング																														車　 エアコン臭い																																																				https://carinteriorcleaning.jp/regions/miyagi/ac-nioi/					Responsive search ad	【{LOCATION(City):宮城}】出張車内クリーニング	 -	車 エアコン臭いクリーニング	 -	最短即日対応！プロの消臭・洗浄	 -	【電話相談】まずはお電話を	 -	見積もり無料	 -	"""車 シート クリーニング 業者"""	 -	立会不要で清掃作業で時間も有効	 -	出張車内 クリーニングの専門 店	 -	訪問特化型車内の清掃専門業者	 -	灯油 コーヒーこぼしおまかせ	 -	洗浄後無害になる特殊洗剤を使用	 -	18000円からシート車内洗浄対応	 -	１シートのみでもOK 圧倒的洗浄	 -	"""軽 自動車 クリーニング"""	 -	"""車 灯油 こぼし クリーニング"""	 -	宮城県で車 エアコンの臭いや汚れにお困りなら。専用洗剤とプロの技術で徹底除去。	 -	車内の車 エアコン臭いは放置すると悪化します。今すぐ専門家へお任せください。	 -	出張費無料で駆けつけます！	 -	使用後は無害になる特殊な洗剤を使用 清掃後は赤ちゃんペットにも無害です。専用の機材を使用	 -	{LOCATION(City):宮城}清掃出張車	エアコン臭い														Enabled	Enabled	Enabled	Approved	Pending	
426-779-6658	和歌山車	宮城県＿車内クリーニング																														車　加齢臭																																																				https://carinteriorcleaning.jp/regions/miyagi/kareisyu/					Responsive search ad	【{LOCATION(City):宮城}】出張車内クリーニング	 -	宮城府の車 加齢臭クリーニング	 -	最短即日対応！プロの消臭・洗浄	 -	【電話相談】まずはお電話を	 -	見積もり無料	 -	"""車 シート クリーニング 業者"""	 -	立会不要で清掃作業で時間も有効	 -	出張車内 クリーニングの専門 店	 -	訪問特化型車内の清掃専門業者	 -	灯油 コーヒーこぼしおまかせ	 -	洗浄後無害になる特殊洗剤を使用	 -	18000円からシート車内洗浄対応	 -	１シートのみでもOK 圧倒的洗浄	 -	"""軽 自動車 クリーニング"""	 -	"""車 灯油 こぼし クリーニング"""	 -	宮城県で車 加齢臭の臭いや汚れにお困りなら。専用洗剤とプロの技術で徹底除去。	 -	車内の車 加齢臭は放置すると悪化します。今すぐ専門家へお任せください。	 -	出張費無料で駆けつけます！	 -	使用後は無害になる特殊な洗剤を使用 清掃後は赤ちゃんペットにも無害です。専用の機材を使用	 -	{LOCATION(City):宮城}清掃出張車	加齢臭消臭														Enabled	Enabled	Enabled	Approved	Excellent	
426-779-6658	和歌山車	宮城県＿車内クリーニング																														車　 ペット臭																																																				https://carinteriorcleaning.jp/regions/miyagi/pet-nioi/					Responsive search ad	【{LOCATION(City):宮城}】出張車内クリーニング	 -	宮城の車 ペット臭クリーニング	 -	最短即日対応！プロの消臭・洗浄	 -	【電話相談】まずはお電話を	 -	見積もり無料	 -	"""車 シート クリーニング 業者"""	 -	立会不要で清掃作業で時間も有効	 -	出張車内 クリーニングの専門 店	 -	訪問特化型車内の清掃専門業者	 -	灯油 コーヒーこぼしおまかせ	 -	洗浄後無害になる特殊洗剤を使用	 -	18000円からシート車内洗浄対応	 -	１シートのみでもOK 圧倒的洗浄	 -	"""軽 自動車 クリーニング"""	 -	"""車 灯油 こぼし クリーニング"""	 -	宮城県で車 ペット臭の臭いや汚れにお困りなら。専用洗剤とプロの技術で徹底除去。	 -	車内の車 ペット臭は放置すると悪化します。今すぐ専門家へお任せください。	 -	出張費無料で駆けつけます！	 -	使用後は無害になる特殊な洗剤を使用 清掃後は赤ちゃんペットにも無害です。専用の機材を使用	 -	{LOCATION(City):宮城}清掃出張車	ペット臭消臭														Enabled	Enabled	Enabled	Approved	Excellent	
426-779-6658	和歌山車	宮城県＿車内クリーニング																														車シート 洗浄																																																				https://carinteriorcleaning.jp/regions/miyagi/seat-senjo/					Responsive search ad	【{LOCATION(City):宮城}】出張車内クリーニング	 -	宮城車シート 洗浄クリーニング	 -	最短即日対応！プロの消臭・洗浄	 -	【電話相談】まずはお電話を	 -	見積もり無料	 -	"""車 シート クリーニング 業者"""	 -	立会不要で清掃作業で時間も有効	 -	出張車内 クリーニングの専門 店	 -	訪問特化型車内の清掃専門業者	 -	灯油 コーヒーこぼしおまかせ	 -	洗浄後無害になる特殊洗剤を使用	 -	18000円からシート車内洗浄対応	 -	１シートのみでもOK 圧倒的洗浄	 -	"""軽 自動車 クリーニング"""	 -	"""車 灯油 こぼし クリーニング"""	 -	宮城県で車シート 洗浄の臭いや汚れにお困りなら。専用洗剤とプロの技術で徹底除去。	 -	車内の車シート 洗浄は放置すると悪化します。今すぐ専門家へお任せください。	 -	出張費無料で駆けつけます！	 -	使用後は無害になる特殊な洗剤を使用 清掃後は赤ちゃんペットにも無害です。専用の機材を使用	 -	{LOCATION(City):宮城}清掃出張車	シート洗浄														Enabled	Enabled	Enabled	Approved	Excellent	
426-779-6658	和歌山車	宮城県＿車内クリーニング																														車シート クリーニング																																										None	"嘔吐""""灯油""""エアコン"	Negative Phrase																																																																			Enabled	Enabled	Removed			SPLIT_TO:嘔吐/灯油/エアコン
426-779-6658	和歌山車	宮城県＿車内クリーニング																														車シート クリーニング																																																				https://carinteriorcleaning.jp/regions/miyagi/seat-cleaning/					Responsive search ad	【{LOCATION(City):宮城}】出張車内クリーニング	 -	宮城車シート クリーニング	 -	最短即日対応！プロの消臭・洗浄	 -	【電話相談】まずはお電話を	 -	見積もり無料	 -	"""車 シート クリーニング 業者"""	 -	立会不要で清掃作業で時間も有効	 -	出張車内 クリーニングの専門 店	 -	訪問特化型車内の清掃専門業者	 -	灯油 コーヒーこぼしおまかせ	 -	洗浄後無害になる特殊洗剤を使用	 -	18000円からシート車内洗浄対応	 -	１シートのみでもOK 圧倒的洗浄	 -	"""軽 自動車 クリーニング"""	 -	"""車 灯油 こぼし クリーニング"""	 -	宮城県で車シート クリーニングの臭いや汚れにお困りなら。専用洗剤とプロの技術で徹底除去。	 -	車内の車シート クリーニングは放置すると悪化します。今すぐ専門家へお任せください。	 -	出張費無料で駆けつけます！	 -	使用後は無害になる特殊な洗剤を使用 清掃後は赤ちゃんペットにも無害です。専用の機材を使用	 -	{LOCATION(City):宮城}清掃出張車	シート清掃														Enabled	Enabled	Enabled	Approved	Excellent	
426-779-6658	和歌山車	宮城県＿車内クリーニング																														車　 おしっこ																																																				https://carinteriorcleaning.jp/regions/miyagi/oshikko/					Responsive search ad	【{LOCATION(City):宮城}】出張車内クリーニング	 -	宮城の車 おしっこクリーニング	 -	最短即日対応！プロの消臭・洗浄	 -	【電話相談】まずはお電話を	 -	見積もり無料	 -	"""車 シート クリーニング 業者"""	 -	立会不要で清掃作業で時間も有効	 -	出張車内 クリーニングの専門 店	 -	訪問特化型車内の清掃専門業者	 -	灯油 コーヒーこぼしおまかせ	 -	洗浄後無害になる特殊洗剤を使用	 -	18000円からシート車内洗浄対応	 -	１シートのみでもOK 圧倒的洗浄	 -	"""軽 自動車 クリーニング"""	 -	"""車 灯油 こぼし クリーニング"""	 -	宮城県で車 おしっこの臭いや汚れにお困りなら。専用洗剤とプロの技術で徹底除去。	 -	車内の車 おしっこは放置すると悪化します。今すぐ専門家へお任せください。	 -	出張費無料で駆けつけます！	 -	使用後は無害になる特殊な洗剤を使用 清掃後は赤ちゃんペットにも無害です。専用の機材を使用	 -	{LOCATION(City):宮城}清掃出張車	おしっこ消臭														Enabled	Enabled	Enabled	Approved	Excellent	
426-779-6658	和歌山車	宮城県＿車内クリーニング																														車　 うんこ																																																				https://carinteriorcleaning.jp/regions/miyagi/unko/					Responsive search ad	【{LOCATION(City):宮城}】出張車内クリーニング	 -	宮城の車 うんこクリーニング	 -	最短即日対応！プロの消臭・洗浄	 -	【電話相談】まずはお電話を	 -	見積もり無料	 -	"""車 シート クリーニング 業者"""	 -	立会不要で清掃作業で時間も有効	 -	出張車内 クリーニングの専門 店	 -	訪問特化型車内の清掃専門業者	 -	灯油 コーヒーこぼしおまかせ	 -	洗浄後無害になる特殊洗剤を使用	 -	18000円からシート車内洗浄対応	 -	１シートのみでもOK 圧倒的洗浄	 -	"""軽 自動車 クリーニング"""	 -	"""宮城の車 うんこクリーニング"""	 -	宮城県で車 うんこの臭いや汚れにお困りなら。専用洗剤とプロの技術で徹底除去。	 -	車内の車 うんこは放置すると悪化します。今すぐ専門家へお任せください。	 -	出張費無料で駆けつけます！	 -	使用後は無害になる特殊な洗剤を使用 清掃後は赤ちゃんペットにも無害です。専用の機材を使用	 -	{LOCATION(City):宮城}清掃出張車	うんこ清掃														Enabled	Enabled	Enabled	Approved	Average	
426-779-6658	和歌山車	宮城県＿車内クリーニング																														車の匂い取り																																										None	"嘔吐""""灯油""""エアコン"	Negative Phrase																																																																			Enabled	Enabled	Removed			SPLIT_TO:嘔吐/灯油/エアコン
426-779-6658	和歌山車	宮城県＿車内クリーニング																														車の匂い取り																																																				https://carinteriorcleaning.jp/regions/miyagi/kuruma-nioitori/					Responsive search ad	【{LOCATION(City):宮城}】出張車内クリーニング	 -	宮城の車の匂い取りクリーニング	 -	最短即日対応！プロの消臭・洗浄	 -	【電話相談】まずはお電話を	 -	見積もり無料	 -	"""車 シート クリーニング 業者"""	 -	立会不要で清掃作業で時間も有効	 -	出張車内 クリーニングの専門 店	 -	訪問特化型車内の清掃専門業者	 -	灯油 コーヒーこぼしおまかせ	 -	洗浄後無害になる特殊洗剤を使用	 -	18000円からシート車内洗浄対応	 -	１シートのみでもOK 圧倒的洗浄	 -	"""軽 自動車 クリーニング"""	 -	"""車 灯油 こぼし クリーニング"""	 -	宮城県で車の匂い取りの臭いや汚れにお困りなら。専用洗剤とプロの技術で徹底除去。	 -	車内の車の匂い取りは放置すると悪化します。今すぐ専門家へお任せください。	 -	出張費無料で駆けつけます！	 -	使用後は無害になる特殊な洗剤を使用 清掃後は赤ちゃんペットにも無害です。専用の機材を使用	 -	{LOCATION(City):宮城}清掃出張車	匂い取り														Enabled	Enabled	Enabled	Approved	Excellent	
426-779-6658	和歌山車	宮城県＿車内クリーニング																														車　 タバコの匂い汚れ・タバコのヤニ																																																				https://carinteriorcleaning.jp/regions/miyagi/tabako-yani/					Responsive search ad	【{LOCATION(City):宮城}】出張車内クリーニング	 -	車 タバコ匂い汚れクリーニング	 -	最短即日対応！プロの消臭・洗浄	 -	【電話相談】まずはお電話を	 -	見積もり無料	 -	"""車 シート クリーニング 業者"""	 -	立会不要で清掃作業で時間も有効	 -	出張車内 クリーニングの専門 店	 -	訪問特化型車内の清掃専門業者	 -	灯油 コーヒーこぼしおまかせ	 -	洗浄後無害になる特殊洗剤を使用	 -	18000円からシート車内洗浄対応	 -	１シートのみでもOK 圧倒的洗浄	 -	"""軽 自動車 クリーニング"""	 -	"""車 灯油 こぼし クリーニング"""	 -	宮城県で車 タバコの匂い汚れの臭いや汚れにお困りなら。専用洗剤とプロの技術で徹底除去。	 -	車内の車 タバコの匂い汚れは放置すると悪化します。今すぐ専門家へお任せください。	 -	出張費無料で駆けつけます！	 -	使用後は無害になる特殊な洗剤を使用 清掃後は赤ちゃんペットにも無害です。専用の機材を使用	 -	{LOCATION(City):宮城}清掃出張車	タバコヤニ清掃														Enabled	Enabled	Enabled	Approved	Good	
426-779-6658	和歌山車	宮城県＿車内クリーニング																														車内 灯油 こぼし																																																				https://carinteriorcleaning.jp/regions/miyagi/touyu-kobosi/					Responsive search ad	【{LOCATION(City):宮城}】出張車内クリーニング	 -	車内 灯油 こぼしクリーニング	 -	最短即日対応！プロの消臭・洗浄	 -	【電話相談】まずはお電話を	 -	見積もり無料	 -	"""車 シート クリーニング 業者"""	 -	立会不要で清掃作業で時間も有効	 -	出張車内 クリーニングの専門 店	 -	訪問特化型車内の清掃専門業者	 -	灯油 コーヒーこぼしおまかせ	 -	洗浄後無害になる特殊洗剤を使用	 -	18000円からシート車内洗浄対応	 -	１シートのみでもOK 圧倒的洗浄	 -	"""軽 自動車 クリーニング"""	 -	"""車 灯油 こぼし クリーニング"""	 -	宮城県で車内 灯油 こぼしの臭いや汚れにお困りなら。専用洗剤とプロの技術で徹底除去。	 -	車内の車内 灯油 こぼしは放置すると悪化します。今すぐ専門家へお任せください。	 -	出張費無料で駆けつけます！	 -	使用後は無害になる特殊な洗剤を使用 清掃後は赤ちゃんペットにも無害です。専用の機材を使用	 -	{LOCATION(City):宮城}清掃出張車	灯油清掃														Enabled	Enabled	Enabled	Approved	Excellent	
426-779-6658	和歌山車	宮城県＿車内クリーニング																														AG_緊急_嘔吐																																																				https://carinteriorcleaning.jp/regions/miyagi/kyuto-cleaning/					Responsive search ad	【{LOCATION(City):宮城}】出張車内クリーニング	 -	車 ゲロ 消臭 即日	 -	最短即日対応！プロの消臭・洗浄	 -	【電話相談】まずはお電話を	 -	見積もり無料	 -	ペット粗相洗浄業者	 -	立会不要で清掃作業で時間も有効	 -	出張車内 クリーニングの専門 店	 -	訪問特化型車内の清掃専門業者	 -	ペットうんちクリーニング	 -	車 シート 汚れ 落とし 方	 -	18000円からシート車内洗浄対応	 -	１シートのみでもOK 圧倒的洗浄	 -	"""軽 自動車 クリーニング"""	 -	"""車 灯油 こぼし クリーニング"""	 -	宮城で車 ゲロ 消臭 や汚れにお困りなら。専用洗剤とプロの技術で徹底除去。	 -	車内の車 ゲロ は放置すると悪化します。今すぐ専門家へお任せください。	 -	出張費無料で駆けつけます！	 -	使用後は無害になる特殊な洗剤を使用 清掃後は赤ちゃんペットにも無害です。専用の機材を使用	 -	{LOCATION(City):宮城}清掃出張車	嘔吐ニオイ清掃														Enabled	Enabled	Enabled	Approved	Average	
426-779-6658	和歌山車	宮城県＿車内クリーニング																														AG_緊急_灯油																																																				https://carinteriorcleaning.jp/regions/miyagi/touyu-kobosi/					Responsive search ad	【{LOCATION(City):宮城}】出張車内クリーニング	 -	車 灯油 こぼし 出張	 -	最短即日対応！プロの消臭・洗浄	 -	【電話相談】まずはお電話を	 -	見積もり無料	 -	"""車 シート クリーニング 業者"""	 -	立会不要で清掃作業で時間も有効	 -	出張車内 クリーニングの専門 店	 -	訪問特化型車内の清掃専門業者	 -	灯油 コーヒーこぼしおまかせ	 -	洗浄後無害になる特殊洗剤を使用	 -	18000円からシート車内洗浄対応	 -	１シートのみでもOK 圧倒的洗浄	 -	"""軽 自動車 クリーニング"""	 -	"""車 灯油 こぼし クリーニング"""	 -	宮城県で車 灯油 こぼしの臭いや汚れにお困りなら。専用洗剤とプロの技術で徹底除去。	 -	車内の車 車 灯油 こぼし放置すると悪化します。今すぐ専門家へお任せください。	 -	出張費無料で駆けつけます！	 -	使用後は無害になる特殊な洗剤を使用 清掃後は赤ちゃんペットにも無害です。専用の機材を使用	 -	{LOCATION(City):宮城}清掃出張車	灯油清掃														Enabled	Enabled	Enabled	Approved	Good	
426-779-6658	和歌山車	宮城県＿車内クリーニング																														AG_緊急_灯油																																																				https://carinteriorcleaning.jp/regions/miyagi/touyu-kobosi/					Responsive search ad	【{LOCATION(City):宮城}】出張車内クリーニング	 -	車 灯油 臭い 取れない 業者	 -	最短即日対応！プロの消臭・洗浄	 -	【電話相談】まずはお電話を	 -	見積もり無料	 -	"""車 シート クリーニング 業者"""	 -	立会不要で清掃作業で時間も有効	 -	出張車内 クリーニングの専門 店	 -	訪問特化型車内の清掃専門業者	 -	灯油 コーヒーこぼしおまかせ	 -	洗浄後無害になる特殊洗剤を使用	 -	18000円からシート車内洗浄対応	 -	１シートのみでもOK 圧倒的洗浄	 -	"""軽 自動車 クリーニング"""	 -	"""車 灯油 こぼし クリーニング"""	 -	宮城県で車 灯油 臭い 取れない臭いや汚れにお困りなら。専用洗剤とプロの技術で徹底除去。	 -	車内の車 灯油 臭い 取れないは放置すると悪化します。今すぐ専門家へお任せください。	 -	出張費無料で駆けつけます！	 -	使用後は無害になる特殊な洗剤を使用 清掃後は赤ちゃんペットにも無害です。専用の機材を使用	 -	{LOCATION(City):宮城}清掃出張車	灯油清掃														Enabled	Enabled	Enabled	Approved	Excellent	
426-779-6658	和歌山車	宮城県＿車内クリーニング																														AG_緊急_灯油																																																				https://carinteriorcleaning.jp/regions/miyagi/touyu-kobosi/					Responsive search ad	【{LOCATION(City):宮城}】出張車内クリーニング	 -	車 灯油 こぼした 消臭 出張	 -	最短即日対応！プロの消臭・洗浄	 -	【電話相談】まずはお電話を	 -	見積もり無料	 -	"""車 シート クリーニング 業者"""	 -	立会不要で清掃作業で時間も有効	 -	出張車内 クリーニングの専門 店	 -	訪問特化型車内の清掃専門業者	 -	灯油 コーヒーこぼしおまかせ	 -	洗浄後無害になる特殊洗剤を使用	 -	18000円からシート車内洗浄対応	 -	１シートのみでもOK 圧倒的洗浄	 -	"""軽 自動車 クリーニング"""	 -	"""車 灯油 こぼし クリーニング"""	 -	宮城県で車 灯油 こぼしの臭いや汚れにお困りなら。専用洗剤とプロの技術で徹底除去。	 -	車内の車 灯油 こぼしは放置すると悪化します。今すぐ専門家へお任せください。	 -	出張費無料で駆けつけます！	 -	使用後は無害になる特殊な洗剤を使用 清掃後は赤ちゃんペットにも無害です。専用の機材を使用	 -	{LOCATION(City):宮城}清掃出張車	灯油清掃														Enabled	Enabled	Enabled	Approved	Good	
426-779-6658	和歌山車	宮城県＿車内クリーニング																														AG_緊急_ペット	90																																										車 おもらし シート 洗浄	Phrase	85				 -	 -	 -	https://carinteriorcleaning.jp/regions/miyagi/omorashi/																																																											Enabled	Enabled	Enabled	Approved		
426-779-6658	和歌山車	宮城県＿車内クリーニング																														AG_緊急_ペット	90																																										犬 車 お漏らし 消臭 業者	Phrase	85				 -	 -	 -	https://carinteriorcleaning.jp/regions/miyagi/omorashi/																																																											Enabled	Enabled	Enabled	Approved		
426-779-6658	和歌山車	宮城県＿車内クリーニング																														AG_緊急_ペット																																																				https://carinteriorcleaning.jp/regions/miyagi/oshikko/					Responsive search ad	【{LOCATION(City):宮城}】出張車内クリーニング	 -	車 おしっこ シート 洗浄 出張	 -	最短即日対応！プロの消臭・洗浄	 -	【電話相談】まずはお電話を	 -	見積もり無料	 -	"""車 シート クリーニング 業者"""	 -	立会不要で清掃作業で時間も有効	 -	出張車内 クリーニングの専門 店	 -	訪問特化型車内の清掃専門業者	 -	灯油 コーヒーこぼしおまかせ	 -	洗浄後無害になる特殊洗剤を使用	 -	18000円からシート車内洗浄対応	 -	１シートのみでもOK 圧倒的洗浄	 -	"""軽 自動車 クリーニング"""	 -	"""車 灯油 こぼし クリーニング"""	 -	宮城県で車 おしっこ シート 出張臭いや汚れにお困りなら。専用洗剤とプロの技術で徹底除去。	 -	車内の車 おしっこ シート は放置すると悪化します。今すぐ専門家へお任せください。	 -	出張費無料で駆けつけます！	 -	使用後は無害になる特殊な洗剤を使用 清掃後は赤ちゃんペットにも無害です。専用の機材を使用	 -	{LOCATION(City):宮城}清掃出張車	おしっこ消臭														Enabled	Enabled	Enabled	Approved	Good	
426-779-6658	和歌山車	宮城県＿車内クリーニング																														AG_緊急_ペット																																																				https://carinteriorcleaning.jp/regions/miyagi/oshikko/					Responsive search ad	【{LOCATION(City):宮城}】出張車内クリーニング	 -	車 おもらし シート 洗浄	 -	最短即日対応！プロの消臭・洗浄	 -	【電話相談】まずはお電話を	 -	見積もり無料	 -	"""車 シート クリーニング 業者"""	 -	立会不要で清掃作業で時間も有効	 -	出張車内 クリーニングの専門 店	 -	訪問特化型車内の清掃専門業者	 -	灯油 コーヒーこぼしおまかせ	 -	洗浄後無害になる特殊洗剤を使用	 -	18000円からシート車内洗浄対応	 -	１シートのみでもOK 圧倒的洗浄	 -	"""軽 自動車 クリーニング"""	 -	"""車おもらしシートクリーニング"""	 -	宮城県で車車 おもらし シート 洗浄や汚れにお困りなら。専用洗剤とプロの技術で徹底除去。	 -	車内 おもらし シート 洗浄は放置すると悪化します。今すぐ専門家へお任せください。	 -	出張費無料で駆けつけます！	 -	使用後は無害になる特殊な洗剤を使用 清掃後は赤ちゃんペットにも無害です。専用の機材を使用	 -	{LOCATION(City):宮城}清掃出張車	おしっこ消臭														Enabled	Enabled	Enabled	Approved	Good	
426-779-6658	和歌山車	宮城県＿車内クリーニング																														AG_緊急_ペット																																																				https://carinteriorcleaning.jp/regions/miyagi/oshikko/					Responsive search ad	【{LOCATION(City):宮城}】出張車内クリーニング	 -	ペット 粗相 車 消臭	 -	最短即日対応！プロの消臭・洗浄	 -	【電話相談】まずはお電話を	 -	見積もり無料	 -	"""車 シート クリーニング 業者"""	 -	立会不要で清掃作業で時間も有効	 -	出張車内 クリーニングの専門 店	 -	訪問特化型車内の清掃専門業者	 -	灯油 コーヒーこぼしおまかせ	 -	洗浄後無害になる特殊洗剤を使用	 -	18000円からシート車内洗浄対応	 -	１シートのみでもOK 圧倒的洗浄	 -	"""軽 自動車 クリーニング"""	 -	"""車ペット粗相消臭クリーニング"""	 -	宮城県でペット 粗相 車 消臭や汚れにお困りなら。専用洗剤とプロの技術で徹底除去。	 -	車内のペット 粗相 車 消臭。今すぐ専門家へお任せください。	 -	出張費無料で駆けつけます！	 -	使用後は無害になる特殊な洗剤を使用 清掃後は赤ちゃんペットにも無害です。専用の機材を使用	 -	{LOCATION(City):宮城}清掃出張車	おしっこ消臭														Enabled	Enabled	Enabled	Approved	Good	
426-779-6658	和歌山車	宮城県＿車内クリーニング																														AG_消臭_口語																																																				https://carinteriorcleaning.jp/regions/miyagi/kuruma-nioi-keshi/					Responsive search ad	【{LOCATION(City):宮城}】出張車内クリーニング	 -	車 匂い 消し 業者	 -	【期間限定】今だけキャンペーン	 -	365日無休24時間受付中LINE対応	 -	{keyword:出張車内清掃}嘔吐（ゲロ）即対応	 -	"""車 シート クリーニング 業者"""	 -	立会不要で清掃作業で時間も有効	 -	出張車内 クリーニングの専門 店	 -	訪問特化型車内の清掃専門業者	 -	灯油 コーヒーこぼしおまかせ	 -	洗浄後無害になる特殊洗剤を使用	 -	18000円からシート車内洗浄対応	 -	１シートのみでもOK 圧倒的洗浄	 -	"""軽 自動車 クリーニング"""	 -	"""車 灯油 こぼし クリーニング"""	 -	{LOCATION(City):宮城}【地元密着】車内清掃 特急便365日24時間受付中！電話で指定場所まで清掃に出張致します	 -	期間限定キャンペーン有！ 会社のお車を2台以上は、さらに割引 お得な出張車内クリーニング	 -	どこでも出張！ マンションや、会社の駐車場まで出張して、電源無しでも車内清掃のプロが作業	 -	使用後は無害になる特殊な洗剤を使用 清掃後は赤ちゃんペットにも無害です。専用の機材を使用	 -	{LOCATION(City):宮城}清掃出張車	匂い消し														Enabled	Enabled	Enabled	Approved	Average	
426-779-6658	和歌山車	宮城県＿車内クリーニング																														AG_消臭_口語																																																				https://carinteriorcleaning.jp/regions/miyagi/kuruma-nioi-keshi/					Responsive search ad	【{LOCATION(City):宮城}】出張車内クリーニング	 -	車内 クサイ 消臭	 -	最短即日対応！プロの消臭・洗浄	 -	【電話相談】まずはお電話を	 -	見積もり無料	 -	ペット粗相洗浄業者	 -	立会不要で清掃作業で時間も有効	 -	出張車内 クリーニングの専門 店	 -	訪問特化型車内の清掃専門業者	 -	ペットうんちクリーニング	 -	車 シート 汚れ 落とし 方	 -	18000円からシート車内洗浄対応	 -	１シートのみでもOK 圧倒的洗浄	 -	"""軽 自動車 クリーニング"""	 -	"""車 クサイ 消臭 クリーニング"""	 -	宮城で車内 クサイ 消臭や汚れにお困りなら。専用洗剤とプロの技術で徹底除去。	 -	車内 クサイ 消臭うんちは放置すると悪化します。今すぐ専門家へお任せください。	 -	出張費無料で駆けつけます！	 -	使用後は無害になる特殊な洗剤を使用 清掃後は赤ちゃんペットにも無害です。専用の機材を使用	 -	{LOCATION(City):宮城}清掃出張車	匂い消し														Enabled	Enabled	Enabled	Approved	Average	
426-779-6658	和歌山車	宮城県＿車内クリーニング																														AG_消臭_口語																																																				https://carinteriorcleaning.jp/regions/miyagi/kuruma-nioi-keshi/					Responsive search ad	【{LOCATION(City):宮城}】出張車内クリーニング	 -	車 臭い 取れない プロ	 -	最短即日対応！プロの消臭・洗浄	 -	【電話相談】まずはお電話を	 -	見積もり無料	 -	"""車 シート クリーニング 業者"""	 -	立会不要で清掃作業で時間も有効	 -	出張車内 クリーニングの専門 店	 -	訪問特化型車内の清掃専門業者	 -	灯油 コーヒーこぼしおまかせ	 -	洗浄後無害になる特殊洗剤を使用	 -	18000円からシート車内洗浄対応	 -	１シートのみでもOK 圧倒的洗浄	 -	"""軽 自動車 クリーニング"""	 -	"""車 臭いプロ クリーニング"""	 -	宮城県で車内の臭いや汚れにお困りなら。専用洗剤とプロの技術で徹底除去。	 -	車内の臭いは放置すると悪化します。今すぐ専門家へお任せください。	 -	出張費無料で駆けつけます！	 -	使用後は無害になる特殊な洗剤を使用 清掃後は赤ちゃんペットにも無害です。専用の機材を使用	 -	{LOCATION(City):宮城}清掃出張車	匂い消し														Enabled	Enabled	Enabled	Approved	Good	
426-779-6658	和歌山車	宮城県＿車内クリーニング																														AG_消臭_中古車																																																				https://carinteriorcleaning.jp/regions/miyagi/chuko-tabako/					Responsive search ad	【{LOCATION(City):宮城}】出張車内クリーニング	 -	中古車 加齢臭 車内	 -	最短即日対応！プロの消臭・洗浄	 -	【電話相談】まずはお電話を	 -	見積もり無料	 -	ペット粗相洗浄業者	 -	立会不要で清掃作業で時間も有効	 -	出張車内 クリーニングの専門 店	 -	訪問特化型車内の清掃専門業者	 -	ペットうんちクリーニング	 -	車 シート 汚れ 落とし 方	 -	18000円からシート車内洗浄対応	 -	１シートのみでもOK 圧倒的洗浄	 -	"""軽 自動車 クリーニング"""	 -	"""車 灯油 こぼし クリーニング"""	 -	宮城で中古車 加齢臭 車内臭いや汚れにお困りなら。専用洗剤とプロの技術で徹底除去。	 -	車内ので中古車 加齢臭 車内臭い悪化します。今すぐ専門家へお任せください。	 -	出張費無料で駆けつけます！	 -	使用後は無害になる特殊な洗剤を使用 清掃後は赤ちゃんペットにも無害です。専用の機材を使用	 -	{LOCATION(City):宮城}清掃出張車	タバコ臭清掃														Enabled	Enabled	Enabled	Approved	Average	
426-779-6658	和歌山車	宮城県＿車内クリーニング																														AG_消臭_湿気カビ																																																				https://carinteriorcleaning.jp/regions/miyagi/shanai-nioi/					Responsive search ad	【{LOCATION(City):宮城}】出張車内クリーニング	 -	車内 カビ臭 取り方 業者	 -	最短即日対応！プロの消臭・洗浄	 -	【電話相談】まずはお電話を	 -	見積もり無料	 -	"""車 シート クリーニング 業者"""	 -	立会不要で清掃作業で時間も有効	 -	出張車内 クリーニングの専門 店	 -	訪問特化型車内の清掃専門業者	 -	灯油 コーヒーこぼしおまかせ	 -	洗浄後無害になる特殊洗剤を使用	 -	18000円からシート車内洗浄対応	 -	１シートのみでもOK 圧倒的洗浄	 -	"""軽 自動車 クリーニング"""	 -	"""車内 カビ臭取者クリーニング"""	 -	宮城県で車内 カビ臭 取り方 業者や汚れにお困りなら。専用洗剤とプロの技術で徹底除去。	 -	車内の車内 カビ臭 は放置すると悪化します。今すぐ専門家へお任せください。	 -	出張費無料で駆けつけます！	 -	使用後は無害になる特殊な洗剤を使用 清掃後は赤ちゃんペットにも無害です。専用の機材を使用	 -	{LOCATION(City):宮城}清掃出張車	車内臭い														Enabled	Enabled	Enabled	Approved	Good	
426-779-6658	和歌山車	宮城県＿車内クリーニング																														AG_消臭_湿気カビ																																																				https://carinteriorcleaning.jp/regions/miyagi/shanai-nioi/					Responsive search ad	【{LOCATION(City):宮城}】出張車内クリーニング	 -	車 湿気 臭い シート 洗浄	 -	最短即日対応！プロの消臭・洗浄	 -	【電話相談】まずはお電話を	 -	見積もり無料	 -	"""車 シート クリーニング 業者"""	 -	立会不要で清掃作業で時間も有効	 -	出張車内 クリーニングの専門 店	 -	訪問特化型車内の清掃専門業者	 -	灯油 コーヒーこぼしおまかせ	 -	洗浄後無害になる特殊洗剤を使用	 -	18000円からシート車内洗浄対応	 -	１シートのみでもOK 圧倒的洗浄	 -	"""軽 自動車 クリーニング"""	 -	"""車 灯油 こぼし クリーニング"""	 -	宮城県で車 湿気 臭い シートの臭いや汚れにお困りなら。専用洗剤とプロの技術で徹底除去。	 -	車 湿気 臭い シート 洗浄は放置すると悪化します。今すぐ専門家へお任せください。	 -	出張費無料で駆けつけます！	 -	使用後は無害になる特殊な洗剤を使用 清掃後は赤ちゃんペットにも無害です。専用の機材を使用	 -	{LOCATION(City):宮城}清掃出張車	車内臭い														Enabled	Enabled	Enabled	Approved	Good	
426-779-6658	和歌山車	宮城県＿車内クリーニング																														AG_消臭_湿気カビ																																																				https://carinteriorcleaning.jp/regions/miyagi/shanai-nioi/					Responsive search ad	【{LOCATION(City):宮城}】出張車内クリーニング	 -	車 原因不明 臭い 消臭 業者	 -	最短即日対応！プロの消臭・洗浄	 -	【電話相談】まずはお電話を	 -	見積もり無料	 -	"""車 シート クリーニング 業者"""	 -	立会不要で清掃作業で時間も有効	 -	出張車内 クリーニングの専門 店	 -	訪問特化型車内の清掃専門業者	 -	灯油 コーヒーこぼしおまかせ	 -	洗浄後無害になる特殊洗剤を使用	 -	18000円からシート車内洗浄対応	 -	１シートのみでもOK 圧倒的洗浄	 -	"""軽 自動車 クリーニング"""	 -	"""車 灯油 こぼし クリーニング"""	 -	宮城県で車 原因不明 臭いや汚れにお困りなら。専用洗剤とプロの技術で徹底除去。	 -	車 原因不明 臭いすると悪化します。今すぐ専門家へお任せください。	 -	出張費無料で駆けつけます！	 -	使用後は無害になる特殊な洗剤を使用 清掃後は赤ちゃんペットにも無害です。専用の機材を使用	 -	{LOCATION(City):宮城}清掃出張車	車内臭い														Enabled	Enabled	Enabled	Approved	Good	
426-779-6658	和歌山車	宮城県＿車内クリーニング																														AG_エアコン_エバポレーター																																																				https://carinteriorcleaning.jp/regions/miyagi/evaporator-senjo/					Responsive search ad	【{LOCATION(City):宮城}】車内のエアコン洗浄	 -	エバポレーター洗浄 出張	 -	最短即日対応！プロの消臭・洗浄	 -	【電話相談】まずはお電話を	 -	見積もり無料	 -	"""車 エバポレーター洗浄 業者"""	 -	立会不要で清掃作業で時間も有効	 -	出張エバポレーター洗浄専門 店	 -	訪問特化型車内の清掃専門業者	 -	エバポレーター洗浄 おまかせ	 -	洗浄後無害になる特殊洗剤を使用	 -	18000円からシート車内洗浄対応	 -	１シートのみでもOK 圧倒的洗浄	 -	"""軽 自動車 クリーニング"""	 -	車 エバポレータークリーニング	 -	宮城県で車 エバポレーター洗浄 や汚れにお困りなら。専用洗剤とプロの技術で徹底除去。	 -	エバポレーター洗浄 出張します。今すぐ専門家へお任せください。	 -	出張費無料で駆けつけます！	 -	使用後は無害になる特殊な洗剤を使用 清掃後は赤ちゃんペットにも無害です。専用の機材を使用	 -	{LOCATION(City):宮城}清掃出張車	エバポ洗浄														Enabled	Enabled	Enabled	Approved	Pending	
426-779-6658	和歌山車	宮城県＿車内クリーニング																														AG_エアコン_エバポレーター																																																				https://carinteriorcleaning.jp/regions/miyagi/evaporator-senjo/					Responsive search ad	【{LOCATION(City):宮城}】出張車内クリーニング	 -	車 エアコン 酸っぱい 臭い 業者	 -	最短即日対応！プロの消臭・洗浄	 -	【電話相談】まずはお電話を	 -	見積もり無料	 -	"""車 シート クリーニング 業者"""	 -	立会不要で清掃作業で時間も有効	 -	出張車内 クリーニングの専門 店	 -	訪問特化型車内の清掃専門業者	 -	灯油 コーヒーこぼしおまかせ	 -	洗浄後無害になる特殊洗剤を使用	 -	18000円からシート車内洗浄対応	 -	１シートのみでもOK 圧倒的洗浄	 -	"""軽 自動車 クリーニング"""	 -	"""車 灯油 こぼし クリーニング"""	 -	宮城県で車 エアコン 酸っぱい 臭いや汚れにお困りなら。専用洗剤とプロの技術で徹底除去。	 -	車内の車 エアコン 酸っぱい 臭い は放置すると悪化します。今すぐ専門家へお任せください。	 -	出張費無料で駆けつけます！	 -	使用後は無害になる特殊な洗剤を使用 清掃後は赤ちゃんペットにも無害です。専用の機材を使用	 -	{LOCATION(City):宮城}清掃出張車	エバポ洗浄														Enabled	Enabled	Enabled	Approved	Pending	
426-779-6658	和歌山車	宮城県＿車内クリーニング																														AG_エアコン_エバポレーター																																																				https://carinteriorcleaning.jp/regions/miyagi/evaporator-senjo/					Responsive search ad	【{LOCATION(City):宮城}】出張車内クリーニング	 -	カーエアコン カビ臭 エバポレー	 -	最短即日対応！プロの消臭・洗浄	 -	【電話相談】まずはお電話を	 -	見積もり無料	 -	"""車 シート クリーニング 業者"""	 -	立会不要で清掃作業で時間も有効	 -	出張車内 クリーニングの専門 店	 -	訪問特化型車内の清掃専門業者	 -	灯油 コーヒーこぼしおまかせ	 -	洗浄後無害になる特殊洗剤を使用	 -	18000円からシート車内洗浄対応	 -	１シートのみでもOK 圧倒的洗浄	 -	"""軽 自動車 クリーニング"""	 -	"""カーエアコン エバポレ"""	 -	宮城県でカーエアコン カビ臭 エバポレー汚れにお困りなら。専用洗剤とプロの技術で徹底除去。	 -	カーエアコン カビ臭 エバポレー臭は放置すると悪化します。今すぐ専門家へお任せください。	 -	出張費無料で駆けつけます！	 -	使用後は無害になる特殊な洗剤を使用 清掃後は赤ちゃんペットにも無害です。専用の機材を使用	 -	{LOCATION(City):宮城}清掃出張車	エバポ洗浄														Enabled	Enabled	Enabled	Approved	Pending	
426-779-6658	和歌山車	宮城県＿車内クリーニング																														AG_条件_出張																																																				https://carinteriorcleaning.jp/regions/miyagi/shutchou-senmon/					Responsive search ad	【{LOCATION(City):宮城}】出張車内クリーニング	 -	車内クリーニング 即日 出張	 -	最短即日対応！プロの消臭・洗浄	 -	【電話相談】まずはお電話を	 -	見積もり無料	 -	"""車 シート クリーニング 業者"""	 -	立会不要で清掃作業で時間も有効	 -	出張車内 クリーニングの専門 店	 -	訪問特化型車内の清掃専門業者	 -	灯油 コーヒーこぼしおまかせ	 -	洗浄後無害になる特殊洗剤を使用	 -	18000円からシート車内洗浄対応	 -	１シートのみでもOK 圧倒的洗浄	 -	"""軽 自動車 クリーニング"""	 -	"""車内クリーニング 即日 出張"""	 -	宮城県で車内クリーニング 即日 出張なら。専用洗剤とプロの技術で徹底除去。	 -	車内クリーニング 即日 出張。今すぐ専門家へお任せください。	 -	出張費無料で駆けつけます！	 -	使用後は無害になる特殊な洗剤を使用 清掃後は赤ちゃんペットにも無害です。専用の機材を使用	 -	{LOCATION(City):宮城}清掃出張車	出張専門														Enabled	Enabled	Enabled	Approved	Good	
426-779-6658	和歌山車	宮城県＿車内クリーニング																														AG_条件_出張																																																				https://carinteriorcleaning.jp/regions/miyagi/shutchou-senmon/					Responsive search ad	【{LOCATION(City):宮城}】出張車内クリーニング	 -	車内清掃 1席 出張	 -	最短即日対応！プロの消臭・洗浄	 -	【電話相談】まずはお電話を	 -	見積もり無料	 -	"""車 シート クリーニング 業者"""	 -	立会不要で清掃作業で時間も有効	 -	出張車内 クリーニングの専門 店	 -	訪問特化型車内の清掃専門業者	 -	灯油 コーヒーこぼしおまかせ	 -	洗浄後無害になる特殊洗剤を使用	 -	18000円からシート車内洗浄対応	 -	１シートのみでもOK 圧倒的洗浄	 -	"""軽 自動車 クリーニング"""	 -	"""車 灯油 こぼし クリーニング"""	 -	宮城県で車内清掃 1席 の臭いや汚れにお困りなら。専用洗剤とプロの技術で徹底除去。	 -	車内の汚れは放置すると悪化します。今すぐ専門家へお任せください。	 -	出張費無料で駆けつけます！	 -	使用後は無害になる特殊な洗剤を使用 清掃後は赤ちゃんペットにも無害です。専用の機材を使用	 -	{LOCATION(City):宮城}清掃出張車	出張専門														Enabled	Enabled	Enabled	Approved	Good	
426-779-6658	和歌山車	宮城県＿車内クリーニング																														AG_条件_電源不要																																																				https://carinteriorcleaning.jp/regions/miyagi/dengen-fuyou/					Responsive search ad	【{LOCATION(City):宮城}】出張車内クリーニング	 -	車内清掃 電源不要 出張	 -	最短即日対応！プロの消臭・洗浄	 -	【電話相談】まずはお電話を	 -	見積もり無料	 -	"""車 シート クリーニング 業者"""	 -	立会不要で清掃作業で時間も有効	 -	出張車内 クリーニングの専門 店	 -	訪問特化型車内の清掃専門業者	 -	灯油 コーヒーこぼしおまかせ	 -	洗浄後無害になる特殊洗剤を使用	 -	18000円からシート車内洗浄対応	 -	１シートのみでもOK 圧倒的洗浄	 -	"""軽 自動車 クリーニング"""	 -	"""車 内清掃 電源不要"""	 -	宮城県で車内清掃 電源不要。専用洗剤とプロの技術で徹底除去。	 -	車内清掃 電源不要。今すぐ専門家へお任せください。	 -	出張費無料で駆けつけます！	 -	使用後は無害になる特殊な洗剤を使用 清掃後は赤ちゃんペットにも無害です。専用の機材を使用	 -	{LOCATION(City):宮城}清掃出張車	電源持込不要														Enabled	Enabled	Enabled	Approved	Excellent	
426-779-6658	和歌山車	宮城県＿車内クリーニング																														AG_条件_電源不要																																																				https://carinteriorcleaning.jp/regions/miyagi/dengen-fuyou/					Responsive search ad	【{LOCATION(City):宮城}】出張車内クリーニング	 -	マンション 車内クリーニング	 -	最短即日対応！プロの消臭・洗浄	 -	【電話相談】まずはお電話を	 -	見積もり無料	 -	"""車 シート クリーニング 業者"""	 -	立会不要で清掃作業で時間も有効	 -	出張車内 クリーニングの専門 店	 -	訪問特化型車内の清掃専門業者	 -	灯油 コーヒーこぼしおまかせ	 -	洗浄後無害になる特殊洗剤を使用	 -	18000円からシート車内洗浄対応	 -	１シートのみでもOK 圧倒的洗浄	 -	"""軽 自動車 クリーニング"""	 -	""" マンション 車内クリーニング"""	 -	宮城県でマンション 車内クリーニングや汚れにお困りなら。専用洗剤とプロの技術で徹底除去。	 -	宮城県でマンション 車内クリーニング。今すぐ専門家へお任せください。	 -	出張費無料で駆けつけます！	 -	使用後は無害になる特殊な洗剤を使用 清掃後は赤ちゃんペットにも無害です。専用の機材を使用	 -	{LOCATION(City):宮城}清掃出張車	電源持込不要														Enabled	Enabled	Enabled	Approved	Good	
426-779-6658	和歌山車	宮城県＿車内クリーニング																														AG_条件_電源不要																																																				https://carinteriorcleaning.jp/regions/miyagi/dengen-fuyou/					Responsive search ad	【{LOCATION(City):宮城}】出張車内クリーニング	 -	宮城 車内清掃 電源不要	 -	最短即日対応！プロの消臭・洗浄	 -	【電話相談】まずはお電話を	 -	見積もり無料	 -	"""車 シート クリーニング 業者"""	 -	立会不要で清掃作業で時間も有効	 -	出張車内 クリーニングの専門 店	 -	訪問特化型車内の清掃専門業者	 -	灯油 コーヒーこぼしおまかせ	 -	洗浄後無害になる特殊洗剤を使用	 -	18000円からシート車内洗浄対応	 -	１シートのみでもOK 圧倒的洗浄	 -	"""軽 自動車 クリーニング"""	 -	"""車 灯油 こぼし クリーニング"""	 -	宮城県で 車内清掃 電源不要や汚れにお困りなら。専用洗剤とプロの技術で徹底除去。	 -	車内の 車内清掃 電源不要。今すぐ専門家へお任せください。	 -	出張費無料で駆けつけます！	 -	使用後は無害になる特殊な洗剤を使用 清掃後は赤ちゃんペットにも無害です。専用の機材を使用	 -	{LOCATION(City):宮城}清掃出張車	電源持込不要														Enabled	Enabled	Enabled	Approved	Excellent	
426-779-6658	和歌山車	宮城県＿車内クリーニング																														AG_バス_トラック																																																				https://carinteriorcleaning.jp/regions/miyagi/bus-senmon/					Responsive search ad	{LOCATION(City):宮城}出張車内バス クリーニング	 -	バス 嘔吐 清掃	 -	最短即日対応！プロの消臭・洗浄	 -	【電話相談】まずはお電話を	 -	見積もり無料	 -	"""車 シート クリーニング 業者"""	 -	立会不要で清掃作業で時間も有効	 -	出張車内 クリーニングの専門 店	 -	訪問特化型車内の清掃専門業者	 -	バス 嘔吐 清掃 おまかせ	 -	洗浄後無害になる特殊洗剤を使用	 -	24000円からシート車内洗浄対応	 -	１シートのみでもOK 圧倒的洗浄	 -					宮城県でバス 嘔吐 清掃 や汚れにお困りなら。専用洗剤とプロの技術で徹底除去。	 -	車内のバス 嘔吐は放置すると悪化します。今すぐ専門家へお任せください。	 -	出張費無料で駆けつけます！	 -	使用後は無害になる特殊な洗剤を使用 清掃後は赤ちゃんペットにも無害です。専用の機材を使用	 -	{LOCATION(City):宮城}清掃出張車	バス清掃														Enabled	Enabled	Enabled	Approved	Excellent	
426-779-6658	和歌山車	宮城県＿車内クリーニング																														緊急_子供嘔吐																																																				https://carinteriorcleaning.jp/regions/miyagi/kodomo-kyuto/					Responsive search ad	【{LOCATION(City):宮城}】子供嘔吐清掃	 -	車酔い 嘔吐 出張専門業者	 -	最短即日対応！プロの消臭・洗浄	 -	【電話相談】車嘔吐はお電話を	 -	見積もり無料	 -	子供おうと洗浄業者	 -	立会不要で清掃作業で時間も有効	 -	子供おうと洗浄の専門 店	 -	訪問特化型車内の清掃専門業者	 -	子供おうと洗浄クリーニング	 -	車 シート 汚れ 落とし 方	 -	18000円からシート車内洗浄対応	 -	１シートのみでもOK 圧倒的洗浄	 -	"""軽 自動車 クリーニング"""	 -	"""車酔い 嘔吐 出張専門業者"""	 -	宮城で車酔い 嘔吐 出張専門業者にお困りなら。専用洗剤とプロの技術で徹底除去。	 -	車酔い 嘔吐 出張専門業者。今すぐ専門家へお任せください。	 -	出張費無料で駆けつけます！	 -	使用後は無害になる特殊な洗剤を使用 清掃後は赤ちゃんペットにも無害です。専用の機材を使用	 -	{LOCATION(City):宮城}清掃出張車	子供嘔吐清掃														Enabled	Enabled	Enabled	Approved	Average	
426-779-6658	和歌山車	宮城県＿車内クリーニング																														緊急_灯油																																																				https://carinteriorcleaning.jp/regions/miyagi/touyu-kobosi/					Responsive search ad	【{LOCATION(City):宮城}】出張車内クリーニング	 -	車内 灯油 こぼし 消臭	 -	最短即日対応！プロの消臭・洗浄	 -	【電話相談】まずはお電話を	 -	見積もり無料	 -	"""車 シート クリーニング 業者"""	 -	立会不要で清掃作業で時間も有効	 -	出張車内 クリーニングの専門 店	 -	訪問特化型車内の清掃専門業者	 -	灯油 コーヒーこぼしおまかせ	 -	洗浄後無害になる特殊洗剤を使用	 -	18000円からシート車内洗浄対応	 -	１シートのみでもOK 圧倒的洗浄	 -	"""軽 自動車 クリーニング"""	 -	"""車 灯油 こぼし 消臭"""	 -	宮城県で車内 灯油 こぼし 消臭や汚れにお困りなら。専用洗剤とプロの技術で徹底除去。	 -	車内 灯油 こぼし 消臭します。今すぐ専門家へお任せください。	 -	出張費無料で駆けつけます！	 -	使用後は無害になる特殊な洗剤を使用 清掃後は赤ちゃんペットにも無害です。専用の機材を使用	 -	{LOCATION(City):宮城}清掃出張車	灯油清掃														Enabled	Enabled	Enabled	Approved	Average	
426-779-6658	和歌山車	宮城県＿車内クリーニング																														緊急_灯油																																																				https://carinteriorcleaning.jp/regions/miyagi/touyu-kobosi/					Responsive search ad	【{LOCATION(City):宮城}】出張車内クリーニング	 -	宮城 灯油 こぼし 車	 -	最短即日対応！プロの消臭・洗浄	 -	【電話相談】まずはお電話を	 -	見積もり無料	 -	ペット粗相洗浄業者	 -	立会不要で清掃作業で時間も有効	 -	出張車内 クリーニングの専門 店	 -	訪問特化型車内の清掃専門業者	 -	ペットうんちクリーニング	 -	車 シート 汚れ 落とし 方	 -	18000円からシート車内洗浄対応	 -	１シートのみでもOK 圧倒的洗浄	 -	"""軽 自動車 クリーニング"""	 -	"""車 灯油 こぼし クリーニング"""	 -	宮城で 灯油 こぼし の臭いや汚れにお困りなら。専用洗剤とプロの技術で徹底除去。	 -	宮城 灯油 こぼしは放置すると悪化します。今すぐ専門家へお任せください。	 -	出張費無料で駆けつけます！	 -	使用後は無害になる特殊な洗剤を使用 清掃後は赤ちゃんペットにも無害です。専用の機材を使用	 -	{LOCATION(City):宮城}清掃出張車	灯油清掃														Enabled	Enabled	Enabled	Approved	Average	
426-779-6658	和歌山車	宮城県＿車内クリーニング																														緊急_ペット																																																				https://carinteriorcleaning.jp/regions/miyagi/oshikko/					Responsive search ad	【{LOCATION(City):宮城}】ペットおもらし	 -	犬 車 お漏らし 消臭 業者	 -	最短即日対応！プロの消臭・洗浄	 -	【電話相談】まずはお電話を	 -	見積もり無料	 -	"""猫 車 お漏らし 消臭 業者"""	 -	立会不要で清掃作業で時間も有効	 -	車 ペットお漏らしの専門 店	 -	訪問特化型車内の清掃専門業者	 -	車 ペット うんちの専門 店	 -	洗浄後無害になる特殊洗剤を使用	 -	18000円からシート車内洗浄対応	 -	１シートのみでもOK 圧倒的洗浄	 -	"""軽 自動車 クリーニング"""	 -	犬猫うんちの専門 店	 -	宮城県で犬猫のうんち汚れにお困りなら。専用洗剤とプロの技術で徹底除去。	 -	車内のペットお漏らしは放置すると悪化します。今すぐ専門家へお任せください。	 -	出張費無料で駆けつけ 即クリーニングでキレイにします	 -	使用後は無害になる特殊な洗剤を使用 清掃後は赤ちゃんペットにも無害です。専用の機材を使用	 -	{LOCATION(City):宮城}清掃出張車	おしっこ消臭														Enabled	Enabled	Enabled	Approved	Average	
426-779-6658	和歌山車	宮城県＿車内クリーニング																														緊急_ペット																																																				https://carinteriorcleaning.jp/regions/miyagi/oshikko/					Responsive search ad	【{LOCATION(City):宮城}】出張車内クリーニング	 -	宮城 ペット 車内 清掃	 -	最短即日対応！プロの消臭・洗浄	 -	【電話相談】まずはお電話を	 -	見積もり無料	 -	"""車 シート クリーニング 業者"""	 -	立会不要で清掃作業で時間も有効	 -	出張車内 クリーニングの専門 店	 -	訪問特化型車内の清掃専門業者	 -	灯油 コーヒーこぼしおまかせ	 -	洗浄後無害になる特殊洗剤を使用	 -	18000円からシート車内洗浄対応	 -	１シートのみでもOK 圧倒的洗浄	 -	"""軽 自動車 クリーニング"""	 -	"""車 灯油 こぼし クリーニング"""	 -	宮城県で車のおしっこの臭いや染み込みにお困りなら。専用洗剤で徹底除去。	 -	車内のおしっこ臭は放置すると悪化します。今すぐ専門家へお任せください。	 -	出張費無料で駆けつけます！	 -	使用後は無害になる特殊な洗剤を使用 清掃後は赤ちゃんペットにも無害です。専用の機材を使用	 -	{LOCATION(City):宮城}清掃出張車	おしっこ消臭														Enabled	Enabled	Enabled	Approved	Average	
426-779-6658	和歌山車	宮城県＿車内クリーニング																														消臭_口語																																																				https://carinteriorcleaning.jp/regions/miyagi/kuruma-nioi-keshi/					Responsive search ad	【{LOCATION(City):宮城}】出張トラック車内洗浄	 -	消臭スプレー 効かない 車	 -	最短即日対応！プロの消臭・洗浄	 -	【電話相談】まずはお電話を	 -	見積もり無料	 -	"""車 シート クリーニング 業者"""	 -	立会不要で清掃作業で時間も有効	 -	出張車内 クリーニングの専門 店	 -	訪問特化型車内の清掃専門業者	 -	灯油 コーヒーこぼしおまかせ	 -	洗浄後無害になる特殊洗剤を使用	 -	18000円からシート車内洗浄対応	 -	１シートのみでもOK 圧倒的洗浄	 -	"""軽 自動車 クリーニング"""	 -	"""車 消臭スプレー 効かない 車"""	 -	宮城県で消臭スプレー 効かない 車にお困りなら。専用洗剤とプロの技術で徹底除去。	 -	車内の車 消臭スプレー 効かない 車放置すると悪化します。今すぐ専門家へお任せください。	 -	出張費無料で駆けつけます！	 -	使用後は無害になる特殊な洗剤を使用 清掃後は赤ちゃんペットにも無害です。専用の機材を使用	 -	{LOCATION(City):宮城}清掃出張車	匂い消し														Enabled	Enabled	Enabled	Approved	Excellent	
426-779-6658	和歌山車	宮城県＿車内クリーニング																														消臭_口語																																																				https://carinteriorcleaning.jp/regions/miyagi/kuruma-nioi-keshi/					Responsive search ad	{LOCATION(City):宮城}出張車内消臭 特急便	 -	車 芳香剤 臭い 取れない	 -	最短即日対応！プロの消臭・洗浄	 -	【電話相談】まずはお電話を	 -	見積もり無料	 -	"""車 シート クリーニング 業者"""	 -	立会不要で清掃作業で時間も有効	 -	出張車内 クリーニングの専門 店	 -	訪問特化型車内の清掃専門業者	 -	灯油 コーヒーこぼしおまかせ	 -	洗浄後無害になる特殊洗剤を使用	 -	18000円からシート車内洗浄対応	 -	１シートのみでもOK 圧倒的洗浄	 -	"""軽 自動車 クリーニング"""	 -	"""車 芳香剤臭い クリーニング"""	 -	宮城県で車 芳香剤 臭い 取れないや汚れにお困りなら。専用洗剤とプロの技術で徹底除去。	 -	車 芳香剤 臭い 取れない放置すると悪化します。今すぐ専門家へお任せください。	 -	出張費無料で駆けつけます！	 -	使用後は無害になる特殊な洗剤を使用 清掃後は赤ちゃんペットにも無害です。専用の機材を使用	 -	{LOCATION(City):宮城}清掃出張車	匂い消し														Enabled	Enabled	Enabled	Approved	Excellent	
426-779-6658	和歌山車	宮城県＿車内クリーニング																														消臭_口語																																																				https://carinteriorcleaning.jp/regions/miyagi/kuruma-nioi-keshi/					Responsive search ad	{LOCATION(City):宮城}出張車内消臭 特急便	 -	宮城 車内 消臭 出張	 -	最短即日対応！プロの消臭・洗浄	 -	【電話相談】まずはお電話を	 -	見積もり無料	 -	"""車 シート クリーニング 業者"""	 -	立会不要で清掃作業で時間も有効	 -	出張車内 クリーニングの専門 店	 -	訪問特化型車内の清掃専門業者	 -	灯油 コーヒーこぼしおまかせ	 -	洗浄後無害になる特殊洗剤を使用	 -	18000円からシート車内洗浄対応	 -	１シートのみでもOK 圧倒的洗浄	 -	"""軽 自動車 クリーニング"""	 -	"""車 灯油 こぼし クリーニング"""	 -	宮城県で宮城 車内 消臭 出張にお困りなら。専用洗剤とプロの技術で徹底除去。	 -	宮城 車内 消臭 。今すぐ専門家へお任せください。	 -	出張費無料で駆けつけます！	 -	使用後は無害になる特殊な洗剤を使用 清掃後は赤ちゃんペットにも無害です。専用の機材を使用	 -	{LOCATION(City):宮城}清掃出張車	匂い消し														Enabled	Enabled	Enabled	Approved	Excellent	
426-779-6658	和歌山車	宮城県＿車内クリーニング																														消臭_中古車																																																				https://carinteriorcleaning.jp/regions/miyagi/chuko-tabako/					Responsive search ad	【{LOCATION(City):宮城}】出張車内クリーニング	 -	宮城 中古車 臭い 車内	 -	最短即日対応！プロの消臭・洗浄	 -	【電話相談】まずはお電話を	 -	見積もり無料	 -	"""車 シート クリーニング 業者"""	 -	立会不要で清掃作業で時間も有効	 -	出張車内 クリーニングの専門 店	 -	訪問特化型車内の清掃専門業者	 -	灯油 コーヒーこぼしおまかせ	 -	洗浄後無害になる特殊洗剤を使用	 -	18000円からシート車内洗浄対応	 -	１シートのみでもOK 圧倒的洗浄	 -	"""軽 自動車 クリーニング"""	 -	"""車 灯油 こぼし クリーニング"""	 -	宮城県で中古車 臭い 車内や汚れにお困りなら。専用洗剤とプロの技術で徹底除去。	 -	中古車 臭い 車内は放置すると悪化します。今すぐ専門家へお任せください。	 -	出張費無料で駆けつけます！	 -	使用後は無害になる特殊な洗剤を使用 清掃後は赤ちゃんペットにも無害です。専用の機材を使用	 -	{LOCATION(City):宮城}清掃出張車	タバコ臭清掃														Enabled	Enabled	Enabled	Approved	Excellent	
426-779-6658	和歌山車	宮城県＿車内クリーニング																														消臭_湿気カビ																																																				https://carinteriorcleaning.jp/regions/miyagi/shanai-nioi/					Responsive search ad	【{LOCATION(City):宮城}】出張車内クリーニング	 -	車 ペット臭 消臭 プロ 出張	 -	【期間限定】今だけキャンペーン	 -	365日無休24時間受付中LINE対応	 -	{keyword:出張車内清掃}嘔吐（ゲロ）即対応	 -	"""車 シート クリーニング 業者"""	 -	立会不要で清掃作業で時間も有効	 -	出張車内 クリーニングの専門 店	 -	訪問特化型車内の清掃専門業者	 -	灯油 コーヒーこぼしおまかせ	 -	洗浄後無害になる特殊洗剤を使用	 -	18000円からシート車内洗浄対応	 -	１シートのみでもOK 圧倒的洗浄	 -	"""軽 自動車 クリーニング"""	 -	"""車 灯油 こぼし クリーニング"""	 -	{LOCATION(City):宮城}【地元密着】車内清掃 特急便365日24時間受付中！電話で指定場所まで清掃に出張致します	 -	期間限定キャンペーン有！ 会社のお車を2台以上は、さらに割引 お得な出張車内クリーニング	 -	どこでも出張！ マンションや、会社の駐車場まで出張して、電源無しでも車内清掃のプロが作業	 -	使用後は無害になる特殊な洗剤を使用 清掃後は赤ちゃんペットにも無害です。専用の機材を使用	 -	{LOCATION(City):宮城}清掃出張車	車内臭い														Enabled	Enabled	Enabled	Approved	Excellent	
426-779-6658	和歌山車	宮城県＿車内クリーニング																														消臭_湿気カビ																																																				https://carinteriorcleaning.jp/regions/miyagi/shanai-nioi/					Responsive search ad	【{LOCATION(City):宮城}】出張車内クリーニング	 -	宮城 車内 カビ臭	 -	最短即日対応！プロの消臭・洗浄	 -	【電話相談】まずはお電話を	 -	見積もり無料	 -	ペット粗相洗浄業者	 -	立会不要で清掃作業で時間も有効	 -	出張車内 クリーニングの専門 店	 -	訪問特化型車内の清掃専門業者	 -	ペットうんちクリーニング	 -	車 シート 汚れ 落とし 方	 -	18000円からシート車内洗浄対応	 -	１シートのみでもOK 圧倒的洗浄	 -	"""軽 自動車 クリーニング"""	 -	"""車 内 カビ臭 クリーニング"""	 -	宮城で車内 カビ臭いや汚れにお困りなら。専用洗剤とプロの技術で徹底除去。	 -	車内の車内 カビ臭は放置すると悪化します。今すぐ専門家へお任せください。	 -	出張費無料で駆けつけます！	 -	使用後は無害になる特殊な洗剤を使用 清掃後は赤ちゃんペットにも無害です。専用の機材を使用	 -	{LOCATION(City):宮城}清掃出張車	車内臭い														Enabled	Enabled	Enabled	Approved	Good	
426-779-6658	和歌山車	宮城県＿車内クリーニング																														消臭_湿気カビ																																																				https://carinteriorcleaning.jp/regions/miyagi/shanai-nioi/					Responsive search ad	【{LOCATION(City):宮城}】出張車内クリーニング	 -	宮城 湿気 車内 臭い	 -	最短即日対応！プロの消臭・洗浄	 -	【電話相談】まずはお電話を	 -	見積もり無料	 -	"""車 シート クリーニング 業者"""	 -	立会不要で清掃作業で時間も有効	 -	出張車内 クリーニングの専門 店	 -	訪問特化型車内の清掃専門業者	 -	灯油 コーヒーこぼしおまかせ	 -	洗浄後無害になる特殊洗剤を使用	 -	18000円からシート車内洗浄対応	 -	１シートのみでもOK 圧倒的洗浄	 -	"""軽 自動車 クリーニング"""	 -	"""車 灯油 こぼし クリーニング"""	 -	宮城県で湿気 車内 臭いや汚れにお困りなら。専用洗剤とプロの技術で徹底除去。	 -	湿気 車内 臭いは放置すると悪化します。今すぐ専門家へお任せください。	 -	出張費無料で駆けつけます！	 -	使用後は無害になる特殊な洗剤を使用 清掃後は赤ちゃんペットにも無害です。専用の機材を使用	 -	{LOCATION(City):宮城}清掃出張車	車内臭い														Enabled	Enabled	Enabled	Approved	Good	
426-779-6658	和歌山車	宮城県＿車内クリーニング																														エアコン_エバポレーター																																																				https://carinteriorcleaning.jp/regions/miyagi/evaporator-senjo/					Responsive search ad	【{LOCATION(City):宮城}】出張車内クリーニング	 -	車 エアコン 臭い 取れない プロ	 -	最短即日対応！プロの消臭・洗浄	 -	【電話相談】まずはお電話を	 -	見積もり無料	 -	"""車 シート クリーニング 業者"""	 -	立会不要で清掃作業で時間も有効	 -	出張車内 クリーニングの専門 店	 -	訪問特化型車内の清掃専門業者	 -	灯油 コーヒーこぼしおまかせ	 -	洗浄後無害になる特殊洗剤を使用	 -	18000円からシート車内洗浄対応	 -	１シートのみでもOK 圧倒的洗浄	 -	"""軽 自動車 クリーニング"""	 -	"""車 エアコン臭い取れない プロ"""	 -	宮城県で車 エアコン 臭い 取れない汚れにお困りなら。専用洗剤とプロの技術で徹底除去。	 -	車 エアコン 臭い 取れないは放置すると悪化します。今すぐ専門家へお任せください。	 -	出張費無料で駆けつけます！	 -	使用後は無害になる特殊な洗剤を使用 清掃後は赤ちゃんペットにも無害です。専用の機材を使用	 -	{LOCATION(City):宮城}清掃出張車	エバポ洗浄														Enabled	Enabled	Enabled	Approved	Pending	
426-779-6658	和歌山車	宮城県＿車内クリーニング																														エアコン_エバポレーター																																																				https://carinteriorcleaning.jp/regions/miyagi/evaporator-senjo/					Responsive search ad	【{LOCATION(City):宮城}】出張車内クリーニング	 -	車 エアコン 咳 目が痒い 洗浄	 -	最短即日対応！プロの消臭・洗浄	 -	【電話相談】まずはお電話を	 -	見積もり無料	 -	ペット粗相洗浄業者	 -	立会不要で清掃作業で時間も有効	 -	出張車内 クリーニングの専門 店	 -	訪問特化型車内の清掃専門業者	 -	ペットうんちクリーニング	 -	車 シート 汚れ 落とし 方	 -	18000円からシート車内洗浄対応	 -	１シートのみでもOK 圧倒的洗浄	 -	"""軽 自動車 クリーニング"""	 -	"""車 エアコン 咳 目が痒い 洗浄"""	 -	宮城で車 エアコン 咳 目が痒い 洗浄にお困りなら。専用洗剤とプロの技術で徹底除去。	 -	車 エアコン 咳 目が痒い は放置すると悪化します。今すぐ専門家へお任せください。	 -	出張費無料で駆けつけます！	 -	使用後は無害になる特殊な洗剤を使用 清掃後は赤ちゃんペットにも無害です。専用の機材を使用	 -	{LOCATION(City):宮城}清掃出張車	エバポ洗浄														Enabled	Enabled	Enabled	Approved	Pending	
426-779-6658	和歌山車	宮城県＿車内クリーニング																														エアコン_エバポレーター																																																				https://carinteriorcleaning.jp/regions/miyagi/evaporator-senjo/					Responsive search ad	【{LOCATION(City):宮城}】出張車エバポレーター	 -	車内エアコンクリーニング	 -	最短即日対応！プロの消臭・洗浄	 -	【電話相談】まずはお電話を	 -	見積もり無料	 -	"""車内エアコンクリーニング業者"""	 -	立会不要で清掃作業で時間も有効	 -	出張車内エバポ清掃専門 店	 -	訪問特化型車内の清掃専門業者	 -	車エアコンクリーニングおまかせ	 -	洗浄後無害になる特殊洗剤を使用	 -	18000円から車内洗浄対応	 -	１シートのみでもOK 圧倒的洗浄	 -	"""軽 自動車 クリーニング"""	 -	"""車 エバポレーター清掃"""	 -	宮城県で車内エアコンクリーニングにお困りなら。専用洗剤とプロの技術で徹底除去。	 -	車内エアコンクリーニングは放置すると悪化します。今すぐ専門家へお任せください。	 -	出張費無料で駆けつけます！	 -	使用後は無害になる特殊な洗剤を使用 清掃後は赤ちゃんペットにも無害です。専用の機材を使用	 -	{LOCATION(City):宮城}清掃出張車	エバポ洗浄														Enabled	Enabled	Enabled	Approved	Pending	
426-779-6658	和歌山車	宮城県＿車内クリーニング																														AG_エアコン_エバポ																																																				https://carinteriorcleaning.jp/regions/miyagi/evaporator-senjo/					Responsive search ad	【{LOCATION(City):宮城}】出張車内クリーニング	 -	宮城 エアコン 臭い 車	 -	最短即日対応！プロの消臭・洗浄	 -	【電話相談】まずはお電話を	 -	見積もり無料	 -	"""車 シート クリーニング 業者"""	 -	立会不要で清掃作業で時間も有効	 -	出張車内 クリーニングの専門 店	 -	訪問特化型車内の清掃専門業者	 -	灯油 コーヒーこぼしおまかせ	 -	洗浄後無害になる特殊洗剤を使用	 -	18000円からシート車内洗浄対応	 -	１シートのみでもOK 圧倒的洗浄	 -	"""軽 自動車 クリーニング"""	 -	""" エアコン臭いクリーニング"""	 -	宮城県で宮城 エアコン 臭いや汚れにお困りなら。専用洗剤とプロの技術で徹底除去。	 -	宮城 エアコン 臭い 車放置すると悪化します。今すぐ専門家へお任せください。	 -	出張費無料で駆けつけます！	 -	使用後は無害になる特殊な洗剤を使用 清掃後は赤ちゃんペットにも無害です。専用の機材を使用	 -	{LOCATION(City):宮城}清掃出張車	エバポ洗浄														Enabled	Enabled	Enabled	Approved	Pending	
426-779-6658	和歌山車	宮城県＿車内クリーニング																														AG_エアコン_エバポ																																																				https://carinteriorcleaning.jp/regions/miyagi/evaporator-senjo/					Responsive search ad	【{LOCATION(City):宮城}】出張車内クリーニング	 -	宮城 エバポレーター洗浄 出張	 -	最短即日対応！プロの消臭・洗浄	 -	【電話相談】まずはお電話を	 -	見積もり無料	 -	"""車 シート クリーニング 業者"""	 -	立会不要で清掃作業で時間も有効	 -	出張車内 クリーニングの専門 店	 -	訪問特化型車内の清掃専門業者	 -	灯油 コーヒーこぼしおまかせ	 -	洗浄後無害になる特殊洗剤を使用	 -	18000円からシート車内洗浄対応	 -	１シートのみでもOK 圧倒的洗浄	 -	"""軽 自動車 クリーニング"""	 -	"""車 エバポレーター洗浄 出張"""	 -	宮城県でエバポレーター洗浄 臭いや汚れにお困りなら。専用洗剤とプロの技術で徹底除去。	 -	車内のエバポレーター洗浄 出張。今すぐ専門家へお任せください。	 -	出張費無料で駆けつけます！	 -	使用後は無害になる特殊な洗剤を使用 清掃後は赤ちゃんペットにも無害です。専用の機材を使用	 -	{LOCATION(City):宮城}清掃出張車	エバポ洗浄														Enabled	Enabled	Enabled	Approved	Pending	
426-779-6658	和歌山車	宮城県＿車内クリーニング																														条件_出張																																																				https://carinteriorcleaning.jp/regions/miyagi/shutchou-senmon/					Responsive search ad	【{LOCATION(City):宮城}】出張車内クリーニング	 -	出張 車内クリーニング おすすめ	 -	【期間限定】今だけキャンペーン	 -	365日無休24時間受付中LINE対応	 -	{keyword:出張車内清掃}嘔吐（ゲロ）即対応	 -	"""車 シート クリーニング 業者"""	 -	立会不要で清掃作業で時間も有効	 -	出張車内 クリーニングの専門 店	 -	訪問特化型車内の清掃専門業者	 -	灯油 コーヒーこぼしおまかせ	 -	洗浄後無害になる特殊洗剤を使用	 -	18000円からシート車内洗浄対応	 -	１シートのみでもOK 圧倒的洗浄	 -	"""軽 自動車 クリーニング"""	 -	"""車 灯油 こぼし クリーニング"""	 -	{LOCATION(City):宮城}【地元密着】車内清掃 特急便365日24時間受付中！電話で指定場所まで清掃に出張致します	 -	期間限定キャンペーン有！ 会社のお車を2台以上は、さらに割引 お得な出張車内クリーニング	 -	どこでも出張！ マンションや、会社の駐車場まで出張して、電源無しでも車内清掃のプロが作業	 -	使用後は無害になる特殊な洗剤を使用 清掃後は赤ちゃんペットにも無害です。専用の機材を使用	 -	{LOCATION(City):宮城}清掃出張車	出張専門														Enabled	Enabled	Enabled	Approved	Excellent	
426-779-6658	和歌山車	宮城県＿車内クリーニング																														条件_出張																																																				https://carinteriorcleaning.jp/regions/miyagi/shutchou-senmon/					Responsive search ad	【{LOCATION(City):宮城}】出張車内クリーニング	 -	宮城 出張 車内清掃 即日	 -	最短即日対応！プロの消臭・洗浄	 -	【電話相談】まずはお電話を	 -	見積もり無料	 -	"""車 シート クリーニング 業者"""	 -	立会不要で清掃作業で時間も有効	 -	出張車内 クリーニングの専門 店	 -	訪問特化型車内の清掃専門業者	 -	灯油 コーヒーこぼしおまかせ	 -	洗浄後無害になる特殊洗剤を使用	 -	18000円からシート車内洗浄対応	 -	１シートのみでもOK 圧倒的洗浄	 -	"""軽 自動車 クリーニング"""	 -	"""出張 車内清掃 即日"""	 -	宮城県で出張 車内清掃 即日にお困りなら。専用洗剤とプロの技術で徹底除去。	 -	車内の出張 車内清掃 即日します。今すぐ専門家へお任せください。	 -	出張費無料で駆けつけます！	 -	使用後は無害になる特殊な洗剤を使用 清掃後は赤ちゃんペットにも無害です。専用の機材を使用	 -	{LOCATION(City):宮城}清掃出張車	出張専門														Enabled	Enabled	Enabled	Approved	Average	
426-779-6658	和歌山車	宮城県＿車内クリーニング																														条件_出張																																																				https://carinteriorcleaning.jp/regions/miyagi/shutchou-senmon/					Responsive search ad	【{LOCATION(City):宮城}】出張車内クリーニング	 -	宮城 車内クリーニング 出張	 -	最短即日対応！プロの消臭・洗浄	 -	【電話相談】まずはお電話を	 -	見積もり無料	 -	"""車 シート クリーニング 業者"""	 -	立会不要で清掃作業で時間も有効	 -	出張車内 クリーニングの専門 店	 -	訪問特化型車内の清掃専門業者	 -	灯油 コーヒーこぼしおまかせ	 -	洗浄後無害になる特殊洗剤を使用	 -	18000円からシート車内洗浄対応	 -	１シートのみでもOK 圧倒的洗浄	 -	"""軽 自動車 クリーニング"""	 -	"""車内クリーニング 出張"""	 -	宮城県で車内クリーニング 出張にお困りなら。専用洗剤とプロの技術で徹底除去。	 -	車内のクリーニング 出張。今すぐ専門家へお任せください。	 -	出張費無料で駆けつけます！	 -	使用後は無害になる特殊な洗剤を使用 清掃後は赤ちゃんペットにも無害です。専用の機材を使用	 -	{LOCATION(City):宮城}清掃出張車	出張専門														Enabled	Enabled	Enabled	Approved	Average	
426-779-6658	和歌山車	愛知県＿車内クリーニング																														int愛知_通常清掃	95																																										車 嘔吐 クリーニング 業者	Phrase	82				 -	 -	 -																																																												Enabled	Enabled	Removed	Approved		MOVE_TO:車 嘔吐 クリーニング
426-779-6658	和歌山車	愛知県＿車内クリーニング																														int愛知_通常清掃	95																																										車内 クリーニング 嘔吐 愛知	Phrase	54	54	322		 -	 -	 -	https://carinteriorcleaning.jp/regions/aichi/																																																											Enabled	Enabled	Removed	Approved		MOVE_TO:車 嘔吐 クリーニング
426-779-6658	和歌山車	愛知県＿車内クリーニング																														int愛知_通常清掃	95																																										車内 クリーニング 嘔吐	Phrase	138				 -	 -	 -																																																												Enabled	Enabled	Removed	Approved		MOVE_TO:車 嘔吐 クリーニング
426-779-6658	和歌山車	愛知県＿車内クリーニング																														int愛知_通常清掃	95																																										車 ゲロ クリーニング	Phrase	137				 -	 -	 -																																																												Enabled	Enabled	Removed	Approved		MOVE_TO:車 嘔吐 クリーニング
426-779-6658	和歌山車	愛知県＿車内クリーニング																														int愛知_通常清掃	95																																										車 嘔吐 臭い 取れ ない	Phrase	117				 -	 -	 -																																																												Enabled	Enabled	Removed	Approved		MOVE_TO:車 嘔吐 クリーニング
426-779-6658	和歌山車	愛知県＿車内クリーニング																														int愛知_通常清掃	95																																										ゲロ 臭い 消し 車	Phrase	212				 -	 -	 -																																																												Enabled	Enabled	Removed	Approved		MOVE_TO:車 嘔吐 クリーニング
426-779-6658	和歌山車	愛知県＿車内クリーニング																														int愛知_通常清掃	95																																										シート ベルト 嘔吐 臭い	Phrase	471				 -	 -	 -	https://carinteriorcleaning.jp/regions/aichi/																																																											Enabled	Enabled	Removed	Approved		MOVE_TO:車 嘔吐 クリーニング
426-779-6658	和歌山車	愛知県＿車内クリーニング																														int愛知_通常清掃	95																																										車内 清掃 プロ	Phrase	180	359	471		 -	 -	 -	https://carinteriorcleaning.jp/regions/aichi/interior-cleaning/																																																											Enabled	Enabled	Enabled	Approved		
426-779-6658	和歌山車	愛知県＿車内クリーニング																														int愛知_通常清掃	95																																										車内 クリーニング 嘔吐 どこに 頼む	Phrase	142				 -	 -	 -																																																												Enabled	Enabled	Removed	Approved		MOVE_TO:車 嘔吐 クリーニング
426-779-6658	和歌山車	愛知県＿車内クリーニング																														int愛知_通常清掃	95																																										車 吐瀉 物 掃除	Phrase	668				 -	 -	 -																																																												Enabled	Enabled	Removed	Approved		MOVE_TO:車 嘔吐 クリーニング
426-779-6658	和歌山車	愛知県＿車内クリーニング																														int愛知_通常清掃	95																																										車内 ゲロ クリーニング	Phrase	223				 -	 -	 -																																																												Enabled	Enabled	Removed	Approved		MOVE_TO:車 嘔吐 クリーニング
426-779-6658	和歌山車	愛知県＿車内クリーニング																														int愛知_通常清掃	95																																										車内 嘔吐	Phrase	181				 -	 -	 -																																																												Enabled	Enabled	Removed	Approved		MOVE_TO:車 嘔吐 クリーニング
426-779-6658	和歌山車	愛知県＿車内クリーニング																														int愛知_通常清掃	95																																										車内 クリーニング 専門 業者	Phrase	123	162	288	5	Average	Average	Below average	https://carinteriorcleaning.jp/regions/aichi/interior-cleaning/																																																											Enabled	Enabled	Enabled	Approved		
426-779-6658	和歌山車	愛知県＿車内クリーニング																														int愛知_通常清掃	95																																										車内 ゲロ 掃除	Phrase	157				 -	 -	 -																																																												Enabled	Enabled	Removed	Approved		MOVE_TO:車 嘔吐 クリーニング
426-779-6658	和歌山車	愛知県＿車内クリーニング																														int愛知_通常清掃	95																																										車 クリーニング 嘔吐	Phrase	148				 -	 -	 -																																																												Enabled	Enabled	Removed	Approved		MOVE_TO:車 嘔吐 クリーニング
426-779-6658	和歌山車	愛知県＿車内クリーニング																														int愛知_通常清掃	95																																										車 嘔吐 クリーニング	Phrase	114				 -	 -	 -																																																												Enabled	Enabled	Removed	Approved		MOVE_TO:車 嘔吐 クリーニング
426-779-6658	和歌山車	愛知県＿車内クリーニング																														int愛知_通常清掃	95																																										シート ベルト 嘔吐 掃除	Phrase	297				 -	 -	 -																																																												Enabled	Enabled	Removed	Approved		MOVE_TO:車 嘔吐 クリーニング
426-779-6658	和歌山車	愛知県＿車内クリーニング																														int愛知_通常清掃	95																																										車 ゲロ 掃除	Phrase	193				 -	 -	 -																																																												Enabled	Enabled	Removed	Approved		MOVE_TO:車 嘔吐 クリーニング
426-779-6658	和歌山車	愛知県＿車内クリーニング																														int愛知_通常清掃	95																																										車内 クリーニング 専門 店 愛知	Broad	148	205	205	5	Average	Average	Below average	https://carinteriorcleaning.jp/regions/aichi/interior-cleaning/																																																											Enabled	Enabled	Enabled	Approved		
426-779-6658	和歌山車	愛知県＿車内クリーニング																														int愛知_通常清掃	95																																										車内 嘔吐 臭い 消し	Phrase	180	180	471		 -	 -	 -																																																												Enabled	Enabled	Removed	Approved		MOVE_TO:車 嘔吐 クリーニング
426-779-6658	和歌山車	愛知県＿車内クリーニング																														int愛知_通常清掃	95																																										車内 吐い た 掃除	Phrase	180	205	288		 -	 -	 -																																																												Enabled	Enabled	Removed	Approved		MOVE_TO:車 嘔吐 クリーニング
426-779-6658	和歌山車	愛知県＿車内クリーニング																														int愛知_通常清掃																																																				https://carinteriorcleaning.jp/regions/aichi/interior-cleaning/					Responsive search ad	【{LOCATION(City):愛知}】出張車内クリーニング	 -	【92%満足】出張車内清掃	 -	【期間限定】今だけキャンペーン	 -	365日無休24時間受付中LINE対応	 -	{keyword:出張車内清掃}嘔吐（ゲロ）即対応	 -	"""車 シート クリーニング 業者"""	 -	立会不要で清掃作業で時間も有効	 -	出張車内 クリーニングの専門 店	 -	訪問特化型車内の清掃専門業者	 -	灯油 コーヒーこぼしおまかせ	 -	洗浄後無害になる特殊洗剤を使用	 -	18000円からシート車内洗浄対応	 -	１シートのみでもOK 圧倒的洗浄	 -	"""軽 自動車 クリーニング"""	 -	"""車 灯油 こぼし クリーニング"""	 -	{LOCATION(City):愛知}【地元密着】車内清掃 特急便365日24時間受付中！電話で指定場所まで清掃に出張致します	 -	期間限定キャンペーン有！ 会社のお車を2台以上は、さらに割引 お得な出張車内クリーニング	 -	どこでも出張！ マンションや、会社の駐車場まで出張して、電源無しでも車内清掃のプロが作業	 -	使用後は無害になる特殊な洗剤を使用 清掃後は赤ちゃんペットにも無害です。専用の機材を使用	 -	{LOCATION(City):愛知}清掃出張車	車内清掃														Enabled	Enabled	Enabled	Approved	Excellent	
426-779-6658	和歌山車	愛知県＿車内クリーニング																														車内の臭い																																																				https://carinteriorcleaning.jp/regions/aichi/shanai-nioi/					Responsive search ad	【{LOCATION(City):愛知}】出張車内クリーニング	 -	愛知府の車内の臭いクリーニング	 -	最短即日対応！プロの消臭・洗浄	 -	【電話相談】まずはお電話を	 -	見積もり無料	 -	"""車 シート クリーニング 業者"""	 -	立会不要で清掃作業で時間も有効	 -	出張車内 クリーニングの専門 店	 -	訪問特化型車内の清掃専門業者	 -	灯油 コーヒーこぼしおまかせ	 -	洗浄後無害になる特殊洗剤を使用	 -	18000円からシート車内洗浄対応	 -	１シートのみでもOK 圧倒的洗浄	 -	"""軽 自動車 クリーニング"""	 -	"""車 灯油 こぼし クリーニング"""	 -	愛知県で車内の臭いの臭いや汚れにお困りなら。専用洗剤とプロの技術で徹底除去。	 -	車内の車内の臭いは放置すると悪化します。今すぐ専門家へお任せください。	 -	出張費無料で駆けつけます！	 -	使用後は無害になる特殊な洗剤を使用 清掃後は赤ちゃんペットにも無害です。専用の機材を使用	 -	{LOCATION(City):愛知}清掃出張車	車内臭い														Enabled	Enabled	Enabled	Approved	Excellent	
426-779-6658	和歌山車	愛知県＿車内クリーニング																														車　 汗																																										None	"嘔吐""""灯油""""エアコン"	Negative Phrase																																																																			Enabled	Enabled	Removed			SPLIT_TO:嘔吐/灯油/エアコン
426-779-6658	和歌山車	愛知県＿車内クリーニング																														車　 汗																																																				https://carinteriorcleaning.jp/regions/aichi/ase/					Responsive search ad	【{LOCATION(City):愛知}】出張車内クリーニング	 -	愛知府の車 汗クリーニング	 -	最短即日対応！プロの消臭・洗浄	 -	【電話相談】まずはお電話を	 -	見積もり無料	 -	"""車 シート クリーニング 業者"""	 -	立会不要で清掃作業で時間も有効	 -	出張車内 クリーニングの専門 店	 -	訪問特化型車内の清掃専門業者	 -	灯油 コーヒーこぼしおまかせ	 -	洗浄後無害になる特殊洗剤を使用	 -	18000円からシート車内洗浄対応	 -	１シートのみでもOK 圧倒的洗浄	 -	"""軽 自動車 クリーニング"""	 -	"""車 灯油 こぼし クリーニング"""	 -	愛知県で車 汗の臭いや汚れにお困りなら。専用洗剤とプロの技術で徹底除去。	 -	車内の車 汗は放置すると悪化します。今すぐ専門家へお任せください。	 -	出張費無料で駆けつけます！	 -	使用後は無害になる特殊な洗剤を使用 清掃後は赤ちゃんペットにも無害です。専用の機材を使用	 -	{LOCATION(City):愛知}清掃出張車	汗ニオイ清掃														Enabled	Enabled	Enabled	Approved	Excellent	
426-779-6658	和歌山車	愛知県＿車内クリーニング																														中古車タバコ臭																																																				https://carinteriorcleaning.jp/regions/aichi/chuko-tabako/					Responsive search ad	【{LOCATION(City):愛知}】出張車内クリーニング	 -	中古車タバコ臭クリーニング	 -	最短即日対応！プロの消臭・洗浄	 -	【電話相談】まずはお電話を	 -	見積もり無料	 -	"""車 シート クリーニング 業者"""	 -	立会不要で清掃作業で時間も有効	 -	出張車内 クリーニングの専門 店	 -	訪問特化型車内の清掃専門業者	 -	灯油 コーヒーこぼしおまかせ	 -	洗浄後無害になる特殊洗剤を使用	 -	18000円からシート車内洗浄対応	 -	１シートのみでもOK 圧倒的洗浄	 -	"""軽 自動車 クリーニング"""	 -	"""車 灯油 こぼし クリーニング"""	 -	愛知県で中古車タバコ臭の臭いや汚れにお困りなら。専用洗剤とプロの技術で徹底除去。	 -	車内の中古車タバコ臭は放置すると悪化します。今すぐ専門家へお任せください。	 -	出張費無料で駆けつけます！	 -	使用後は無害になる特殊な洗剤を使用 清掃後は赤ちゃんペットにも無害です。専用の機材を使用	 -	{LOCATION(City):愛知}清掃出張車	タバコ臭清掃														Enabled	Enabled	Enabled	Approved	Excellent	
426-779-6658	和歌山車	愛知県＿車内クリーニング																														中古車加齢臭																																																				https://carinteriorcleaning.jp/regions/aichi/chuko-kareisyu/					Responsive search ad	【{LOCATION(City):愛知}】出張車内クリーニング	 -	中古車加齢臭クリーニング	 -	最短即日対応！プロの消臭・洗浄	 -	【電話相談】まずはお電話を	 -	見積もり無料	 -	"""車 シート クリーニング 業者"""	 -	立会不要で清掃作業で時間も有効	 -	出張車内 クリーニングの専門 店	 -	訪問特化型車内の清掃専門業者	 -	灯油 コーヒーこぼしおまかせ	 -	洗浄後無害になる特殊洗剤を使用	 -	18000円からシート車内洗浄対応	 -	１シートのみでもOK 圧倒的洗浄	 -	"""軽 自動車 クリーニング"""	 -	"""車 灯油 こぼし クリーニング"""	 -	愛知県で中古車加齢臭の臭いや汚れにお困りなら。専用洗剤とプロの技術で徹底除去。	 -	車内の中古車加齢臭は放置すると悪化します。今すぐ専門家へお任せください。	 -	出張費無料で駆けつけます！	 -	使用後は無害になる特殊な洗剤を使用 清掃後は赤ちゃんペットにも無害です。専用の機材を使用	 -	{LOCATION(City):愛知}清掃出張車	加齢臭消臭														Enabled	Enabled	Enabled	Approved	Excellent	
426-779-6658	和歌山車	愛知県＿車内クリーニング																														車ペット毛																																																				https://carinteriorcleaning.jp/regions/aichi/pet-ke/					Responsive search ad	【{LOCATION(City):愛知}】出張車内クリーニング	 -	愛知府の車ペット毛クリーニング	 -	最短即日対応！プロの消臭・洗浄	 -	【電話相談】まずはお電話を	 -	見積もり無料	 -	"""車 シート クリーニング 業者"""	 -	立会不要で清掃作業で時間も有効	 -	出張車内 クリーニングの専門 店	 -	訪問特化型車内の清掃専門業者	 -	灯油 コーヒーこぼしおまかせ	 -	洗浄後無害になる特殊洗剤を使用	 -	18000円からシート車内洗浄対応	 -	１シートのみでもOK 圧倒的洗浄	 -	"""軽 自動車 クリーニング"""	 -	"""車 灯油 こぼし クリーニング"""	 -	愛知県で車ペット毛の臭いや汚れにお困りなら。専用洗剤とプロの技術で徹底除去。	 -	車内の車ペット毛は放置すると悪化します。今すぐ専門家へお任せください。	 -	出張費無料で駆けつけます！	 -	使用後は無害になる特殊な洗剤を使用 清掃後は赤ちゃんペットにも無害です。専用の機材を使用	 -	{LOCATION(City):愛知}清掃出張車	ペット毛清掃														Enabled	Enabled	Enabled	Approved	Excellent	
426-779-6658	和歌山車	愛知県＿車内クリーニング																														車 嘔吐 クリーニング																																																				https://carinteriorcleaning.jp/regions/aichi/kyuto-cleaning/					Responsive search ad	【{LOCATION(City):愛知}】出張車内クリーニング	 -	車 嘔吐 クリーニング	 -	最短即日対応！プロの消臭・洗浄	 -	【電話相談】まずはお電話を	 -	見積もり無料	 -	"""車 シート クリーニング 業者"""	 -	立会不要で清掃作業で時間も有効	 -	出張車内 クリーニングの専門 店	 -	訪問特化型車内の清掃専門業者	 -	灯油 コーヒーこぼしおまかせ	 -	車 シート 汚れ 落とし 方	 -	18000円からシート車内洗浄対応	 -	１シートのみでもOK 圧倒的洗浄	 -	"""軽 自動車 クリーニング"""	 -	"""車 灯油 こぼし クリーニング"""	 -	愛知県で車 嘔吐 クリーニング汚れにお困りなら。専用洗剤とプロの技術で徹底除去。	 -	車内の 嘔吐は放置すると悪化します。今すぐ専門家へお任せください。	 -	出張費無料で駆けつけます！	 -	使用後は無害になる特殊な洗剤を使用 清掃後は赤ちゃんペットにも無害です。専用の機材を使用	 -	{LOCATION(City):愛知}清掃出張車	嘔吐ニオイ清掃														Enabled	Enabled	Enabled	Approved	Excellent	
426-779-6658	和歌山車	愛知県＿車内クリーニング																														車 匂い 消し・消臭洗浄																																																				https://carinteriorcleaning.jp/regions/aichi/kuruma-nioi-keshi/					Responsive search ad	【{LOCATION(City):愛知}】出張車内クリーニング	 -	車 匂い 消し・消臭洗浄	 -	最短即日対応！プロの消臭・洗浄	 -	【電話相談】まずはお電話を	 -	見積もり無料	 -	"""車 匂い 消し消臭洗浄 業者"""	 -	立会不要で清掃作業で時間も有効	 -	車 匂い 消し消臭洗浄の専門 店	 -	訪問特化型車内の清掃専門業者	 -	灯油 コーヒーこぼしもおまかせ	 -	車 シート 汚れ 落とし	 -	18000円からシート車内洗浄対応	 -	１シートのみでもOK 圧倒的洗浄	 -	"""軽 自動車 クリーニング"""	 -	"""車 匂い 消し・消臭洗浄"""	 -	愛知県で車 匂い 消し・消臭洗浄汚れにお困りなら。専用洗剤とプロの技術で徹底除去。	 -	車内の車 匂い 消し・消臭洗浄は放置すると悪化します。今すぐ専門家へお任せください。	 -	出張費無料で駆けつけます！	 -	使用後は無害になる特殊な洗剤を使用 清掃後は赤ちゃんペットにも無害です。専用の機材を使用	 -	{LOCATION(City):愛知}清掃出張車	匂い消し														Enabled	Enabled	Enabled	Approved	Excellent	
426-779-6658	和歌山車	愛知県＿車内クリーニング																														車　 おもらし																																										None	"嘔吐""""灯油""""エアコン"	Negative Phrase																																																																			Enabled	Enabled	Removed			SPLIT_TO:嘔吐/灯油/エアコン
426-779-6658	和歌山車	愛知県＿車内クリーニング																														車　 おもらし	95																																										車 おもらし	Phrase	105	105	145		 -	 -	 -	https://carinteriorcleaning.jp/regions/aichi/omorashi/																																																											Enabled	Enabled	Enabled	Approved		
426-779-6658	和歌山車	愛知県＿車内クリーニング																														車　 おもらし																																																				https://carinteriorcleaning.jp/regions/aichi/omorashi/					Responsive search ad	【{LOCATION(City):愛知}】出張車内クリーニング	 -	愛知の車 おもらしくリーニング	 -	最短即日対応！プロの消臭・洗浄	 -	【電話相談】まずはお電話を	 -	見積もり無料	 -	"""車 シート クリーニング 業者"""	 -	立会不要で清掃作業で時間も有効	 -	出張車内 クリーニングの専門 店	 -	訪問特化型車内の清掃専門業者	 -	灯油 コーヒーこぼしおまかせ	 -	洗浄後無害になる特殊洗剤を使用	 -	18000円からシート車内洗浄対応	 -	１シートのみでもOK 圧倒的洗浄	 -	"""軽 自動車 クリーニング"""	 -	"""車 灯油 こぼし クリーニング"""	 -	愛知県で車 おもらしの臭いや汚れにお困りなら。専用洗剤とプロの技術で徹底除去。	 -	車内の車 おもらしは放置すると悪化します。今すぐ専門家へお任せください。	 -	出張費無料で駆けつけます！	 -	使用後は無害になる特殊な洗剤を使用 清掃後は赤ちゃんペットにも無害です。専用の機材を使用	 -	{LOCATION(City):愛知}清掃出張車	おもらし清掃														Enabled	Enabled	Enabled	Approved	Average	
426-779-6658	和歌山車	愛知県＿車内クリーニング																														車　 エアコン臭い																																																				https://carinteriorcleaning.jp/regions/aichi/ac-nioi/					Responsive search ad	【{LOCATION(City):愛知}】出張車内クリーニング	 -	車 エアコン臭いクリーニング	 -	最短即日対応！プロの消臭・洗浄	 -	【電話相談】まずはお電話を	 -	見積もり無料	 -	"""車 シート クリーニング 業者"""	 -	立会不要で清掃作業で時間も有効	 -	出張車内 クリーニングの専門 店	 -	訪問特化型車内の清掃専門業者	 -	灯油 コーヒーこぼしおまかせ	 -	洗浄後無害になる特殊洗剤を使用	 -	18000円からシート車内洗浄対応	 -	１シートのみでもOK 圧倒的洗浄	 -	"""軽 自動車 クリーニング"""	 -	"""車 灯油 こぼし クリーニング"""	 -	愛知県で車 エアコン臭いの臭いや汚れにお困りなら。専用洗剤とプロの技術で徹底除去。	 -	車内の車 エアコン臭いは放置すると悪化します。今すぐ専門家へお任せください。	 -	出張費無料で駆けつけます！	 -	使用後は無害になる特殊な洗剤を使用 清掃後は赤ちゃんペットにも無害です。専用の機材を使用	 -	{LOCATION(City):愛知}清掃出張車	エアコン臭い														Enabled	Enabled	Enabled	Approved	Excellent	
426-779-6658	和歌山車	愛知県＿車内クリーニング																														車　加齢臭																																																				https://carinteriorcleaning.jp/regions/aichi/kareisyu/					Responsive search ad	【{LOCATION(City):愛知}】出張車内クリーニング	 -	愛知府の車 加齢臭クリーニング	 -	最短即日対応！プロの消臭・洗浄	 -	【電話相談】まずはお電話を	 -	見積もり無料	 -	"""車 シート クリーニング 業者"""	 -	立会不要で清掃作業で時間も有効	 -	出張車内 クリーニングの専門 店	 -	訪問特化型車内の清掃専門業者	 -	灯油 コーヒーこぼしおまかせ	 -	洗浄後無害になる特殊洗剤を使用	 -	18000円からシート車内洗浄対応	 -	１シートのみでもOK 圧倒的洗浄	 -	"""軽 自動車 クリーニング"""	 -	"""車 灯油 こぼし クリーニング"""	 -	愛知県で車 加齢臭の臭いや汚れにお困りなら。専用洗剤とプロの技術で徹底除去。	 -	車内の車 加齢臭は放置すると悪化します。今すぐ専門家へお任せください。	 -	出張費無料で駆けつけます！	 -	使用後は無害になる特殊な洗剤を使用 清掃後は赤ちゃんペットにも無害です。専用の機材を使用	 -	{LOCATION(City):愛知}清掃出張車	加齢臭消臭														Enabled	Enabled	Enabled	Approved	Excellent	
426-779-6658	和歌山車	愛知県＿車内クリーニング																														車　 ペット臭																																																				https://carinteriorcleaning.jp/regions/aichi/pet-nioi/					Responsive search ad	【{LOCATION(City):愛知}】出張車内クリーニング	 -	愛知の車 ペット臭クリーニング	 -	最短即日対応！プロの消臭・洗浄	 -	【電話相談】まずはお電話を	 -	見積もり無料	 -	"""車 シート クリーニング 業者"""	 -	立会不要で清掃作業で時間も有効	 -	出張車内 クリーニングの専門 店	 -	訪問特化型車内の清掃専門業者	 -	灯油 コーヒーこぼしおまかせ	 -	洗浄後無害になる特殊洗剤を使用	 -	18000円からシート車内洗浄対応	 -	１シートのみでもOK 圧倒的洗浄	 -	"""軽 自動車 クリーニング"""	 -	"""車 灯油 こぼし クリーニング"""	 -	愛知県で車 ペット臭の臭いや汚れにお困りなら。専用洗剤とプロの技術で徹底除去。	 -	車内の車 ペット臭は放置すると悪化します。今すぐ専門家へお任せください。	 -	出張費無料で駆けつけます！	 -	使用後は無害になる特殊な洗剤を使用 清掃後は赤ちゃんペットにも無害です。専用の機材を使用	 -	{LOCATION(City):愛知}清掃出張車	ペット臭消臭														Enabled	Enabled	Enabled	Approved	Excellent	
426-779-6658	和歌山車	愛知県＿車内クリーニング																														車シート 洗浄																																																				https://carinteriorcleaning.jp/regions/aichi/seat-senjo/					Responsive search ad	【{LOCATION(City):愛知}】出張車内クリーニング	 -	愛知車シート 洗浄クリーニング	 -	最短即日対応！プロの消臭・洗浄	 -	【電話相談】まずはお電話を	 -	見積もり無料	 -	"""車 シート クリーニング 業者"""	 -	立会不要で清掃作業で時間も有効	 -	出張車内 クリーニングの専門 店	 -	訪問特化型車内の清掃専門業者	 -	灯油 コーヒーこぼしおまかせ	 -	洗浄後無害になる特殊洗剤を使用	 -	18000円からシート車内洗浄対応	 -	１シートのみでもOK 圧倒的洗浄	 -	"""軽 自動車 クリーニング"""	 -	"""車 灯油 こぼし クリーニング"""	 -	愛知県で車シート 洗浄の臭いや汚れにお困りなら。専用洗剤とプロの技術で徹底除去。	 -	車内の車シート 洗浄は放置すると悪化します。今すぐ専門家へお任せください。	 -	出張費無料で駆けつけます！	 -	使用後は無害になる特殊な洗剤を使用 清掃後は赤ちゃんペットにも無害です。専用の機材を使用	 -	{LOCATION(City):愛知}清掃出張車	シート洗浄														Enabled	Enabled	Enabled	Approved	Excellent	
426-779-6658	和歌山車	愛知県＿車内クリーニング																														車シート クリーニング																																										None	"嘔吐""""灯油""""エアコン"	Negative Phrase																																																																			Enabled	Enabled	Removed			SPLIT_TO:嘔吐/灯油/エアコン
426-779-6658	和歌山車	愛知県＿車内クリーニング																														車シート クリーニング																																																				https://carinteriorcleaning.jp/regions/aichi/seat-cleaning/					Responsive search ad	【{LOCATION(City):愛知}】出張車内クリーニング	 -	愛知車シート クリーニング	 -	最短即日対応！プロの消臭・洗浄	 -	【電話相談】まずはお電話を	 -	見積もり無料	 -	"""車 シート クリーニング 業者"""	 -	立会不要で清掃作業で時間も有効	 -	出張車内 クリーニングの専門 店	 -	訪問特化型車内の清掃専門業者	 -	灯油 コーヒーこぼしおまかせ	 -	洗浄後無害になる特殊洗剤を使用	 -	18000円からシート車内洗浄対応	 -	１シートのみでもOK 圧倒的洗浄	 -	"""軽 自動車 クリーニング"""	 -	"""車 灯油 こぼし クリーニング"""	 -	愛知県で車シート クリーニングの臭いや汚れにお困りなら。専用洗剤とプロの技術で徹底除去。	 -	車内の車シート クリーニングは放置すると悪化します。今すぐ専門家へお任せください。	 -	出張費無料で駆けつけます！	 -	使用後は無害になる特殊な洗剤を使用 清掃後は赤ちゃんペットにも無害です。専用の機材を使用	 -	{LOCATION(City):愛知}清掃出張車	シート清掃														Enabled	Enabled	Enabled	Approved	Excellent	
426-779-6658	和歌山車	愛知県＿車内クリーニング																														車　 おしっこ																																																				https://carinteriorcleaning.jp/regions/aichi/oshikko/					Responsive search ad	【{LOCATION(City):愛知}】出張車内クリーニング	 -	愛知の車 おしっこクリーニング	 -	最短即日対応！プロの消臭・洗浄	 -	【電話相談】まずはお電話を	 -	見積もり無料	 -	"""車 シート クリーニング 業者"""	 -	立会不要で清掃作業で時間も有効	 -	出張車内 クリーニングの専門 店	 -	訪問特化型車内の清掃専門業者	 -	灯油 コーヒーこぼしおまかせ	 -	洗浄後無害になる特殊洗剤を使用	 -	18000円からシート車内洗浄対応	 -	１シートのみでもOK 圧倒的洗浄	 -	"""軽 自動車 クリーニング"""	 -	"""車 灯油 こぼし クリーニング"""	 -	愛知県で車 おしっこの臭いや汚れにお困りなら。専用洗剤とプロの技術で徹底除去。	 -	車内の車 おしっこは放置すると悪化します。今すぐ専門家へお任せください。	 -	出張費無料で駆けつけます！	 -	使用後は無害になる特殊な洗剤を使用 清掃後は赤ちゃんペットにも無害です。専用の機材を使用	 -	{LOCATION(City):愛知}清掃出張車	おしっこ消臭														Enabled	Enabled	Enabled	Approved	Excellent	
426-779-6658	和歌山車	愛知県＿車内クリーニング																														車　 うんこ																																																				https://carinteriorcleaning.jp/regions/aichi/unko/					Responsive search ad	【{LOCATION(City):愛知}】出張車内クリーニング	 -	愛知府の車 うんこクリーニング	 -	最短即日対応！プロの消臭・洗浄	 -	【電話相談】まずはお電話を	 -	見積もり無料	 -	"""車 シート クリーニング 業者"""	 -	立会不要で清掃作業で時間も有効	 -	出張車内 クリーニングの専門 店	 -	訪問特化型車内の清掃専門業者	 -	灯油 コーヒーこぼしおまかせ	 -	洗浄後無害になる特殊洗剤を使用	 -	18000円からシート車内洗浄対応	 -	１シートのみでもOK 圧倒的洗浄	 -	"""軽 自動車 クリーニング"""	 -	"""車うんこクリーニング """	 -	愛知県で車 うんこの臭いや汚れにお困りなら。専用洗剤とプロの技術で徹底除去。	 -	車内の車 うんこは放置すると悪化します。今すぐ専門家へお任せください。	 -	出張費無料で駆けつけます！	 -	使用後は無害になる特殊な洗剤を使用 清掃後は赤ちゃんペットにも無害です。専用の機材を使用	 -	{LOCATION(City):愛知}清掃出張車	うんこ清掃														Enabled	Enabled	Enabled	Approved	Average	
426-779-6658	和歌山車	愛知県＿車内クリーニング																														車の匂い取り																																										None	"嘔吐""""灯油""""エアコン"	Negative Phrase																																																																			Enabled	Enabled	Removed			SPLIT_TO:嘔吐/灯油/エアコン
426-779-6658	和歌山車	愛知県＿車内クリーニング																														車の匂い取り																																																				https://carinteriorcleaning.jp/regions/aichi/kuruma-nioitori/					Responsive search ad	【{LOCATION(City):愛知}】出張車内クリーニング	 -	愛知の車の匂い取りクリーニング	 -	最短即日対応！プロの消臭・洗浄	 -	【電話相談】まずはお電話を	 -	見積もり無料	 -	"""車 シート クリーニング 業者"""	 -	立会不要で清掃作業で時間も有効	 -	出張車内 クリーニングの専門 店	 -	訪問特化型車内の清掃専門業者	 -	灯油 コーヒーこぼしおまかせ	 -	洗浄後無害になる特殊洗剤を使用	 -	18000円からシート車内洗浄対応	 -	１シートのみでもOK 圧倒的洗浄	 -	"""軽 自動車 クリーニング"""	 -	"""車 灯油 こぼし クリーニング"""	 -	愛知県で車の匂い取りの臭いや汚れにお困りなら。専用洗剤とプロの技術で徹底除去。	 -	車内の車の匂い取りは放置すると悪化します。今すぐ専門家へお任せください。	 -	出張費無料で駆けつけます！	 -	使用後は無害になる特殊な洗剤を使用 清掃後は赤ちゃんペットにも無害です。専用の機材を使用	 -	{LOCATION(City):愛知}清掃出張車	匂い取り														Enabled	Enabled	Enabled	Approved	Excellent	
426-779-6658	和歌山車	愛知県＿車内クリーニング																														車　 タバコの匂い汚れ・タバコのヤニ																																																				https://carinteriorcleaning.jp/regions/aichi/tabako-yani/					Responsive search ad	【{LOCATION(City):愛知}】出張車内クリーニング	 -	車 タバコ匂い汚れクリーニング	 -	最短即日対応！プロの消臭・洗浄	 -	【電話相談】まずはお電話を	 -	見積もり無料	 -	"""車 シート クリーニング 業者"""	 -	立会不要で清掃作業で時間も有効	 -	出張車内 クリーニングの専門 店	 -	訪問特化型車内の清掃専門業者	 -	灯油 コーヒーこぼしおまかせ	 -	洗浄後無害になる特殊洗剤を使用	 -	18000円からシート車内洗浄対応	 -	１シートのみでもOK 圧倒的洗浄	 -	"""軽 自動車 クリーニング"""	 -	"""車 灯油 こぼし クリーニング"""	 -	愛知県で車 タバコの匂い汚れの臭いや汚れにお困りなら。専用洗剤とプロの技術で徹底除去。	 -	車内の車 タバコの匂い汚れは放置すると悪化します。今すぐ専門家へお任せください。	 -	出張費無料で駆けつけます！	 -	使用後は無害になる特殊な洗剤を使用 清掃後は赤ちゃんペットにも無害です。専用の機材を使用	 -	{LOCATION(City):愛知}清掃出張車	タバコヤニ清掃														Enabled	Enabled	Enabled	Approved	Good	
426-779-6658	和歌山車	愛知県＿車内クリーニング																														車内 灯油 こぼし																																																				https://carinteriorcleaning.jp/regions/aichi/touyu-kobosi/					Responsive search ad	【{LOCATION(City):愛知}】出張車内クリーニング	 -	車内 灯油 こぼしクリーニング	 -	最短即日対応！プロの消臭・洗浄	 -	【電話相談】まずはお電話を	 -	見積もり無料	 -	"""車 シート クリーニング 業者"""	 -	立会不要で清掃作業で時間も有効	 -	出張車内 クリーニングの専門 店	 -	訪問特化型車内の清掃専門業者	 -	灯油 コーヒーこぼしおまかせ	 -	洗浄後無害になる特殊洗剤を使用	 -	18000円からシート車内洗浄対応	 -	１シートのみでもOK 圧倒的洗浄	 -	"""軽 自動車 クリーニング"""	 -	"""車 灯油 こぼし クリーニング"""	 -	愛知県で車内 灯油 こぼしの臭いや汚れにお困りなら。専用洗剤とプロの技術で徹底除去。	 -	車内の車内 灯油 こぼしは放置すると悪化します。今すぐ専門家へお任せください。	 -	出張費無料で駆けつけます！	 -	使用後は無害になる特殊な洗剤を使用 清掃後は赤ちゃんペットにも無害です。専用の機材を使用	 -	{LOCATION(City):愛知}清掃出張車	灯油清掃														Enabled	Enabled	Enabled	Approved	Excellent	
426-779-6658	和歌山車	愛知県＿車内クリーニング																														AG_緊急_嘔吐																																																				https://carinteriorcleaning.jp/regions/aichi/vomit-cleaning/					Responsive search ad	【{LOCATION(City):愛知}】出張車内クリーニング	 -	車 ゲロ 消臭 即日	 -	最短即日対応！プロの消臭・洗浄	 -	【電話相談】まずはお電話を	 -	見積もり無料	 -	ペット粗相洗浄業者	 -	立会不要で清掃作業で時間も有効	 -	出張車内 クリーニングの専門 店	 -	訪問特化型車内の清掃専門業者	 -	車 ゲロ 消臭 即日クリーニング	 -	車 シート 汚れ 落とし 方	 -	18000円からシート車内洗浄対応	 -	１シートのみでもOK 圧倒的洗浄	 -	"""軽 自動車 クリーニング"""	 -	"""車 ゲロ 消臭即日クリーニング"""	 -	愛知で車 ゲロ の臭いや汚れにお困りなら。専用洗剤とプロの技術で徹底除去。	 -	車内の車 ゲロ 臭 は放置すると悪化します。今すぐ専門家へお任せください。	 -	出張費無料で駆けつけます！	 -	使用後は無害になる特殊な洗剤を使用 清掃後は赤ちゃんペットにも無害です。専用の機材を使用	 -	{LOCATION(City):愛知}清掃出張車	嘔吐ニオイ清掃														Enabled	Enabled	Enabled	Approved	Average	
426-779-6658	和歌山車	愛知県＿車内クリーニング																														AG_緊急_灯油																																																				https://carinteriorcleaning.jp/regions/aichi/touyu-kobosi/					Responsive search ad	【{LOCATION(City):愛知}】出張車内クリーニング	 -	車 灯油 こぼし 出張	 -	最短即日対応！プロの消臭・洗浄	 -	【電話相談】まずはお電話を	 -	見積もり無料	 -	"""車 シート クリーニング 業者"""	 -	立会不要で清掃作業で時間も有効	 -	出張車内 クリーニングの専門 店	 -	訪問特化型車内の清掃専門業者	 -	灯油 コーヒーこぼしおまかせ	 -	洗浄後無害になる特殊洗剤を使用	 -	18000円からシート車内洗浄対応	 -	１シートのみでもOK 圧倒的洗浄	 -	"""軽 自動車 灯油 こぼし 出張"""	 -	"""車 灯油 こぼし クリーニング"""	 -	愛知県で車 汗の臭いや汚れにお困りなら。専用洗剤とプロの技術で徹底除去。	 -	車内の車 汗は放置すると悪化します。今すぐ専門家へお任せください。	 -	出張費無料で駆けつけます！	 -	使用後は無害になる特殊な洗剤を使用 清掃後は赤ちゃんペットにも無害です。専用の機材を使用	 -	{LOCATION(City):愛知}清掃出張車	灯油清掃														Enabled	Enabled	Enabled	Approved	Good	
426-779-6658	和歌山車	愛知県＿車内クリーニング																														AG_緊急_灯油																																																				https://carinteriorcleaning.jp/regions/aichi/touyu-kobosi/					Responsive search ad	【{LOCATION(City):愛知}】出張車内クリーニング	 -	車 灯油 臭い 取れない 業者	 -	最短即日対応！プロの消臭・洗浄	 -	【電話相談】まずはお電話を	 -	見積もり無料	 -	"""車 シート クリーニング 業者"""	 -	立会不要で清掃作業で時間も有効	 -	出張車内 クリーニングの専門 店	 -	訪問特化型車内の清掃専門業者	 -	灯油 コーヒーこぼしおまかせ	 -	洗浄後無害になる特殊洗剤を使用	 -	18000円からシート車内洗浄対応	 -	１シートのみでもOK 圧倒的洗浄	 -	"""軽 自動車 クリーニング"""	 -	"""車 灯油 臭取ないクリーニング"""	 -	愛知県で車 灯油 臭い 取れない臭いや汚れにお困りなら。専用洗剤とプロの技術で徹底除去。	 -	車内の車 灯油 臭い 取れない臭は放置すると悪化します。今すぐ専門家へお任せください。	 -	出張費無料で駆けつけます！	 -	使用後は無害になる特殊な洗剤を使用 清掃後は赤ちゃんペットにも無害です。専用の機材を使用	 -	{LOCATION(City):愛知}清掃出張車	灯油清掃														Enabled	Enabled	Enabled	Approved	Excellent	
426-779-6658	和歌山車	愛知県＿車内クリーニング																														AG_緊急_灯油																																																				https://carinteriorcleaning.jp/regions/aichi/touyu-kobosi/					Responsive search ad	【{LOCATION(City):愛知}】出張車内クリーニング	 -	車 灯油 こぼした 消臭 出張	 -	最短即日対応！プロの消臭・洗浄	 -	【電話相談】まずはお電話を	 -	見積もり無料	 -	"""車 シート クリーニング 業者"""	 -	立会不要で清掃作業で時間も有効	 -	出張車内 クリーニングの専門 店	 -	訪問特化型車内の清掃専門業者	 -	灯油 コーヒーこぼしおまかせ	 -	洗浄後無害になる特殊洗剤を使用	 -	18000円からシート車内洗浄対応	 -	１シートのみでもOK 圧倒的洗浄	 -	""" 車 灯油 こぼしクリーニング"""	 -	"""軽四灯油 こぼし クリーニング"""	 -	愛知県で車 灯油 こぼし 汚れにお困りなら。専用洗剤とプロの技術で徹底除去。	 -	車内の車 灯油 こぼし 臭は放置すると悪化します。今すぐ専門家へお任せください。	 -	出張費無料で駆けつけます！	 -	使用後は無害になる特殊な洗剤を使用 清掃後は赤ちゃんペットにも無害です。専用の機材を使用	 -	{LOCATION(City):愛知}清掃出張車	灯油清掃														Enabled	Enabled	Enabled	Approved	Good	
426-779-6658	和歌山車	愛知県＿車内クリーニング																														AG_緊急_ペット	95																																										車 おもらし シート 洗浄	Phrase	85				 -	 -	 -	https://carinteriorcleaning.jp/regions/aichi/omorashi/																																																											Enabled	Enabled	Enabled	Approved		
426-779-6658	和歌山車	愛知県＿車内クリーニング																														AG_緊急_ペット	95																																										犬 車 お漏らし 消臭 業者	Phrase	85				 -	 -	 -	https://carinteriorcleaning.jp/regions/aichi/omorashi/																																																											Enabled	Enabled	Enabled	Approved		
426-779-6658	和歌山車	愛知県＿車内クリーニング																														AG_緊急_ペット																																																				https://carinteriorcleaning.jp/regions/aichi/oshikko/					Responsive search ad	【{LOCATION(City):愛知}】出張車内クリーニング	 -	車 おしっこ シート 洗浄 出張	 -	最短即日対応！プロの消臭・洗浄	 -	【電話相談】まずはお電話を	 -	見積もり無料	 -	"""車 シート クリーニング 業者"""	 -	立会不要で清掃作業で時間も有効	 -	出張車内 クリーニングの専門 店	 -	訪問特化型車内の清掃専門業者	 -	おしっこ シート 洗浄おまかせ	 -	洗浄後無害になる特殊洗剤を使用	 -	18000円からシート車内洗浄対応	 -	１シートのみでもOK 圧倒的洗浄	 -	"""軽 自動車 クリーニング"""	 -	"""車おしっこ クリーニング"""	 -	愛知県で車 おしっこ シート の臭いや汚れにお困りなら。専用洗剤とプロの技術で徹底除去。	 -	車 おしっこ シート放置すると悪化します。今すぐ専門家へお任せください。	 -	出張費無料で駆けつけます！	 -	使用後は無害になる特殊な洗剤を使用 清掃後は赤ちゃんペットにも無害です。専用の機材を使用	 -	{LOCATION(City):愛知}清掃出張車	おしっこ消臭														Enabled	Enabled	Enabled	Approved	Good	
426-779-6658	和歌山車	愛知県＿車内クリーニング																														AG_緊急_ペット																																																				https://carinteriorcleaning.jp/regions/aichi/oshikko/					Responsive search ad	【{LOCATION(City):愛知}】出張車内クリーニング	 -	車 おもらし シート 洗浄	 -	最短即日対応！プロの消臭・洗浄	 -	【電話相談】まずはお電話を	 -	見積もり無料	 -	"""車 シート クリーニング 業者"""	 -	立会不要で清掃作業で時間も有効	 -	出張車内 クリーニングの専門 店	 -	訪問特化型車内の清掃専門業者	 -	灯油 コーヒーこぼしおまかせ	 -	洗浄後無害になる特殊洗剤を使用	 -	18000円からシート車内洗浄対応	 -	１シートのみでもOK 圧倒的洗浄	 -	"""軽 自動車 クリーニング"""	 -	"""車 灯油 こぼし クリーニング"""	 -	愛知県で車 おもらし シート 汚れにお困りなら。専用洗剤とプロの技術で徹底除去。	 -	車 おもらし シート は放置すると悪化します。今すぐ専門家へお任せください。	 -	出張費無料で駆けつけます！	 -	使用後は無害になる特殊な洗剤を使用 清掃後は赤ちゃんペットにも無害です。専用の機材を使用	 -	{LOCATION(City):愛知}清掃出張車	おしっこ消臭														Enabled	Enabled	Enabled	Approved	Good	
426-779-6658	和歌山車	愛知県＿車内クリーニング																														AG_緊急_ペット																																																				https://carinteriorcleaning.jp/regions/aichi/oshikko/					Responsive search ad	【{LOCATION(City):愛知}】出張車内クリーニング	 -	ペット 粗相 車 消臭	 -	最短即日対応！プロの消臭・洗浄	 -	【電話相談】まずはお電話を	 -	見積もり無料	 -	"""車 シート クリーニング 業者"""	 -	立会不要で清掃作業で時間も有効	 -	出張車内 クリーニングの専門 店	 -	訪問特化型車内の清掃専門業者	 -	灯油 コーヒーこぼしおまかせ	 -	洗浄後無害になる特殊洗剤を使用	 -	18000円からシート車内洗浄対応	 -	１シートのみでもOK 圧倒的洗浄	 -	"""軽 自動車 クリーニング"""	 -	"""車 灯油 こぼし クリーニング"""	 -	愛知県で車ペット 粗相 消臭や汚れにお困りなら。専用洗剤とプロの技術で徹底除去。	 -	車内のペット 粗相 臭は放置すると悪化します。今すぐ専門家へお任せください。	 -	出張費無料で駆けつけます！	 -	使用後は無害になる特殊な洗剤を使用 清掃後は赤ちゃんペットにも無害です。専用の機材を使用	 -	{LOCATION(City):愛知}清掃出張車	おしっこ消臭														Enabled	Enabled	Enabled	Approved	Good	
426-779-6658	和歌山車	愛知県＿車内クリーニング																														AG_消臭_口語																																																				https://carinteriorcleaning.jp/regions/aichi/kuruma-nioi-keshi/					Responsive search ad	【{LOCATION(City):愛知}】出張車内クリーニング	 -	車 匂い 消し 業者	 -	【期間限定】今だけキャンペーン	 -	365日無休24時間受付中LINE対応	 -	{keyword:出張車内清掃}嘔吐（ゲロ）即対応	 -	"""車 シート クリーニング 業者"""	 -	立会不要で清掃作業で時間も有効	 -	出張車内 クリーニングの専門 店	 -	訪問特化型車内の清掃専門業者	 -	灯油 コーヒーこぼしおまかせ	 -	洗浄後無害になる特殊洗剤を使用	 -	18000円からシート車内洗浄対応	 -	１シートのみでもOK 圧倒的洗浄	 -	"""軽 自動車 クリーニング"""	 -	"""車 匂い 消し 業 クリーニング"""	 -	{LOCATION(City):愛知}【地元密着】車内清掃 特急便365日24時間受付中！電話で指定場所まで清掃に出張致します	 -	期間限定キャンペーン有！ 車 匂い 消し 業者、お得な出張車内クリーニング	 -	どこでも出張！ マンションや、会社の駐車場まで出張して、電源無しでも車内清掃のプロが作業	 -	使用後は無害になる特殊な洗剤を使用 清掃後は赤ちゃんペットにも無害です。専用の機材を使用	 -	{LOCATION(City):愛知}清掃出張車	匂い消し														Enabled	Enabled	Enabled	Approved	Good	
426-779-6658	和歌山車	愛知県＿車内クリーニング																														AG_消臭_口語																																																				https://carinteriorcleaning.jp/regions/aichi/kuruma-nioi-keshi/					Responsive search ad	【{LOCATION(City):愛知}】出張車内クリーニング	 -	車内 クサイ 消臭	 -	最短即日対応！プロの消臭・洗浄	 -	【電話相談】まずはお電話を	 -	見積もり無料	 -	ペット粗相洗浄業者	 -	立会不要で清掃作業で時間も有効	 -	出張車内 クリーニングの専門 店	 -	訪問特化型車内の清掃専門業者	 -	ペットうんちクリーニング	 -	車 シート 汚れ 落とし 方	 -	18000円からシート車内洗浄対応	 -	１シートのみでもOK 圧倒的洗浄	 -	"""軽 車内 消臭 クリーニング"""	 -	"""車内 クサイ 消臭"""	 -	愛知で車内 クサイ 消臭や汚れにお困りなら。専用洗剤とプロの技術で徹底除去。	 -	車内の車内 クサイ 臭は放置すると悪化します。今すぐ専門家へお任せください。	 -	出張費無料で駆けつけます！	 -	使用後は無害になる特殊な洗剤を使用 清掃後は赤ちゃんペットにも無害です。専用の機材を使用	 -	{LOCATION(City):愛知}清掃出張車	匂い消し														Enabled	Enabled	Enabled	Approved	Average	
426-779-6658	和歌山車	愛知県＿車内クリーニング																														AG_消臭_口語																																																				https://carinteriorcleaning.jp/regions/aichi/kuruma-nioi-keshi/					Responsive search ad	【{LOCATION(City):愛知}】出張車内クリーニング	 -	車 臭い 取れない プロ	 -	最短即日対応！プロの消臭・洗浄	 -	【電話相談】まずはお電話を	 -	見積もり無料	 -	"""車 シート クリーニング 業者"""	 -	立会不要で清掃作業で時間も有効	 -	出張車内 クリーニングの専門 店	 -	訪問特化型車内の清掃専門業者	 -	車 臭い 取れない おまかせ	 -	洗浄後無害になる特殊洗剤を使用	 -	18000円からシート車内洗浄対応	 -	１シートのみでもOK 圧倒的洗浄	 -	"""軽 自動車 クリーニング"""	 -	"""車 臭い 取れないクリーニング"""	 -	愛知県で車 臭い 取れない 汚れにお困りなら。専用洗剤とプロの技術で徹底除去。	 -	車内の車 臭い 取れないは放置すると悪化します。今すぐ専門家へお任せください。	 -	出張費無料で駆けつけます！	 -	使用後は無害になる特殊な洗剤を使用 清掃後は赤ちゃんペットにも無害です。専用の機材を使用	 -	{LOCATION(City):愛知}清掃出張車	匂い消し														Enabled	Enabled	Enabled	Approved	Average	
426-779-6658	和歌山車	愛知県＿車内クリーニング																														AG_消臭_中古車																																																				https://carinteriorcleaning.jp/regions/aichi/chuko-tabako/					Responsive search ad	【{LOCATION(City):愛知}】出張車内クリーニング	 -	中古車 加齢臭 車内	 -	最短即日対応！プロの消臭・洗浄	 -	【電話相談】まずはお電話を	 -	見積もり無料	 -	ペット粗相洗浄業者	 -	立会不要で清掃作業で時間も有効	 -	出張車内 クリーニングの専門 店	 -	訪問特化型車内の清掃専門業者	 -	ペットうんちクリーニング	 -	車 シート 汚れ 落とし 方	 -	18000円からシート車内洗浄対応	 -	１シートのみでもOK 圧倒的洗浄	 -	"""軽 自動車 クリーニング"""	 -	"""中古車 加齢臭 クリーニング"""	 -	愛知で中古車 加齢臭 車内汚れにお困りなら。専用洗剤とプロの技術で徹底除去。	 -	車内の中古車 加齢臭 は放置すると悪化します。今すぐ専門家へお任せください。	 -	出張費無料で駆けつけます！	 -	使用後は無害になる特殊な洗剤を使用 清掃後は赤ちゃんペットにも無害です。専用の機材を使用	 -	{LOCATION(City):愛知}清掃出張車	タバコ臭清掃														Enabled	Enabled	Enabled	Approved	Average	
426-779-6658	和歌山車	愛知県＿車内クリーニング																														AG_消臭_湿気カビ																																																				https://carinteriorcleaning.jp/regions/aichi/shanai-nioi/					Responsive search ad	【{LOCATION(City):愛知}】出張車内クリーニング	 -	車内 カビ臭 取り 業者	 -	最短即日対応！プロの消臭・洗浄	 -	【電話相談】まずはお電話を	 -	見積もり無料	 -	"""車 シート クリーニング 業者"""	 -	立会不要で清掃作業で時間も有効	 -	出張車内 クリーニングの専門 店	 -	訪問特化型車内の清掃専門業者	 -	灯油 コーヒーこぼしおまかせ	 -	洗浄後無害になる特殊洗剤を使用	 -	18000円からシート車内洗浄対応	 -	１シートのみでもOK 圧倒的洗浄	 -	"""軽車内カビ臭 クリーニング"""	 -	"""車 灯油 こぼし クリーニング"""	 -	愛知県で車内 カビ臭 いや汚れにお困りなら。専用洗剤とプロの技術で徹底除去。	 -	車内の車内 カビ臭 は放置すると悪化します。今すぐ専門家へお任せください。	 -	出張費無料で駆けつけます！	 -	使用後は無害になる特殊な洗剤を使用 清掃後は赤ちゃんペットにも無害です。専用の機材を使用	 -	{LOCATION(City):愛知}清掃出張車	車内臭い														Enabled	Enabled	Enabled	Approved	Average	
426-779-6658	和歌山車	愛知県＿車内クリーニング																														AG_消臭_湿気カビ																																																				https://carinteriorcleaning.jp/regions/aichi/shanai-nioi/					Responsive search ad	【{LOCATION(City):愛知}】出張車内クリーニング	 -	車 湿気 臭い シート 洗浄	 -	最短即日対応！プロの消臭・洗浄	 -	【電話相談】まずはお電話を	 -	見積もり無料	 -	"""車 シート クリーニング 業者"""	 -	立会不要で清掃作業で時間も有効	 -	出張車内 クリーニングの専門 店	 -	訪問特化型車内の清掃専門業者	 -	灯油 コーヒーこぼしおまかせ	 -	洗浄後無害になる特殊洗剤を使用	 -	18000円からシート車内洗浄対応	 -	１シートのみでもOK 圧倒的洗浄	 -	"""軽 自動車 クリーニング"""	 -	"""車 車 湿気 臭い クリーニング"""	 -	愛知県で車 湿気 臭い 汚れにお困りなら。専用洗剤とプロの技術で徹底除去。	 -	車内の車 湿気 臭い は放置すると悪化します。今すぐ専門家へお任せください。	 -	出張費無料で駆けつけます！	 -	使用後は無害になる特殊な洗剤を使用 清掃後は赤ちゃんペットにも無害です。専用の機材を使用	 -	{LOCATION(City):愛知}清掃出張車	車内臭い														Enabled	Enabled	Enabled	Approved	Good	
426-779-6658	和歌山車	愛知県＿車内クリーニング																														AG_消臭_湿気カビ																																																				https://carinteriorcleaning.jp/regions/aichi/shanai-nioi/					Responsive search ad	【{LOCATION(City):愛知}】出張車内クリーニング	 -	車 原因不明 臭い 消臭 業者	 -	最短即日対応！プロの消臭・洗浄	 -	【電話相談】まずはお電話を	 -	見積もり無料	 -	"""車 シート クリーニング 業者"""	 -	立会不要で清掃作業で時間も有効	 -	出張車内 クリーニングの専門 店	 -	訪問特化型車内の清掃専門業者	 -	灯油 コーヒーこぼしおまかせ	 -	洗浄後無害になる特殊洗剤を使用	 -	18000円からシート車内洗浄対応	 -	１シートのみでもOK 圧倒的洗浄	 -	"""軽 自動車 クリーニング"""	 -	"""車 原因不明 臭いクリーニング"""	 -	愛知県で車 原因不明 臭いなら。専用洗剤とプロの技術で徹底除去。	 -	車内の 原因不明 臭は放置すると悪化します。今すぐ専門家へお任せください。	 -	出張費無料で駆けつけます！	 -	使用後は無害になる特殊な洗剤を使用 清掃後は赤ちゃんペットにも無害です。専用の機材を使用	 -	{LOCATION(City):愛知}清掃出張車	車内臭い														Enabled	Enabled	Enabled	Approved	Good	
426-779-6658	和歌山車	愛知県＿車内クリーニング																														AG_エアコン_エバポレーター																																																				https://carinteriorcleaning.jp/regions/aichi/evaporator-senjo/					Responsive search ad	【{LOCATION(City):愛知}】車内のエアコン洗浄	 -	エバポレーター洗浄 出張	 -	最短即日対応！プロの消臭・洗浄	 -	【電話相談】まずはお電話を	 -	見積もり無料	 -	"""車 エバポレーター洗浄 業者"""	 -	立会不要で清掃作業で時間も有効	 -	出張エバポレーター洗浄専門 店	 -	訪問特化型車内の清掃専門業者	 -	エバポレーター洗浄 おまかせ	 -	洗浄後無害になる特殊洗剤を使用	 -	18000円からシート車内洗浄対応	 -	１シートのみでもOK 圧倒的洗浄	 -	"""軽 自動車 クリーニング"""	 -	車 エバポレータークリーニング	 -	愛知県でエバポレーター の臭いや汚れにお困りなら。専用洗剤とプロの技術で徹底除去。	 -	車内の車 エバポレーター の臭いは放置すると悪化します。今すぐ専門家へお任せください。	 -	出張費無料で駆けつけます！	 -	使用後は無害になる特殊な洗剤を使用 清掃後は赤ちゃんペットにも無害です。専用の機材を使用	 -	{LOCATION(City):愛知}清掃出張車	エバポ洗浄														Enabled	Enabled	Enabled	Approved	Average	
426-779-6658	和歌山車	愛知県＿車内クリーニング																														AG_エアコン_エバポレーター																																																				https://carinteriorcleaning.jp/regions/aichi/evaporator-senjo/					Responsive search ad	【{LOCATION(City):愛知}】出張車内クリーニング	 -	車 エアコン 酸っぱい 臭い 業者	 -	最短即日対応！プロの消臭・洗浄	 -	【電話相談】まずはお電話を	 -	見積もり無料	 -	"""車 シート クリーニング 業者"""	 -	立会不要で清掃作業で時間も有効	 -	出張車内 クリーニングの専門 店	 -	訪問特化型車内の清掃専門業者	 -	灯油 コーヒーこぼしおまかせ	 -	洗浄後無害になる特殊洗剤を使用	 -	18000円からシート車内洗浄対応	 -	１シートのみでもOK 圧倒的洗浄	 -	"""軽 自動車 クリーニング"""	 -	"""車 灯油 こぼし クリーニング"""	 -	愛知県でカーエアコン カビ臭 エバポレー汚れにお困りなら。専用洗剤とプロの技術で徹底除去。	 -	車内のカーエアコン カビ臭 エバポレー放置すると悪化します。今すぐ専門家へお任せください。	 -	出張費無料で駆けつけます！	 -	使用後は無害になる特殊な洗剤を使用 清掃後は赤ちゃんペットにも無害です。専用の機材を使用	 -	{LOCATION(City):愛知}清掃出張車	エバポ洗浄														Enabled	Enabled	Enabled	Approved	Average	
426-779-6658	和歌山車	愛知県＿車内クリーニング																														AG_エアコン_エバポレーター																																																				https://carinteriorcleaning.jp/regions/aichi/evaporator-senjo/					Responsive search ad	【{LOCATION(City):愛知}】出張車内クリーニング	 -	カーエアコン カビ臭 エバポレー	 -	最短即日対応！プロの消臭・洗浄	 -	【電話相談】まずはお電話を	 -	見積もり無料	 -	"""車 シート クリーニング 業者"""	 -	立会不要で清掃作業で時間も有効	 -	出張車内 クリーニングの専門 店	 -	訪問特化型車内の清掃専門業者	 -	灯油 コーヒーこぼしおまかせ	 -	洗浄後無害になる特殊洗剤を使用	 -	18000円からシート車内洗浄対応	 -	１シートのみでもOK 圧倒的洗浄	 -	"""軽 自動車 クリーニング"""	 -	"""車 灯油 こぼし クリーニング"""	 -	愛知県でカーエアコン カビ臭 エバポレー臭いや汚れにお困り。専用洗剤とプロの技術で徹底除去。	 -	車カーエアコン カビ臭 エバポレー臭は放置すると悪化します。今すぐ専門家へお任せください。	 -	出張費無料で駆けつけます！	 -	使用後は無害になる特殊な洗剤を使用 清掃後は赤ちゃんペットにも無害です。専用の機材を使用	 -	{LOCATION(City):愛知}清掃出張車	エバポ洗浄														Enabled	Enabled	Enabled	Approved	Average	
426-779-6658	和歌山車	愛知県＿車内クリーニング																														AG_条件_出張																																																				https://carinteriorcleaning.jp/regions/aichi/shutchou-senmon/					Responsive search ad	【{LOCATION(City):愛知}】出張車内クリーニング	 -	車内クリーニング 即日 出張	 -	最短即日対応！プロの消臭・洗浄	 -	【電話相談】まずはお電話を	 -	見積もり無料	 -	"""車 シート クリーニング 業者"""	 -	立会不要で清掃作業で時間も有効	 -	出張車内 クリーニングの専門 店	 -	訪問特化型車内の清掃専門業者	 -	灯油 コーヒーこぼしおまかせ	 -	洗浄後無害になる特殊洗剤を使用	 -	18000円からシート車内洗浄対応	 -	１シートのみでもOK 圧倒的洗浄	 -	"""軽 自動車 クリーニング"""	 -	"""車内クリーニング 即日"""	 -	愛知県で車内クリーニング 即日汚れにお困りなら。専用洗剤とプロの技術で徹底除去。	 -	車内クリーニング 即日。今すぐ専門家へお任せください。	 -	出張費無料で駆けつけます！	 -	使用後は無害になる特殊な洗剤を使用 清掃後は赤ちゃんペットにも無害です。専用の機材を使用	 -	{LOCATION(City):愛知}清掃出張車	出張専門														Enabled	Enabled	Enabled	Approved	Good	
426-779-6658	和歌山車	愛知県＿車内クリーニング																														AG_条件_出張																																																				https://carinteriorcleaning.jp/regions/aichi/shutchou-senmon/					Responsive search ad	【{LOCATION(City):愛知}】出張車内クリーニング	 -	車内清掃 1席 出張	 -	最短即日対応！プロの消臭・洗浄	 -	【電話相談】まずはお電話を	 -	見積もり無料	 -	"""車 シート クリーニング 業者"""	 -	立会不要で清掃作業で時間も有効	 -	出張車内 クリーニングの専門 店	 -	訪問特化型車内の清掃専門業者	 -	灯油 コーヒーこぼしおまかせ	 -	洗浄後無害になる特殊洗剤を使用	 -	18000円からシート車内洗浄対応	 -	１シートのみでもOK 圧倒的洗浄	 -	"""軽 自動車 クリーニング"""	 -	"""車 灯油 こぼし クリーニング"""	 -	愛知県で車内清掃 1席 出張。専用洗剤とプロの技術で徹底除去。	 -	車内の汚れ放置すると悪化します。今すぐ専門家へお任せください。	 -	出張費無料で駆けつけます！	 -	使用後は無害になる特殊な洗剤を使用 清掃後は赤ちゃんペットにも無害です。専用の機材を使用	 -	{LOCATION(City):愛知}清掃出張車	出張専門														Enabled	Enabled	Enabled	Approved	Good	
426-779-6658	和歌山車	愛知県＿車内クリーニング																														AG_条件_電源不要																																																				https://carinteriorcleaning.jp/regions/aichi/dengen-fuyou/					Responsive search ad	【{LOCATION(City):愛知}】出張車内クリーニング	 -	車内清掃 電源不要 出張	 -	最短即日対応！プロの消臭・洗浄	 -	【電話相談】まずはお電話を	 -	見積もり無料	 -	"""車 シート クリーニング 業者"""	 -	立会不要で清掃作業で時間も有効	 -	出張車内 クリーニングの専門 店	 -	訪問特化型車内の清掃専門業者	 -	灯油 コーヒーこぼしおまかせ	 -	洗浄後無害になる特殊洗剤を使用	 -	18000円からシート車内洗浄対応	 -	１シートのみでもOK 圧倒的洗浄	 -	"""軽 自動車 クリーニング"""	 -	"""車 灯油 こぼし クリーニング"""	 -	愛知県で 車内清掃 電源不要 車内清掃 電源不要。専用洗剤とプロの技術で徹底除去。	 -	車内の 清掃 電源不要。今すぐ専門家へお任せください。	 -	出張費無料で駆けつけます！	 -	使用後は無害になる特殊な洗剤を使用 清掃後は赤ちゃんペットにも無害です。専用の機材を使用	 -	{LOCATION(City):愛知}清掃出張車	電源持込不要														Enabled	Enabled	Enabled	Approved	Excellent	
426-779-6658	和歌山車	愛知県＿車内クリーニング																														AG_条件_電源不要																																																				https://carinteriorcleaning.jp/regions/aichi/dengen-fuyou/					Responsive search ad	【{LOCATION(City):愛知}】出張車内クリーニング	 -	マンション 車内クリーニング	 -	最短即日対応！プロの消臭・洗浄	 -	【電話相談】まずはお電話を	 -	見積もり無料	 -	"""車 シート クリーニング 業者"""	 -	立会不要で清掃作業で時間も有効	 -	出張車内 クリーニングの専門 店	 -	訪問特化型車内の清掃専門業者	 -	灯油 コーヒーこぼしおまかせ	 -	洗浄後無害になる特殊洗剤を使用	 -	18000円からシート車内洗浄対応	 -	１シートのみでもOK 圧倒的洗浄	 -	"""軽 自動車 クリーニング"""	 -	"""マンション車内クリーニング"""	 -	愛知県でマンション 車内クリーニング汚れにお困りなら。専用洗剤とプロの技術で徹底除去。	 -	車内のマンション 車内クリーニングは放置すると悪化します。今すぐ専門家へお任せください。	 -	出張費無料で駆けつけます！	 -	使用後は無害になる特殊な洗剤を使用 清掃後は赤ちゃんペットにも無害です。専用の機材を使用	 -	{LOCATION(City):愛知}清掃出張車	電源持込不要														Enabled	Enabled	Enabled	Approved	Good	
426-779-6658	和歌山車	愛知県＿車内クリーニング																														AG_条件_電源不要																																																				https://carinteriorcleaning.jp/regions/aichi/dengen-fuyou/					Responsive search ad	【{LOCATION(City):愛知}】出張車内クリーニング	 -	愛知 車内清掃 電源不要	 -	最短即日対応！プロの消臭・洗浄	 -	【電話相談】まずはお電話を	 -	見積もり無料	 -	"""車 シート クリーニング 業者"""	 -	立会不要で清掃作業で時間も有効	 -	出張車内 クリーニングの専門 店	 -	訪問特化型車内の清掃専門業者	 -	灯油 コーヒーこぼしおまかせ	 -	洗浄後無害になる特殊洗剤を使用	 -	18000円からシート車内洗浄対応	 -	１シートのみでもOK 圧倒的洗浄	 -	"""軽 自動車 クリーニング"""	 -	"""車 車内清掃 電源不要"""	 -	愛知県で 車内清掃 電源不要汚れにお困りなら。専用洗剤とプロの技術で徹底除去。	 -	車内の 車内清掃 電源不要。今すぐ専門家へお任せください。	 -	出張費無料で駆けつけます！	 -	使用後は無害になる特殊な洗剤を使用 清掃後は赤ちゃんペットにも無害です。専用の機材を使用	 -	{LOCATION(City):愛知}清掃出張車	電源持込不要														Enabled	Enabled	Enabled	Approved	Excellent	
426-779-6658	和歌山車	愛知県＿車内クリーニング																														AG_バス_トラック																																																				https://carinteriorcleaning.jp/regions/aichi/bus-senmon/					Responsive search ad	{LOCATION(City):愛知}出張車内バス クリーニング	 -	バス 嘔吐 清掃 即日	 -	最短即日対応！プロの消臭・洗浄	 -	【電話相談】まずはお電話を	 -	見積もり無料	 -	"""車 シート クリーニング 業者"""	 -	立会不要で清掃作業で時間も有効	 -	出張車内 クリーニングの専門 店	 -	訪問特化型車内の清掃専門業者	 -	コーヒーこぼしおまかせ	 -	洗浄後無害になる特殊洗剤を使用	 -	18000円からシート車内洗浄対応	 -	１シートのみでもOK 圧倒的洗浄	 -	バス 嘔吐	 -			愛知県でバス 嘔吐 の臭いや汚れにお困りなら。専用洗剤とプロの技術で徹底除去。	 -	車内のバス 嘔吐 は放置すると悪化します。今すぐ専門家へお任せください。	 -	出張費無料で駆けつけます！	 -	使用後は無害になる特殊な洗剤を使用 清掃後は赤ちゃんペットにも無害です。専用の機材を使用	 -	{LOCATION(City):愛知}清掃出張車	バス清掃														Enabled	Enabled	Enabled	Approved	Excellent	
426-779-6658	和歌山車	愛知県＿車内クリーニング																														緊急_子供嘔吐																																																				https://carinteriorcleaning.jp/regions/aichi/kodomo-kyuto/					Responsive search ad	【{LOCATION(City):愛知}】子供嘔吐清掃	 -	車酔い 嘔吐 出張専門業者	 -	最短即日対応！プロの消臭・洗浄	 -	【電話相談】車嘔吐はお電話を	 -	見積もり無料	 -	子供おうと洗浄業者	 -	立会不要で清掃作業で時間も有効	 -	子供おうと洗浄の専門 店	 -	訪問特化型車内の清掃専門業者	 -	子供おうと洗浄クリーニング	 -	車 シート 汚れ 落とし 方	 -	18000円からシート車内洗浄対応	 -	１シートのみでもOK 圧倒的洗浄	 -	"""軽 自動車 クリーニング"""	 -	"""車こどもおうとクリーニング"""	 -	愛知で車酔い 嘔吐 出張専門業者お困りなら。専用洗剤とプロの技術で徹底除去。	 -	車酔い 嘔吐 出張専門業者。今すぐ専門家へお任せください。	 -	出張費無料で駆けつけます！	 -	使用後は無害になる特殊な洗剤を使用 清掃後は赤ちゃんペットにも無害です。専用の機材を使用	 -	{LOCATION(City):愛知}清掃出張車	子供嘔吐清掃														Enabled	Enabled	Enabled	Approved	Average	
426-779-6658	和歌山車	愛知県＿車内クリーニング																														緊急_灯油																																																				https://carinteriorcleaning.jp/regions/aichi/touyu-kobosi/					Responsive search ad	【{LOCATION(City):愛知}】出張車内クリーニング	 -	車内 灯油 こぼし 消臭	 -	最短即日対応！プロの消臭・洗浄	 -	【電話相談】まずはお電話を	 -	見積もり無料	 -	"""車 シート クリーニング 業者"""	 -	立会不要で清掃作業で時間も有効	 -	出張車内 クリーニングの専門 店	 -	訪問特化型車内の清掃専門業者	 -	灯油 コーヒーこぼしおまかせ	 -	洗浄後無害になる特殊洗剤を使用	 -	18000円からシート車内洗浄対応	 -	１シートのみでもOK 圧倒的洗浄	 -	"""軽 自動車 クリーニング"""	 -	"""車 灯油 こぼし クリーニング"""	 -	愛知県で車内 灯油 こぼし 消臭や汚れにお困りなら。専用洗剤とプロの技術で徹底除去。	 -	車内の車内 灯油 こぼし は放置すると悪化します。今すぐ専門家へお任せください。	 -	出張費無料で駆けつけます！	 -	使用後は無害になる特殊な洗剤を使用 清掃後は赤ちゃんペットにも無害です。専用の機材を使用	 -	{LOCATION(City):愛知}清掃出張車	灯油清掃														Enabled	Enabled	Enabled	Approved	Average	
426-779-6658	和歌山車	愛知県＿車内クリーニング																														緊急_灯油																																																				https://carinteriorcleaning.jp/regions/aichi/touyu-kobosi/					Responsive search ad	【{LOCATION(City):愛知}】出張車内クリーニング	 -	愛知 灯油 こぼし 車	 -	最短即日対応！プロの消臭・洗浄	 -	【電話相談】まずはお電話を	 -	見積もり無料	 -	ペット粗相洗浄業者	 -	立会不要で清掃作業で時間も有効	 -	出張車内 クリーニングの専門 店	 -	訪問特化型車内の清掃専門業者	 -	ペットうんちクリーニング	 -	車 シート 汚れ 落とし 方	 -	18000円からシート車内洗浄対応	 -	１シートのみでもOK 圧倒的洗浄	 -	"""軽 自動車 クリーニング"""	 -	"""車 灯油 こぼし クリーニング"""	 -	愛知で車灯油 こぼしの臭いや汚れにお困りなら。専用洗剤とプロの技術で徹底除去。	 -	車内の灯油 こぼしは放置すると悪化します。今すぐ専門家へお任せください。	 -	出張費無料で駆けつけます！	 -	使用後は無害になる特殊な洗剤を使用 清掃後は赤ちゃんペットにも無害です。専用の機材を使用	 -	{LOCATION(City):愛知}清掃出張車	灯油清掃														Enabled	Enabled	Enabled	Approved	Average	
426-779-6658	和歌山車	愛知県＿車内クリーニング																														緊急_ペット																																																				https://carinteriorcleaning.jp/regions/aichi/oshikko/					Responsive search ad	【{LOCATION(City):愛知}】ペットおもらし	 -	犬 車 お漏らし 消臭 業者	 -	最短即日対応！プロの消臭・洗浄	 -	【電話相談】まずはお電話を	 -	見積もり無料	 -	"""猫 車 お漏らし 消臭 業者"""	 -	立会不要で清掃作業で時間も有効	 -	車 ペットお漏らしの専門 店	 -	訪問特化型車内の清掃専門業者	 -	車 ペット うんちの専門 店	 -	洗浄後無害になる特殊洗剤を使用	 -	18000円からシート車内洗浄対応	 -	１シートのみでもOK 圧倒的洗浄	 -	"""軽 自動車 クリーニング"""	 -	犬猫うんちの専門 店	 -	愛知県で犬 車 お漏らし 消臭 にお困りなら。専用洗剤とプロの技術で徹底除去。	 -	車内の犬 車 お漏らし は放置すると悪化します。今すぐ専門家へお任せください。	 -	出張費無料で駆けつけ 即クリーニングでキレイにします	 -	使用後は無害になる特殊な洗剤を使用 清掃後は赤ちゃんペットにも無害です。専用の機材を使用	 -	{LOCATION(City):愛知}清掃出張車	おしっこ消臭														Enabled	Enabled	Enabled	Approved	Average	
426-779-6658	和歌山車	愛知県＿車内クリーニング																														緊急_ペット																																																				https://carinteriorcleaning.jp/regions/aichi/oshikko/					Responsive search ad	【{LOCATION(City):愛知}】出張車内クリーニング	 -	愛知 ペット 車内 清掃	 -	最短即日対応！プロの消臭・洗浄	 -	【電話相談】まずはお電話を	 -	見積もり無料	 -	"""車 シート クリーニング 業者"""	 -	立会不要で清掃作業で時間も有効	 -	出張車内 クリーニングの専門 店	 -	訪問特化型車内の清掃専門業者	 -	灯油 コーヒーこぼしおまかせ	 -	洗浄後無害になる特殊洗剤を使用	 -	18000円からシート車内洗浄対応	 -	１シートのみでもOK 圧倒的洗浄	 -	"""軽愛知 ペット 車内 清掃グ"""	 -	"""車 愛知 ペット 車内 清掃"""	 -	愛知県で愛知 ペット 車内 清掃にお困りなら。専用洗剤とプロの技術で徹底除去。	 -	愛知 ペット 車内 清掃。今すぐ専門家へお任せください。	 -	出張費無料で駆けつけます！	 -	使用後は無害になる特殊な洗剤を使用 清掃後は赤ちゃんペットにも無害です。専用の機材を使用	 -	{LOCATION(City):愛知}清掃出張車	おしっこ消臭														Enabled	Enabled	Enabled	Approved	Average	
426-779-6658	和歌山車	愛知県＿車内クリーニング																														消臭_口語																																																				https://carinteriorcleaning.jp/regions/aichi/kuruma-nioi-keshi/					Responsive search ad	【{LOCATION(City):愛知}】出張トラック車内洗浄	 -	消臭スプレー 効かない 車	 -	最短即日対応！プロの消臭・洗浄	 -	【電話相談】まずはお電話を	 -	見積もり無料	 -	"""車 シート クリーニング 業者"""	 -	立会不要で清掃作業で時間も有効	 -	出張車内 クリーニングの専門 店	 -	訪問特化型車内の清掃専門業者	 -	灯油 コーヒーこぼしおまかせ	 -	洗浄後無害になる特殊洗剤を使用	 -	18000円からシート車内洗浄対応	 -	１シートのみでもOK 圧倒的洗浄	 -	"""軽 自動車 クリーニング"""	 -	"""車 灯油 こぼし クリーニング"""	 -	愛知県で消臭スプレー 効かない汚れにお困りなら。専用洗剤とプロの技術で徹底除去。	 -	車内の 消臭スプレー 効かないと悪化します。今すぐ専門家へお任せください。	 -	出張費無料で駆けつけます！	 -	使用後は無害になる特殊な洗剤を使用 清掃後は赤ちゃんペットにも無害です。専用の機材を使用	 -	{LOCATION(City):愛知}清掃出張車	匂い消し														Enabled	Enabled	Enabled	Approved	Excellent	
426-779-6658	和歌山車	愛知県＿車内クリーニング																														消臭_口語																																																				https://carinteriorcleaning.jp/regions/aichi/kuruma-nioi-keshi/					Responsive search ad	{LOCATION(City):愛知}出張車内消臭 特急便	 -	車 芳香剤 臭い 取れない	 -	最短即日対応！プロの消臭・洗浄	 -	【電話相談】まずはお電話を	 -	見積もり無料	 -	"""車 シート クリーニング 業者"""	 -	立会不要で清掃作業で時間も有効	 -	出張車内 クリーニングの専門 店	 -	訪問特化型車内の清掃専門業者	 -	灯油 コーヒーこぼしおまかせ	 -	洗浄後無害になる特殊洗剤を使用	 -	18000円からシート車内洗浄対応	 -	１シートのみでもOK 圧倒的洗浄	 -	"""軽 自動車 クリーニング"""	 -	"""車 芳香剤 臭いクリーニング"""	 -	愛知県で車 芳香剤の臭いや汚れにお困りなら。専用洗剤とプロの技術で徹底除去。	 -	車内の車 芳香剤 臭いは放置すると悪化します。今すぐ専門家へお任せください。	 -	出張費無料で駆けつけます！	 -	使用後は無害になる特殊な洗剤を使用 清掃後は赤ちゃんペットにも無害です。専用の機材を使用	 -	{LOCATION(City):愛知}清掃出張車	匂い消し														Enabled	Enabled	Enabled	Approved	Excellent	
426-779-6658	和歌山車	愛知県＿車内クリーニング																														消臭_口語																																																				https://carinteriorcleaning.jp/regions/aichi/kuruma-nioi-keshi/					Responsive search ad	{LOCATION(City):愛知}出張車内消臭 特急便	 -	愛知 車内 消臭 出張	 -	最短即日対応！プロの消臭・洗浄	 -	【電話相談】まずはお電話を	 -	見積もり無料	 -	"""車 シート クリーニング 業者"""	 -	立会不要で清掃作業で時間も有効	 -	出張車内 クリーニングの専門 店	 -	訪問特化型車内の清掃専門業者	 -	灯油 コーヒーこぼしおまかせ	 -	洗浄後無害になる特殊洗剤を使用	 -	18000円からシート車内洗浄対応	 -	１シートのみでもOK 圧倒的洗浄	 -	"""軽 自動車 クリーニング"""	 -	"""車 灯油 こぼし クリーニング"""	 -	愛知県で中古車の臭いや汚れにお困りなら。専用洗剤とプロの技術で徹底除去。	 -	車内の中古車臭は放置すると悪化します。今すぐ専門家へお任せください。	 -	出張費無料で駆けつけます！	 -	使用後は無害になる特殊な洗剤を使用 清掃後は赤ちゃんペットにも無害です。専用の機材を使用	 -	{LOCATION(City):愛知}清掃出張車	匂い消し														Enabled	Enabled	Enabled	Approved	Excellent	
426-779-6658	和歌山車	愛知県＿車内クリーニング																														消臭_中古車																																																				https://carinteriorcleaning.jp/regions/aichi/chuko-tabako/					Responsive search ad	【{LOCATION(City):愛知}】出張車内クリーニング	 -	愛知 中古車 臭い 車内	 -	最短即日対応！プロの消臭・洗浄	 -	【電話相談】まずはお電話を	 -	見積もり無料	 -	"""車 シート クリーニング 業者"""	 -	立会不要で清掃作業で時間も有効	 -	出張車内 クリーニングの専門 店	 -	訪問特化型車内の清掃専門業者	 -	灯油 コーヒーこぼしおまかせ	 -	洗浄後無害になる特殊洗剤を使用	 -	18000円からシート車内洗浄対応	 -	１シートのみでもOK 圧倒的洗浄	 -	"""軽 自動車 クリーニング"""	 -	"""車 灯油 こぼし クリーニング"""	 -	愛知県で車 汗の臭いや汚れにお困りなら。専用洗剤とプロの技術で徹底除去。	 -	車内の車 汗は放置すると悪化します。今すぐ専門家へお任せください。	 -	出張費無料で駆けつけます！	 -	使用後は無害になる特殊な洗剤を使用 清掃後は赤ちゃんペットにも無害です。専用の機材を使用	 -	{LOCATION(City):愛知}清掃出張車	タバコ臭清掃														Enabled	Enabled	Enabled	Approved	Excellent	
426-779-6658	和歌山車	愛知県＿車内クリーニング																														消臭_湿気カビ																																																				https://carinteriorcleaning.jp/regions/aichi/shanai-nioi/					Responsive search ad	【{LOCATION(City):愛知}】出張車内クリーニング	 -	車 ペット臭 消臭 プロ 出張	 -	【期間限定】今だけキャンペーン	 -	365日無休24時間受付中LINE対応	 -	{keyword:出張車内清掃}嘔吐（ゲロ）即対応	 -	"""車 シート クリーニング 業者"""	 -	立会不要で清掃作業で時間も有効	 -	出張車内 クリーニングの専門 店	 -	訪問特化型車内の清掃専門業者	 -	灯油 コーヒーこぼしおまかせ	 -	洗浄後無害になる特殊洗剤を使用	 -	18000円からシート車内洗浄対応	 -	１シートのみでもOK 圧倒的洗浄	 -	"""軽 自動車 クリーニング"""	 -	"""車 灯油 こぼし クリーニング"""	 -	{LOCATION(City):愛知}【地元密着】車内清掃 特急便365日24時間受付中！電話で指定場所まで清掃に出張致します	 -	期間限定キャンペーン有！ 会社のお車を2台以上は、さらに割引 お得な出張車内クリーニング	 -	どこでも出張！ マンションや、会社の駐車場まで出張して、電源無しでも車内清掃のプロが作業	 -	使用後は無害になる特殊な洗剤を使用 清掃後は赤ちゃんペットにも無害です。専用の機材を使用	 -	{LOCATION(City):愛知}清掃出張車	車内臭い														Enabled	Enabled	Enabled	Approved	Excellent	
426-779-6658	和歌山車	愛知県＿車内クリーニング																														消臭_湿気カビ																																																				https://carinteriorcleaning.jp/regions/aichi/shanai-nioi/					Responsive search ad	【{LOCATION(City):愛知}】出張車内クリーニング	 -	愛知 車内 カビ臭	 -	最短即日対応！プロの消臭・洗浄	 -	【電話相談】まずはお電話を	 -	見積もり無料	 -	ペット粗相洗浄業者	 -	立会不要で清掃作業で時間も有効	 -	出張車内 クリーニングの専門 店	 -	訪問特化型車内の清掃専門業者	 -	ペットうんちクリーニング	 -	車 シート 汚れ 落とし 方	 -	18000円からシート車内洗浄対応	 -	１シートのみでもOK 圧倒的洗浄	 -	"""軽 自動車 クリーニング"""	 -	"""車 愛知 カビ臭クリーニング"""	 -	愛知で愛知 車内 カビ臭や汚れにお困りなら。専用洗剤とプロの技術で徹底除去。	 -	車内の愛知 車内 カビ臭は放置すると悪化します。今すぐ専門家へお任せください。	 -	出張費無料で駆けつけます！	 -	使用後は無害になる特殊な洗剤を使用 清掃後は赤ちゃんペットにも無害です。専用の機材を使用	 -	{LOCATION(City):愛知}清掃出張車	車内臭い														Enabled	Enabled	Enabled	Approved	Good	
426-779-6658	和歌山車	愛知県＿車内クリーニング																														消臭_湿気カビ																																																				https://carinteriorcleaning.jp/regions/aichi/shanai-nioi/					Responsive search ad	【{LOCATION(City):愛知}】出張車内クリーニング	 -	愛知 湿気 車内 臭い	 -	最短即日対応！プロの消臭・洗浄	 -	【電話相談】まずはお電話を	 -	見積もり無料	 -	"""車 シート クリーニング 業者"""	 -	立会不要で清掃作業で時間も有効	 -	出張車内 クリーニングの専門 店	 -	訪問特化型車内の清掃専門業者	 -	灯油 コーヒーこぼしおまかせ	 -	洗浄後無害になる特殊洗剤を使用	 -	18000円からシート車内洗浄対応	 -	１シートのみでもOK 圧倒的洗浄	 -	"""軽 自動車 クリーニング"""	 -	"""車 灯油 こぼし クリーニング"""	 -	愛知県で 湿気 車内 臭いや汚れにお困りなら。専用洗剤とプロの技術で徹底除去。	 -	愛知 湿気 車内 臭いは放置すると悪化します。今すぐ専門家へお任せください。	 -	出張費無料で駆けつけます！	 -	使用後は無害になる特殊な洗剤を使用 清掃後は赤ちゃんペットにも無害です。専用の機材を使用	 -	{LOCATION(City):愛知}清掃出張車	車内臭い														Enabled	Enabled	Enabled	Approved	Good	
426-779-6658	和歌山車	愛知県＿車内クリーニング																														エアコン_エバポレーター																																																				https://carinteriorcleaning.jp/regions/aichi/evaporator-senjo/					Responsive search ad	【{LOCATION(City):愛知}】出張車内クリーニング	 -	車 エアコン 臭い 取れない プロ	 -	最短即日対応！プロの消臭・洗浄	 -	【電話相談】まずはお電話を	 -	見積もり無料	 -	"""車 シート クリーニング 業者"""	 -	立会不要で清掃作業で時間も有効	 -	出張車内 クリーニングの専門 店	 -	訪問特化型車内の清掃専門業者	 -	灯油 コーヒーこぼしおまかせ	 -	洗浄後無害になる特殊洗剤を使用	 -	18000円からシート車内洗浄対応	 -	１シートのみでもOK 圧倒的洗浄	 -	"""軽 自動車 クリーニング"""	 -	"""車 エアコン臭い 取れない"""	 -	愛知県で車 エアコン 臭い 取れない汚れにお困りなら。専用洗剤とプロの技術で徹底除去。	 -	車 エアコン 臭い 取れない 放置すると悪化します。今すぐ専門家へお任せください。	 -	出張費無料で駆けつけます！	 -	使用後は無害になる特殊な洗剤を使用 清掃後は赤ちゃんペットにも無害です。専用の機材を使用	 -	{LOCATION(City):愛知}清掃出張車	エバポ洗浄														Enabled	Enabled	Enabled	Approved	Average	
426-779-6658	和歌山車	愛知県＿車内クリーニング																														エアコン_エバポレーター																																																				https://carinteriorcleaning.jp/regions/aichi/evaporator-senjo/					Responsive search ad	【{LOCATION(City):愛知}】出張車内クリーニング	 -	車 エアコン 咳 目が痒い 洗浄	 -	最短即日対応！プロの消臭・洗浄	 -	【電話相談】まずはお電話を	 -	見積もり無料	 -	ペット粗相洗浄業者	 -	立会不要で清掃作業で時間も有効	 -	出張車内 クリーニングの専門 店	 -	訪問特化型車内の清掃専門業者	 -	ペットうんちクリーニング	 -	車 シート 汚れ 落とし 方	 -	18000円からシート車内洗浄対応	 -	１シートのみでもOK 圧倒的洗浄	 -	"""軽 自動車 クリーニング"""	 -	"""車 エアコン咳目が痒い"""	 -	愛知で車 エアコン 咳 目が痒い 洗浄にお困りなら。専用洗剤とプロの技術で徹底除去。	 -	車 エアコン 咳 目が痒い は放置すると悪化します。今すぐ専門家へお任せください。	 -	出張費無料で駆けつけます！	 -	使用後は無害になる特殊な洗剤を使用 清掃後は赤ちゃんペットにも無害です。専用の機材を使用	 -	{LOCATION(City):愛知}清掃出張車	エバポ洗浄														Enabled	Enabled	Enabled	Approved	Average	
426-779-6658	和歌山車	愛知県＿車内クリーニング																														エアコン_エバポレーター																																																				https://carinteriorcleaning.jp/regions/aichi/evaporator-senjo/					Responsive search ad	【{LOCATION(City):愛知}】出張車エバポレーター	 -	車内エアコンクリーニング	 -	最短即日対応！プロの消臭・洗浄	 -	【電話相談】まずはお電話を	 -	見積もり無料	 -	"""車内エアコンクリーニング業者"""	 -	立会不要で清掃作業で時間も有効	 -	出張車内エバポ清掃専門 店	 -	訪問特化型車内の清掃専門業者	 -	車エアコンクリーニングおまかせ	 -	洗浄後無害になる特殊洗剤を使用	 -	18000円から車内洗浄対応	 -	１シートのみでもOK 圧倒的洗浄	 -	"""軽 自動車 クリーニング"""	 -	"""車 エバポレーター清掃"""	 -	愛知県で車内エアコンクリーニング臭いや汚れにお困りなら。専用洗剤とプロの技術で徹底除去。	 -	車内エアコンクリーニング臭いは放置すると悪化します。今すぐ専門家へお任せください。	 -	出張費無料で駆けつけます！	 -	使用後は無害になる特殊な洗剤を使用 清掃後は赤ちゃんペットにも無害です。専用の機材を使用	 -	{LOCATION(City):愛知}清掃出張車	エバポ洗浄														Enabled	Enabled	Enabled	Approved	Excellent	
426-779-6658	和歌山車	愛知県＿車内クリーニング																														AG_エアコン_エバポ																																																				https://carinteriorcleaning.jp/regions/aichi/evaporator-senjo/					Responsive search ad	【{LOCATION(City):愛知}】出張車内クリーニング	 -	愛知 エアコン 臭い 車	 -	最短即日対応！プロの消臭・洗浄	 -	【電話相談】まずはお電話を	 -	見積もり無料	 -	"""車 エアコンクリーニング業者"""	 -	立会不要で清掃作業で時間も有効	 -	出張車内 クリーニングの専門 店	 -	訪問特化型車内の清掃専門業者	 -	車 エアコンの臭い	 -	洗浄後無害になる特殊洗剤を使用	 -	18000円からシート車内洗浄対応	 -	１シートのみでもOK 圧倒的洗浄	 -	"""軽 エアコンクリーニング"""	 -	"""エアコンの臭いクリーニング"""	 -	愛知県で車 エアコンの臭いや汚れにお困りなら。専用洗剤とプロの技術で徹底除去。	 -	車内の車 エアコンの臭いは放置すると悪化します。今すぐ専門家へお任せください。	 -	出張費無料で駆けつけます！	 -	使用後は無害になる特殊な洗剤を使用 清掃後は赤ちゃんペットにも無害です。専用の機材を使用	 -	{LOCATION(City):愛知}清掃出張車	エバポ洗浄														Enabled	Enabled	Enabled	Approved	Average	
426-779-6658	和歌山車	愛知県＿車内クリーニング																														AG_エアコン_エバポ																																																				https://carinteriorcleaning.jp/regions/aichi/evaporator-senjo/					Responsive search ad	【{LOCATION(City):愛知}】出張車内クリーニング	 -	愛知 エバポレーター洗浄 出張	 -	最短即日対応！プロの消臭・洗浄	 -	【電話相談】まずはお電話を	 -	見積もり無料	 -	"""車 シート クリーニング 業者"""	 -	立会不要で清掃作業で時間も有効	 -	出張車内 クリーニングの専門 店	 -	訪問特化型車内の清掃専門業者	 -	灯油 コーヒーこぼしおまかせ	 -	洗浄後無害になる特殊洗剤を使用	 -	18000円からシート車内洗浄対応	 -	１シートのみでもOK 圧倒的洗浄	 -	"""軽 自動車 クリーニング"""	 -	"""車 灯油 こぼし クリーニング"""	 -	愛知県でエバポレーターの臭いや汚れにお困りなら。専用洗剤とプロの技術で徹底除去。	 -	車内のエバポレーターの臭は放置すると悪化します。今すぐ専門家へお任せください。	 -	出張費無料で駆けつけます！	 -	使用後は無害になる特殊な洗剤を使用 清掃後は赤ちゃんペットにも無害です。専用の機材を使用	 -	{LOCATION(City):愛知}清掃出張車	エバポ洗浄														Enabled	Enabled	Enabled	Approved	Average	
426-779-6658	和歌山車	愛知県＿車内クリーニング																														条件_出張																																																				https://carinteriorcleaning.jp/regions/aichi/shutchou-senmon/					Responsive search ad	【{LOCATION(City):愛知}】出張車内クリーニング	 -	出張 車内クリーニング おすすめ	 -	【期間限定】今だけキャンペーン	 -	365日無休24時間受付中LINE対応	 -	{keyword:出張車内清掃}嘔吐（ゲロ）即対応	 -	"""車 シート クリーニング 業者"""	 -	立会不要で清掃作業で時間も有効	 -	出張車内 クリーニングの専門 店	 -	訪問特化型車内の清掃専門業者	 -	灯油 コーヒーこぼしおまかせ	 -	洗浄後無害になる特殊洗剤を使用	 -	18000円からシート車内洗浄対応	 -	１シートのみでもOK 圧倒的洗浄	 -	"""軽 自動車 クリーニング"""	 -	"""車 灯油 こぼし クリーニング"""	 -	{LOCATION(City):愛知}【地元密着】車内清掃 特急便365日24時間受付中！電話で指定場所まで清掃に出張致します	 -	期間限定キャンペーン有！ 会社のお車を2台以上は、さらに割引 お得な出張車内クリーニング	 -	どこでも出張！ マンションや、会社の駐車場まで出張して、電源無しでも車内清掃のプロが作業	 -	使用後は無害になる特殊な洗剤を使用 清掃後は赤ちゃんペットにも無害です。専用の機材を使用	 -	{LOCATION(City):愛知}清掃出張車	出張専門														Enabled	Enabled	Enabled	Approved	Excellent	
426-779-6658	和歌山車	愛知県＿車内クリーニング																														条件_出張																																																				https://carinteriorcleaning.jp/regions/aichi/shutchou-senmon/					Responsive search ad	【{LOCATION(City):愛知}】出張車内クリーニング	 -	愛知 出張 車内清掃 即日	 -	最短即日対応！プロの消臭・洗浄	 -	【電話相談】まずはお電話を	 -	見積もり無料	 -	"""車 シート クリーニング 業者"""	 -	立会不要で清掃作業で時間も有効	 -	出張車内 クリーニングの専門 店	 -	訪問特化型車内の清掃専門業者	 -	灯油 コーヒーこぼしおまかせ	 -	洗浄後無害になる特殊洗剤を使用	 -	18000円からシート車内洗浄対応	 -	１シートのみでもOK 圧倒的洗浄	 -	"""軽 自動車 クリーニング"""	 -	"""車 灯油 こぼし クリーニング"""	 -	愛知県で車内の臭いの臭いや汚れにお困りなら。専用洗剤とプロの技術で徹底除去。	 -	車内の臭いは放置すると悪化します。今すぐ専門家へお任せください。	 -	出張費無料で駆けつけます！	 -	使用後は無害になる特殊な洗剤を使用 清掃後は赤ちゃんペットにも無害です。専用の機材を使用	 -	{LOCATION(City):愛知}清掃出張車	出張専門														Enabled	Enabled	Enabled	Approved	Average	
426-779-6658	和歌山車	愛知県＿車内クリーニング																														条件_出張																																																				https://carinteriorcleaning.jp/regions/aichi/shutchou-senmon/					Responsive search ad	【{LOCATION(City):愛知}】出張車内クリーニング	 -	愛知 車内クリーニング 出張	 -	最短即日対応！プロの消臭・洗浄	 -	【電話相談】まずはお電話を	 -	見積もり無料	 -	"""車 シート クリーニング 業者"""	 -	立会不要で清掃作業で時間も有効	 -	出張車内 クリーニングの専門 店	 -	訪問特化型車内の清掃専門業者	 -	灯油 コーヒーこぼしおまかせ	 -	洗浄後無害になる特殊洗剤を使用	 -	18000円からシート車内洗浄対応	 -	１シートのみでもOK 圧倒的洗浄	 -	"""軽 自動車 クリーニング"""	 -	"""車 灯油 こぼし クリーニング"""	 -	愛知県で車 汗の臭いや汚れにお困りなら。専用洗剤とプロの技術で徹底除去。	 -	車内の車 汗は放置すると悪化します。今すぐ専門家へお任せください。	 -	出張費無料で駆けつけます！	 -	使用後は無害になる特殊な洗剤を使用 清掃後は赤ちゃんペットにも無害です。専用の機材を使用	 -	{LOCATION(City):愛知}清掃出張車	出張専門														Enabled	Enabled	Enabled	Approved	Average	
426-779-6658	和歌山車	千葉県＿車内クリーニング																														int千葉_通常清掃	90																																										車 嘔吐 クリーニング 業者	Phrase	82				 -	 -	 -																																																												Enabled	Enabled	Removed	Approved		MOVE_TO:車 嘔吐 クリーニング
426-779-6658	和歌山車	千葉県＿車内クリーニング																														int千葉_通常清掃	90																																										車内 クリーニング 嘔吐 千葉	Phrase	85				 -	 -	 -	https://carinteriorcleaning.jp/regions/chiba/kyuto-cleaning/																																																											Enabled	Enabled	Removed	Approved		MOVE_TO:車 嘔吐 クリーニング
426-779-6658	和歌山車	千葉県＿車内クリーニング																														int千葉_通常清掃	90																																										車内 クリーニング 嘔吐	Phrase	138				 -	 -	 -																																																												Enabled	Enabled	Removed	Approved		MOVE_TO:車 嘔吐 クリーニング
426-779-6658	和歌山車	千葉県＿車内クリーニング																														int千葉_通常清掃	90																																										車 ゲロ クリーニング	Phrase	137				 -	 -	 -																																																												Enabled	Enabled	Removed	Approved		MOVE_TO:車 嘔吐 クリーニング
426-779-6658	和歌山車	千葉県＿車内クリーニング																														int千葉_通常清掃	90																																										車 嘔吐 臭い 取れ ない	Phrase	117				 -	 -	 -																																																												Enabled	Enabled	Removed	Approved		MOVE_TO:車 嘔吐 クリーニング
426-779-6658	和歌山車	千葉県＿車内クリーニング																														int千葉_通常清掃	90																																										ゲロ 臭い 消し 車	Phrase	212				 -	 -	 -																																																												Enabled	Enabled	Removed	Approved		MOVE_TO:車 嘔吐 クリーニング
426-779-6658	和歌山車	千葉県＿車内クリーニング																														int千葉_通常清掃	90																																										シート ベルト 嘔吐 臭い	Phrase	900				 -	 -	 -	https://carinteriorcleaning.jp/regions/chiba/																																																											Enabled	Enabled	Removed	Approved		MOVE_TO:車 嘔吐 クリーニング
426-779-6658	和歌山車	千葉県＿車内クリーニング																														int千葉_通常清掃	90																																										車内 清掃 プロ	Phrase	154	227	341	6	Average	Average	Average	https://carinteriorcleaning.jp/regions/chiba/interior-cleaning/																																																											Enabled	Enabled	Enabled	Approved		
426-779-6658	和歌山車	千葉県＿車内クリーニング																														int千葉_通常清掃	90																																										車内 クリーニング 嘔吐 どこに 頼む	Phrase	142				 -	 -	 -																																																												Enabled	Enabled	Removed	Approved		MOVE_TO:車 嘔吐 クリーニング
426-779-6658	和歌山車	千葉県＿車内クリーニング																														int千葉_通常清掃	90																																										車 吐瀉 物 掃除	Phrase	668				 -	 -	 -																																																												Enabled	Enabled	Removed	Approved		MOVE_TO:車 嘔吐 クリーニング
426-779-6658	和歌山車	千葉県＿車内クリーニング																														int千葉_通常清掃	90																																										車内 ゲロ クリーニング	Phrase	223				 -	 -	 -																																																												Enabled	Enabled	Removed	Approved		MOVE_TO:車 嘔吐 クリーニング
426-779-6658	和歌山車	千葉県＿車内クリーニング																														int千葉_通常清掃	90																																										車内 嘔吐	Phrase	181				 -	 -	 -																																																												Enabled	Enabled	Removed	Approved		MOVE_TO:車 嘔吐 クリーニング
426-779-6658	和歌山車	千葉県＿車内クリーニング																														int千葉_通常清掃	90																																										車内 クリーニング 専門 業者	Phrase	227	273	446	6	Below average	Above average	Average	https://carinteriorcleaning.jp/regions/chiba/interior-cleaning/																																																											Enabled	Enabled	Enabled	Approved		
426-779-6658	和歌山車	千葉県＿車内クリーニング																														int千葉_通常清掃	90																																										車内 ゲロ 掃除	Phrase	157				 -	 -	 -																																																												Enabled	Enabled	Removed	Approved		MOVE_TO:車 嘔吐 クリーニング
426-779-6658	和歌山車	千葉県＿車内クリーニング																														int千葉_通常清掃	90																																										車 クリーニング 嘔吐	Phrase	148				 -	 -	 -																																																												Enabled	Enabled	Removed	Approved		MOVE_TO:車 嘔吐 クリーニング
426-779-6658	和歌山車	千葉県＿車内クリーニング																														int千葉_通常清掃	90																																										車 嘔吐 クリーニング	Phrase	114				 -	 -	 -																																																												Enabled	Enabled	Removed	Approved		MOVE_TO:車 嘔吐 クリーニング
426-779-6658	和歌山車	千葉県＿車内クリーニング																														int千葉_通常清掃	90																																										シート ベルト 嘔吐 掃除	Phrase	297				 -	 -	 -																																																												Enabled	Enabled	Removed	Approved		MOVE_TO:車 嘔吐 クリーニング
426-779-6658	和歌山車	千葉県＿車内クリーニング																														int千葉_通常清掃	90																																										車 ゲロ 掃除	Phrase	193				 -	 -	 -																																																												Enabled	Enabled	Removed	Approved		MOVE_TO:車 嘔吐 クリーニング
426-779-6658	和歌山車	千葉県＿車内クリーニング																														int千葉_通常清掃	90																																										車内 クリーニング 専門 店 千葉	Broad	116	116	227	6	Average	Average	Average	https://carinteriorcleaning.jp/regions/chiba/interior-cleaning/																																																											Enabled	Enabled	Enabled	Approved		
426-779-6658	和歌山車	千葉県＿車内クリーニング																														int千葉_通常清掃	90																																										車内 嘔吐 臭い 消し	Phrase	614	614	900	1	Below average	Below average	Below average																																																												Enabled	Enabled	Removed	Approved		MOVE_TO:車 嘔吐 クリーニング
426-779-6658	和歌山車	千葉県＿車内クリーニング																														int千葉_通常清掃	90																																										車内 吐い た 掃除	Phrase	341	341	446		 -	 -	 -																																																												Enabled	Enabled	Removed	Approved		MOVE_TO:車 嘔吐 クリーニング
426-779-6658	和歌山車	千葉県＿車内クリーニング																														int千葉_通常清掃																																																				https://carinteriorcleaning.jp/regions/chiba/interior-cleaning/					Responsive search ad	【{LOCATION(City):千葉}】出張車内クリーニング	 -	【92%満足】出張車内清掃	 -	【期間限定】今だけキャンペーン	 -	365日無休24時間受付中LINE対応	 -	{keyword:出張車内清掃}嘔吐（ゲロ）即対応	 -	"""車 シート クリーニング 業者"""	 -	立会不要で清掃作業で時間も有効	 -	出張車内 クリーニングの専門 店	 -	訪問特化型車内の清掃専門業者	 -	灯油 コーヒーこぼしおまかせ	 -	洗浄後無害になる特殊洗剤を使用	 -	18000円からシート車内洗浄対応	 -	１シートのみでもOK 圧倒的洗浄	 -	"""軽 自動車 クリーニング"""	 -	"""車 灯油 こぼし クリーニング"""	 -	{LOCATION(City):千葉}【地元密着】車内清掃 特急便365日24時間受付中！電話で指定場所まで清掃に出張致します	 -	期間限定キャンペーン有！ 会社のお車を2台以上は、さらに割引 お得な出張車内クリーニング	 -	どこでも出張！ マンションや、会社の駐車場まで出張して、電源無しでも車内清掃のプロが作業	 -	使用後は無害になる特殊な洗剤を使用 清掃後は赤ちゃんペットにも無害です。専用の機材を使用	 -	{LOCATION(City):千葉}清掃出張車	車内清掃														Enabled	Enabled	Enabled	Approved	Excellent	
426-779-6658	和歌山車	千葉県＿車内クリーニング																														車内の臭い																																																				https://carinteriorcleaning.jp/regions/chiba/shanai-nioi/					Responsive search ad	【{LOCATION(City):千葉}】出張車内クリーニング	 -	千葉府の車内の臭いクリーニング	 -	最短即日対応！プロの消臭・洗浄	 -	【電話相談】まずはお電話を	 -	見積もり無料	 -	"""車 シート クリーニング 業者"""	 -	立会不要で清掃作業で時間も有効	 -	出張車内 クリーニングの専門 店	 -	訪問特化型車内の清掃専門業者	 -	灯油 コーヒーこぼしおまかせ	 -	洗浄後無害になる特殊洗剤を使用	 -	18000円からシート車内洗浄対応	 -	１シートのみでもOK 圧倒的洗浄	 -	"""軽 自動車 クリーニング"""	 -	"""車 灯油 こぼし クリーニング"""	 -	千葉県で車内の臭いの臭いや汚れにお困りなら。専用洗剤とプロの技術で徹底除去。	 -	車内の車内の臭いは放置すると悪化します。今すぐ専門家へお任せください。	 -	出張費無料で駆けつけます！	 -	使用後は無害になる特殊な洗剤を使用 清掃後は赤ちゃんペットにも無害です。専用の機材を使用	 -	{LOCATION(City):千葉}清掃出張車	車内臭い														Enabled	Enabled	Enabled	Approved	Excellent	
426-779-6658	和歌山車	千葉県＿車内クリーニング																														車　 汗																																										None	"嘔吐""""灯油""""エアコン"	Negative Phrase																																																																			Enabled	Enabled	Removed			SPLIT_TO:嘔吐/灯油/エアコン
426-779-6658	和歌山車	千葉県＿車内クリーニング																														車　 汗																																																				https://carinteriorcleaning.jp/regions/chiba/ase/					Responsive search ad	【{LOCATION(City):千葉}】出張車内クリーニング	 -	千葉府の車 汗クリーニング	 -	最短即日対応！プロの消臭・洗浄	 -	【電話相談】まずはお電話を	 -	見積もり無料	 -	"""車 シート クリーニング 業者"""	 -	立会不要で清掃作業で時間も有効	 -	出張車内 クリーニングの専門 店	 -	訪問特化型車内の清掃専門業者	 -	灯油 コーヒーこぼしおまかせ	 -	洗浄後無害になる特殊洗剤を使用	 -	18000円からシート車内洗浄対応	 -	１シートのみでもOK 圧倒的洗浄	 -	"""軽 自動車 クリーニング"""	 -	"""車 灯油 こぼし クリーニング"""	 -	千葉県で車 汗の臭いや汚れにお困りなら。専用洗剤とプロの技術で徹底除去。	 -	車内の車 汗は放置すると悪化します。今すぐ専門家へお任せください。	 -	出張費無料で駆けつけます！	 -	使用後は無害になる特殊な洗剤を使用 清掃後は赤ちゃんペットにも無害です。専用の機材を使用	 -	{LOCATION(City):千葉}清掃出張車	汗ニオイ清掃														Enabled	Enabled	Enabled	Approved	Excellent	
426-779-6658	和歌山車	千葉県＿車内クリーニング																														中古車タバコ臭																																																				https://carinteriorcleaning.jp/regions/chiba/chuko-tabako/					Responsive search ad	【{LOCATION(City):千葉}】出張車内クリーニング	 -	中古車タバコ臭クリーニング	 -	最短即日対応！プロの消臭・洗浄	 -	【電話相談】まずはお電話を	 -	見積もり無料	 -	"""車 シート クリーニング 業者"""	 -	立会不要で清掃作業で時間も有効	 -	出張車内 クリーニングの専門 店	 -	訪問特化型車内の清掃専門業者	 -	灯油 コーヒーこぼしおまかせ	 -	洗浄後無害になる特殊洗剤を使用	 -	18000円からシート車内洗浄対応	 -	１シートのみでもOK 圧倒的洗浄	 -	"""軽 自動車 クリーニング"""	 -	"""車 灯油 こぼし クリーニング"""	 -	千葉県で中古車タバコ臭の臭いや汚れにお困りなら。専用洗剤とプロの技術で徹底除去。	 -	車内の中古車タバコ臭は放置すると悪化します。今すぐ専門家へお任せください。	 -	出張費無料で駆けつけます！	 -	使用後は無害になる特殊な洗剤を使用 清掃後は赤ちゃんペットにも無害です。専用の機材を使用	 -	{LOCATION(City):千葉}清掃出張車	タバコ臭清掃														Enabled	Enabled	Enabled	Approved	Excellent	
426-779-6658	和歌山車	千葉県＿車内クリーニング																														中古車加齢臭																																																				https://carinteriorcleaning.jp/regions/chiba/chuko-kareisyu/					Responsive search ad	【{LOCATION(City):千葉}】出張車内クリーニング	 -	中古車加齢臭クリーニング	 -	最短即日対応！プロの消臭・洗浄	 -	【電話相談】まずはお電話を	 -	見積もり無料	 -	"""車 シート クリーニング 業者"""	 -	立会不要で清掃作業で時間も有効	 -	出張車内 クリーニングの専門 店	 -	訪問特化型車内の清掃専門業者	 -	灯油 コーヒーこぼしおまかせ	 -	洗浄後無害になる特殊洗剤を使用	 -	18000円からシート車内洗浄対応	 -	１シートのみでもOK 圧倒的洗浄	 -	"""軽 自動車 クリーニング"""	 -	"""車 灯油 こぼし クリーニング"""	 -	千葉県で中古車加齢臭の臭いや汚れにお困りなら。専用洗剤とプロの技術で徹底除去。	 -	車内の中古車加齢臭は放置すると悪化します。今すぐ専門家へお任せください。	 -	出張費無料で駆けつけます！	 -	使用後は無害になる特殊な洗剤を使用 清掃後は赤ちゃんペットにも無害です。専用の機材を使用	 -	{LOCATION(City):千葉}清掃出張車	加齢臭消臭														Enabled	Enabled	Enabled	Approved	Excellent	
426-779-6658	和歌山車	千葉県＿車内クリーニング																														車ペット毛																																																				https://carinteriorcleaning.jp/regions/chiba/pet-ke/					Responsive search ad	【{LOCATION(City):千葉}】出張車内クリーニング	 -	千葉府の車ペット毛クリーニング	 -	最短即日対応！プロの消臭・洗浄	 -	【電話相談】まずはお電話を	 -	見積もり無料	 -	"""車 シート クリーニング 業者"""	 -	立会不要で清掃作業で時間も有効	 -	出張車内 クリーニングの専門 店	 -	訪問特化型車内の清掃専門業者	 -	灯油 コーヒーこぼしおまかせ	 -	洗浄後無害になる特殊洗剤を使用	 -	18000円からシート車内洗浄対応	 -	１シートのみでもOK 圧倒的洗浄	 -	"""軽 自動車 クリーニング"""	 -	"""車 灯油 こぼし クリーニング"""	 -	千葉県で車ペット毛の臭いや汚れにお困りなら。専用洗剤とプロの技術で徹底除去。	 -	車内の車ペット毛は放置すると悪化します。今すぐ専門家へお任せください。	 -	出張費無料で駆けつけます！	 -	使用後は無害になる特殊な洗剤を使用 清掃後は赤ちゃんペットにも無害です。専用の機材を使用	 -	{LOCATION(City):千葉}清掃出張車	ペット毛清掃														Enabled	Enabled	Enabled	Approved	Excellent	
426-779-6658	和歌山車	千葉県＿車内クリーニング																														車 嘔吐 クリーニング																																																				https://carinteriorcleaning.jp/regions/chiba/kyuto-cleaning/					Responsive search ad	【{LOCATION(City):千葉}】出張車内クリーニング	 -	車 嘔吐 クリーニング	 -	最短即日対応！プロの消臭・洗浄	 -	【電話相談】まずはお電話を	 -	見積もり無料	 -	"""車 シート クリーニング 業者"""	 -	立会不要で清掃作業で時間も有効	 -	出張車内 クリーニングの専門 店	 -	訪問特化型車内の清掃専門業者	 -	灯油 コーヒーこぼしおまかせ	 -	車 シート 汚れ 落とし 方	 -	18000円からシート車内洗浄対応	 -	１シートのみでもOK 圧倒的洗浄	 -	"""軽 自動車 クリーニング"""	 -	"""車の 嘔吐 クリーニング"""	 -	千葉県で車 嘔吐 クリーニングにお困りなら。専用洗剤とプロの技術で徹底除去。	 -	車内の車 嘔吐 クリーニングします。今すぐ専門家へお任せください。	 -	出張費無料で駆けつけます！	 -	使用後は無害になる特殊な洗剤を使用 清掃後は赤ちゃんペットにも無害です。専用の機材を使用	 -	{LOCATION(City):愛知}清掃出張車	嘔吐ニオイ清掃														Enabled	Enabled	Enabled	Approved	Excellent	
426-779-6658	和歌山車	千葉県＿車内クリーニング																														車 匂い 消し・消臭洗浄																																																				https://carinteriorcleaning.jp/regions/chiba/kuruma-nioi-keshi/					Responsive search ad	【{LOCATION(City):千葉}】出張車内クリーニング	 -	車 匂い 消し・消臭洗浄	 -	最短即日対応！プロの消臭・洗浄	 -	【電話相談】まずはお電話を	 -	見積もり無料	 -	"""車 匂い 消し消臭洗浄 業者"""	 -	立会不要で清掃作業で時間も有効	 -	車 匂い 消し消臭洗浄の専門 店	 -	訪問特化型車内の清掃専門業者	 -	灯油 コーヒーこぼしもおまかせ	 -	車 シート 汚れ 落とし	 -	18000円からシート車内洗浄対応	 -	１シートのみでもOK 圧倒的洗浄	 -	"""軽 自動車 クリーニング"""	 -	"""車 灯油 こぼし クリーニング"""	 -	千葉県で車 匂い 消し・消臭洗浄にお困りなら。専用洗剤とプロの技術で徹底除去。	 -	車内の 匂い 消し・消臭洗浄します。今すぐ専門家へお任せください。	 -	出張費無料で駆けつけます！	 -	使用後は無害になる特殊な洗剤を使用 清掃後は赤ちゃんペットにも無害です。専用の機材を使用	 -	{LOCATION(City):千葉}清掃出張車	匂い消し														Enabled	Enabled	Enabled	Approved	Excellent	
426-779-6658	和歌山車	千葉県＿車内クリーニング																														車　 おもらし																																										None	"嘔吐""""灯油""""エアコン"	Negative Phrase																																																																			Enabled	Enabled	Removed			SPLIT_TO:嘔吐/灯油/エアコン
426-779-6658	和歌山車	千葉県＿車内クリーニング																														車　 おもらし	90																																										車 おもらし	Phrase	900				 -	 -	 -	https://carinteriorcleaning.jp/regions/chiba/omorashi/																																																											Enabled	Enabled	Enabled	Approved		
426-779-6658	和歌山車	千葉県＿車内クリーニング																														車　 おもらし																																																				https://carinteriorcleaning.jp/regions/chiba/omorashi/					Responsive search ad	【{LOCATION(City):千葉}】出張車内クリーニング	 -	千葉の車 おもらしくリーニング	 -	最短即日対応！プロの消臭・洗浄	 -	【電話相談】まずはお電話を	 -	見積もり無料	 -	"""車 シート クリーニング 業者"""	 -	立会不要で清掃作業で時間も有効	 -	出張車内 クリーニングの専門 店	 -	訪問特化型車内の清掃専門業者	 -	灯油 コーヒーこぼしおまかせ	 -	洗浄後無害になる特殊洗剤を使用	 -	18000円からシート車内洗浄対応	 -	１シートのみでもOK 圧倒的洗浄	 -	"""軽 自動車 クリーニング"""	 -	"""車 灯油 こぼし クリーニング"""	 -	千葉県で車 おもらしの臭いや汚れにお困りなら。専用洗剤とプロの技術で徹底除去。	 -	車内の車 おもらしは放置すると悪化します。今すぐ専門家へお任せください。	 -	出張費無料で駆けつけます！	 -	使用後は無害になる特殊な洗剤を使用 清掃後は赤ちゃんペットにも無害です。専用の機材を使用	 -	{LOCATION(City):千葉}清掃出張車	おもらし清掃														Enabled	Enabled	Enabled	Approved	Average	
426-779-6658	和歌山車	千葉県＿車内クリーニング																														車　 エアコン臭い																																																				https://carinteriorcleaning.jp/regions/chiba/ac-nioi/					Responsive search ad	【{LOCATION(City):千葉}】出張車内クリーニング	 -	車 エアコン臭いクリーニング	 -	最短即日対応！プロの消臭・洗浄	 -	【電話相談】まずはお電話を	 -	見積もり無料	 -	"""車 シート クリーニング 業者"""	 -	立会不要で清掃作業で時間も有効	 -	出張車内 クリーニングの専門 店	 -	訪問特化型車内の清掃専門業者	 -	灯油 コーヒーこぼしおまかせ	 -	洗浄後無害になる特殊洗剤を使用	 -	18000円からシート車内洗浄対応	 -	１シートのみでもOK 圧倒的洗浄	 -	"""軽 自動車 クリーニング"""	 -	"""車 灯油 こぼし クリーニング"""	 -	千葉県で車 エアコン臭いの臭いや汚れにお困りなら。専用洗剤とプロの技術で徹底除去。	 -	車内の車 エアコン臭いは放置すると悪化します。今すぐ専門家へお任せください。	 -	出張費無料で駆けつけます！	 -	使用後は無害になる特殊な洗剤を使用 清掃後は赤ちゃんペットにも無害です。専用の機材を使用	 -	{LOCATION(City):千葉}清掃出張車	エアコン臭い														Enabled	Enabled	Enabled	Approved	Excellent	
426-779-6658	和歌山車	千葉県＿車内クリーニング																														車　加齢臭																																																				https://carinteriorcleaning.jp/regions/chiba/kareisyu/					Responsive search ad	【{LOCATION(City):千葉}】出張車内クリーニング	 -	千葉府の車 加齢臭クリーニング	 -	最短即日対応！プロの消臭・洗浄	 -	【電話相談】まずはお電話を	 -	見積もり無料	 -	"""車 シート クリーニング 業者"""	 -	立会不要で清掃作業で時間も有効	 -	出張車内 クリーニングの専門 店	 -	訪問特化型車内の清掃専門業者	 -	灯油 コーヒーこぼしおまかせ	 -	洗浄後無害になる特殊洗剤を使用	 -	18000円からシート車内洗浄対応	 -	１シートのみでもOK 圧倒的洗浄	 -	"""軽 自動車 クリーニング"""	 -	"""車 灯油 こぼし クリーニング"""	 -	千葉県で車 加齢臭の臭いや汚れにお困りなら。専用洗剤とプロの技術で徹底除去。	 -	車内の車 加齢臭は放置すると悪化します。今すぐ専門家へお任せください。	 -	出張費無料で駆けつけます！	 -	使用後は無害になる特殊な洗剤を使用 清掃後は赤ちゃんペットにも無害です。専用の機材を使用	 -	{LOCATION(City):千葉}清掃出張車	加齢臭消臭														Enabled	Enabled	Enabled	Approved	Excellent	
426-779-6658	和歌山車	千葉県＿車内クリーニング																														車　 ペット臭																																																				https://carinteriorcleaning.jp/regions/chiba/pet-nioi/					Responsive search ad	【{LOCATION(City):千葉}】出張車内クリーニング	 -	千葉の車 ペット臭クリーニング	 -	最短即日対応！プロの消臭・洗浄	 -	【電話相談】まずはお電話を	 -	見積もり無料	 -	"""車 シート クリーニング 業者"""	 -	立会不要で清掃作業で時間も有効	 -	出張車内 クリーニングの専門 店	 -	訪問特化型車内の清掃専門業者	 -	灯油 コーヒーこぼしおまかせ	 -	洗浄後無害になる特殊洗剤を使用	 -	18000円からシート車内洗浄対応	 -	１シートのみでもOK 圧倒的洗浄	 -	"""軽 自動車 クリーニング"""	 -	"""車 灯油 こぼし クリーニング"""	 -	千葉県で車 ペット臭の臭いや汚れにお困りなら。専用洗剤とプロの技術で徹底除去。	 -	車内の車 ペット臭は放置すると悪化します。今すぐ専門家へお任せください。	 -	出張費無料で駆けつけます！	 -	使用後は無害になる特殊な洗剤を使用 清掃後は赤ちゃんペットにも無害です。専用の機材を使用	 -	{LOCATION(City):千葉}清掃出張車	ペット臭消臭														Enabled	Enabled	Enabled	Approved	Excellent	
426-779-6658	和歌山車	千葉県＿車内クリーニング																														車シート 洗浄																																																				https://carinteriorcleaning.jp/regions/chiba/seat-senjo/					Responsive search ad	【{LOCATION(City):千葉}】出張車内クリーニング	 -	千葉車シート 洗浄クリーニング	 -	最短即日対応！プロの消臭・洗浄	 -	【電話相談】まずはお電話を	 -	見積もり無料	 -	"""車 シート クリーニング 業者"""	 -	立会不要で清掃作業で時間も有効	 -	出張車内 クリーニングの専門 店	 -	訪問特化型車内の清掃専門業者	 -	灯油 コーヒーこぼしおまかせ	 -	洗浄後無害になる特殊洗剤を使用	 -	18000円からシート車内洗浄対応	 -	１シートのみでもOK 圧倒的洗浄	 -	"""軽 自動車 クリーニング"""	 -	"""車 灯油 こぼし クリーニング"""	 -	千葉県で車シート 洗浄の臭いや汚れにお困りなら。専用洗剤とプロの技術で徹底除去。	 -	車内の車シート 洗浄します。今すぐ専門家へお任せください。	 -	出張費無料で駆けつけます！	 -	使用後は無害になる特殊な洗剤を使用 清掃後は赤ちゃんペットにも無害です。専用の機材を使用	 -	{LOCATION(City):千葉}清掃出張車	シート洗浄														Enabled	Enabled	Enabled	Approved	Excellent	
426-779-6658	和歌山車	千葉県＿車内クリーニング																														車シート クリーニング																																										None	"嘔吐""""灯油""""エアコン"	Negative Phrase																																																																			Enabled	Enabled	Removed			SPLIT_TO:嘔吐/灯油/エアコン
426-779-6658	和歌山車	千葉県＿車内クリーニング																														車シート クリーニング																																																				https://carinteriorcleaning.jp/regions/chiba/seat-cleaning/					Responsive search ad	【{LOCATION(City):千葉}】出張車内クリーニング	 -	千葉車シート クリーニング	 -	最短即日対応！プロの消臭・洗浄	 -	【電話相談】まずはお電話を	 -	見積もり無料	 -	"""車 シート クリーニング 業者"""	 -	立会不要で清掃作業で時間も有効	 -	出張車内 クリーニングの専門 店	 -	訪問特化型車内の清掃専門業者	 -	灯油 コーヒーこぼしおまかせ	 -	洗浄後無害になる特殊洗剤を使用	 -	18000円からシート車内洗浄対応	 -	１シートのみでもOK 圧倒的洗浄	 -	"""軽 自動車 クリーニング"""	 -	"""車 灯油 こぼし クリーニング"""	 -	千葉県で車シート クリーニングの臭いや汚れにお困りなら。専用洗剤とプロの技術で徹底除去。	 -	車内の車シート クリーニングは放置すると悪化します。今すぐ専門家へお任せください。	 -	出張費無料で駆けつけます！	 -	使用後は無害になる特殊な洗剤を使用 清掃後は赤ちゃんペットにも無害です。専用の機材を使用	 -	{LOCATION(City):千葉}清掃出張車	シート清掃														Enabled	Enabled	Enabled	Approved	Excellent	
426-779-6658	和歌山車	千葉県＿車内クリーニング																														車　 おしっこ																																																				https://carinteriorcleaning.jp/regions/chiba/oshikko/					Responsive search ad	【{LOCATION(City):千葉}】出張車内クリーニング	 -	千葉の車 おしっこクリーニング	 -	最短即日対応！プロの消臭・洗浄	 -	【電話相談】まずはお電話を	 -	見積もり無料	 -	"""車 シート クリーニング 業者"""	 -	立会不要で清掃作業で時間も有効	 -	出張車内 クリーニングの専門 店	 -	訪問特化型車内の清掃専門業者	 -	灯油 コーヒーこぼしおまかせ	 -	洗浄後無害になる特殊洗剤を使用	 -	18000円からシート車内洗浄対応	 -	１シートのみでもOK 圧倒的洗浄	 -	"""軽 自動車 クリーニング"""	 -	"""車 灯油 こぼし クリーニング"""	 -	千葉県で車 おしっこの臭いや汚れにお困りなら。専用洗剤とプロの技術で徹底除去。	 -	車内の車 おしっこは放置すると悪化します。今すぐ専門家へお任せください。	 -	出張費無料で駆けつけます！	 -	使用後は無害になる特殊な洗剤を使用 清掃後は赤ちゃんペットにも無害です。専用の機材を使用	 -	{LOCATION(City):千葉}清掃出張車	おしっこ消臭														Enabled	Enabled	Enabled	Approved	Excellent	
426-779-6658	和歌山車	千葉県＿車内クリーニング																														車　 うんこ																																																				https://carinteriorcleaning.jp/regions/chiba/unko/					Responsive search ad	【{LOCATION(City):千葉}】出張車内クリーニング	 -	千葉府の車 うんこクリーニング	 -	最短即日対応！プロの消臭・洗浄	 -	【電話相談】まずはお電話を	 -	見積もり無料	 -	"""車 シート クリーニング 業者"""	 -	立会不要で清掃作業で時間も有効	 -	出張車内 クリーニングの専門 店	 -	訪問特化型車内の清掃専門業者	 -	灯油 コーヒーこぼしおまかせ	 -	洗浄後無害になる特殊洗剤を使用	 -	18000円からシート車内洗浄対応	 -	１シートのみでもOK 圧倒的洗浄	 -	"""軽 自動車 クリーニング"""	 -	"""車 灯油 こぼし クリーニング"""	 -	千葉県で車 うんこの臭いや汚れにお困りなら。専用洗剤とプロの技術で徹底除去。	 -	車内の車 うんこは放置すると悪化します。今すぐ専門家へお任せください。	 -	出張費無料で駆けつけます！	 -	使用後は無害になる特殊な洗剤を使用 清掃後は赤ちゃんペットにも無害です。専用の機材を使用	 -	{LOCATION(City):千葉}清掃出張車	うんこ清掃														Enabled	Enabled	Enabled	Approved	Average	
426-779-6658	和歌山車	千葉県＿車内クリーニング																														車の匂い取り																																										None	"嘔吐""""灯油""""エアコン"	Negative Phrase																																																																			Enabled	Enabled	Removed			SPLIT_TO:嘔吐/灯油/エアコン
426-779-6658	和歌山車	千葉県＿車内クリーニング																														車の匂い取り																																																				https://carinteriorcleaning.jp/regions/chiba/kuruma-nioitori/					Responsive search ad	【{LOCATION(City):千葉}】出張車内クリーニング	 -	千葉の車の匂い取りクリーニング	 -	最短即日対応！プロの消臭・洗浄	 -	【電話相談】まずはお電話を	 -	見積もり無料	 -	"""車 シート クリーニング 業者"""	 -	立会不要で清掃作業で時間も有効	 -	出張車内 クリーニングの専門 店	 -	訪問特化型車内の清掃専門業者	 -	灯油 コーヒーこぼしおまかせ	 -	洗浄後無害になる特殊洗剤を使用	 -	18000円からシート車内洗浄対応	 -	１シートのみでもOK 圧倒的洗浄	 -	"""軽 自動車 クリーニング"""	 -	"""車 灯油 こぼし クリーニング"""	 -	千葉県で車の匂い取りの臭いや汚れにお困りなら。専用洗剤とプロの技術で徹底除去。	 -	車内の車の匂い取りは放置すると悪化します。今すぐ専門家へお任せください。	 -	出張費無料で駆けつけます！	 -	使用後は無害になる特殊な洗剤を使用 清掃後は赤ちゃんペットにも無害です。専用の機材を使用	 -	{LOCATION(City):千葉}清掃出張車	匂い取り														Enabled	Enabled	Enabled	Approved	Excellent	
426-779-6658	和歌山車	千葉県＿車内クリーニング																														車　 タバコの匂い汚れ・タバコのヤニ																																																				https://carinteriorcleaning.jp/regions/chiba/tabako-yani/					Responsive search ad	【{LOCATION(City):千葉}】出張車内クリーニング	 -	車 タバコ匂い汚れクリーニング	 -	最短即日対応！プロの消臭・洗浄	 -	【電話相談】まずはお電話を	 -	見積もり無料	 -	"""車 シート クリーニング 業者"""	 -	立会不要で清掃作業で時間も有効	 -	出張車内 クリーニングの専門 店	 -	訪問特化型車内の清掃専門業者	 -	灯油 コーヒーこぼしおまかせ	 -	洗浄後無害になる特殊洗剤を使用	 -	18000円からシート車内洗浄対応	 -	１シートのみでもOK 圧倒的洗浄	 -	"""軽 自動車 クリーニング"""	 -	"""車 灯油 こぼし クリーニング"""	 -	千葉県で車 タバコの匂い汚れの臭いや汚れにお困りなら。専用洗剤とプロの技術で徹底除去。	 -	車内の車 タバコの匂い汚れは放置すると悪化します。今すぐ専門家へお任せください。	 -	出張費無料で駆けつけます！	 -	使用後は無害になる特殊な洗剤を使用 清掃後は赤ちゃんペットにも無害です。専用の機材を使用	 -	{LOCATION(City):千葉}清掃出張車	タバコヤニ清掃														Enabled	Enabled	Enabled	Approved	Good	
426-779-6658	和歌山車	千葉県＿車内クリーニング																														車内 灯油 こぼし																																																				https://carinteriorcleaning.jp/regions/chiba/touyu-kobosi/					Responsive search ad	【{LOCATION(City):千葉}】出張車内クリーニング	 -	車内 灯油 こぼしクリーニング	 -	最短即日対応！プロの消臭・洗浄	 -	【電話相談】まずはお電話を	 -	見積もり無料	 -	"""車 シート クリーニング 業者"""	 -	立会不要で清掃作業で時間も有効	 -	出張車内 クリーニングの専門 店	 -	訪問特化型車内の清掃専門業者	 -	灯油 コーヒーこぼしおまかせ	 -	洗浄後無害になる特殊洗剤を使用	 -	18000円からシート車内洗浄対応	 -	１シートのみでもOK 圧倒的洗浄	 -	"""軽 自動車 クリーニング"""	 -	"""車 灯油 こぼし クリーニング"""	 -	千葉県で車内 灯油 こぼしの臭いや汚れにお困りなら。専用洗剤とプロの技術で徹底除去。	 -	車内の車内 灯油 こぼしは放置すると悪化します。今すぐ専門家へお任せください。	 -	出張費無料で駆けつけます！	 -	使用後は無害になる特殊な洗剤を使用 清掃後は赤ちゃんペットにも無害です。専用の機材を使用	 -	{LOCATION(City):千葉}清掃出張車	灯油清掃														Enabled	Enabled	Enabled	Approved	Excellent	
426-779-6658	和歌山車	千葉県＿車内クリーニング																														AG_緊急_嘔吐																																																				https://carinteriorcleaning.jp/regions/chiba/vomit-cleaning/					Responsive search ad	【{LOCATION(City):千葉}】出張車内クリーニング	 -	車 ゲロ 消臭 即日	 -	最短即日対応！プロの消臭・洗浄	 -	【電話相談】まずはお電話を	 -	見積もり無料	 -	ペット粗相洗浄業者	 -	立会不要で清掃作業で時間も有効	 -	出張車内 クリーニングの専門 店	 -	訪問特化型車内の清掃専門業者	 -	ペットうんちクリーニング	 -	車 シート 汚れ 落とし 方	 -	18000円からシート車内洗浄対応	 -	１シートのみでもOK 圧倒的洗浄	 -	"""軽 自動車 クリーニング"""	 -	"""車 灯油 こぼし クリーニング"""	 -	千葉で車 ゲロの臭いや汚れにお困りなら。専用洗剤とプロの技術で徹底除去。	 -	車内で車 ゲロの臭いや汚れは放置すると悪化します。今すぐ専門家へお任せください。	 -	出張費無料で駆けつけます！	 -	使用後は無害になる特殊な洗剤を使用 清掃後は赤ちゃんペットにも無害です。専用の機材を使用	 -	{LOCATION(City):千葉}清掃出張車	嘔吐ニオイ清掃														Enabled	Enabled	Enabled	Approved	Average	
426-779-6658	和歌山車	千葉県＿車内クリーニング																														AG_緊急_灯油																																																				https://carinteriorcleaning.jp/regions/chiba/touyu-kobosi/					Responsive search ad	【{LOCATION(City):千葉}】出張車内クリーニング	 -	車 灯油 こぼし 出張	 -	最短即日対応！プロの消臭・洗浄	 -	【電話相談】まずはお電話を	 -	見積もり無料	 -	"""車 シート クリーニング 業者"""	 -	立会不要で清掃作業で時間も有効	 -	出張車内 クリーニングの専門 店	 -	訪問特化型車内の清掃専門業者	 -	灯油 コーヒーこぼしおまかせ	 -	洗浄後無害になる特殊洗剤を使用	 -	18000円からシート車内洗浄対応	 -	１シートのみでもOK 圧倒的洗浄	 -	"""軽 自動車 クリーニング"""	 -	"""車 灯油 こぼし クリーニング"""	 -	千葉で車 灯油の臭いや汚れにお困りなら。専用洗剤とプロの技術で徹底除去。	 -	千葉で車 灯油の臭いや汚れは放置すると悪化します。今すぐ専門家へお任せください。	 -	出張費無料で駆けつけます！	 -	使用後は無害になる特殊な洗剤を使用 清掃後は赤ちゃんペットにも無害です。専用の機材を使用	 -	{LOCATION(City):千葉}清掃出張車	灯油清掃														Enabled	Enabled	Enabled	Approved	Good	
426-779-6658	和歌山車	千葉県＿車内クリーニング																														AG_緊急_灯油																																																				https://carinteriorcleaning.jp/regions/chiba/touyu-kobosi/					Responsive search ad	【{LOCATION(City):千葉}】出張車内クリーニング	 -	車 灯油 臭い 取れない 業者	 -	最短即日対応！プロの消臭・洗浄	 -	【電話相談】まずはお電話を	 -	見積もり無料	 -	"""車 シート クリーニング 業者"""	 -	立会不要で清掃作業で時間も有効	 -	出張車内 クリーニングの専門 店	 -	訪問特化型車内の清掃専門業者	 -	灯油 コーヒーこぼしおまかせ	 -	洗浄後無害になる特殊洗剤を使用	 -	18000円からシート車内洗浄対応	 -	１シートのみでもOK 圧倒的洗浄	 -	"""軽 自動車 クリーニング"""	 -	"""車 灯油 こぼし クリーニング"""	 -	千葉で車 灯油の臭いや汚れにお困りなら。専用洗剤とプロの技術で徹底除去。	 -	車内の車 灯油の臭いや汚れは放置すると悪化します。今すぐ専門家へお任せください。	 -	出張費無料で駆けつけます！	 -	使用後は無害になる特殊な洗剤を使用 清掃後は赤ちゃんペットにも無害です。専用の機材を使用	 -	{LOCATION(City):千葉}清掃出張車	灯油清掃														Enabled	Enabled	Enabled	Approved	Excellent	
426-779-6658	和歌山車	千葉県＿車内クリーニング																														AG_緊急_灯油																																																				https://carinteriorcleaning.jp/regions/chiba/touyu-kobosi/					Responsive search ad	【{LOCATION(City):千葉}】出張車内クリーニング	 -	車 灯油 こぼした 消臭 出張	 -	最短即日対応！プロの消臭・洗浄	 -	【電話相談】まずはお電話を	 -	見積もり無料	 -	"""車 シート クリーニング 業者"""	 -	立会不要で清掃作業で時間も有効	 -	出張車内 クリーニングの専門 店	 -	訪問特化型車内の清掃専門業者	 -	灯油 コーヒーこぼしおまかせ	 -	洗浄後無害になる特殊洗剤を使用	 -	18000円からシート車内洗浄対応	 -	１シートのみでもOK 圧倒的洗浄	 -	"""軽 自動車 クリーニング"""	 -	"""車 灯油 こぼし クリーニング"""	 -	千葉で車 灯油の臭いや汚れにお困りなら。専用洗剤とプロの技術で徹底除去。	 -	車内の 灯油の臭いや汚れは放置すると悪化します。今すぐ専門家へお任せください。	 -	出張費無料で駆けつけます！	 -	使用後は無害になる特殊な洗剤を使用 清掃後は赤ちゃんペットにも無害です。専用の機材を使用	 -	{LOCATION(City):千葉}清掃出張車	灯油清掃														Enabled	Enabled	Enabled	Approved	Good	
426-779-6658	和歌山車	千葉県＿車内クリーニング																														AG_緊急_ペット	90																																										車 おもらし シート 洗浄	Phrase	85				 -	 -	 -	https://carinteriorcleaning.jp/regions/chiba/omorashi/																																																											Enabled	Enabled	Enabled	Approved		
426-779-6658	和歌山車	千葉県＿車内クリーニング																														AG_緊急_ペット	90																																										犬 車 お漏らし 消臭 業者	Phrase	85				 -	 -	 -	https://carinteriorcleaning.jp/regions/chiba/omorashi/																																																											Enabled	Enabled	Enabled	Approved		
426-779-6658	和歌山車	千葉県＿車内クリーニング																														AG_緊急_ペット																																																				https://carinteriorcleaning.jp/regions/chiba/oshikko/					Responsive search ad	【{LOCATION(City):千葉}】出張車内クリーニング	 -	車 おしっこ シート 洗浄 出張	 -	最短即日対応！プロの消臭・洗浄	 -	【電話相談】まずはお電話を	 -	見積もり無料	 -	"""車 シート クリーニング 業者"""	 -	立会不要で清掃作業で時間も有効	 -	出張車内 クリーニングの専門 店	 -	訪問特化型車内の清掃専門業者	 -	灯油 コーヒーこぼしおまかせ	 -	洗浄後無害になる特殊洗剤を使用	 -	18000円からシート車内洗浄対応	 -	１シートのみでもOK 圧倒的洗浄	 -	"""軽 自動車 クリーニング"""	 -	"""車 灯油 こぼし クリーニング"""	 -	千葉県で車内のおしっこの臭いや汚れにお困りなら。専用洗剤とプロの技術で徹底除去。	 -	車内の車内のおしっこの臭いや汚れは放置すると悪化します。今すぐ専門家へお任せください。	 -	出張費無料で駆けつけます！	 -	使用後は無害になる特殊な洗剤を使用 清掃後は赤ちゃんペットにも無害です。専用の機材を使用	 -	{LOCATION(City):千葉}清掃出張車	おしっこ消臭														Enabled	Enabled	Enabled	Approved	Good	
426-779-6658	和歌山車	千葉県＿車内クリーニング																														AG_緊急_ペット																																																				https://carinteriorcleaning.jp/regions/chiba/oshikko/					Responsive search ad	【{LOCATION(City):千葉}】出張車内クリーニング	 -	車 おもらし シート 洗浄	 -	最短即日対応！プロの消臭・洗浄	 -	【電話相談】まずはお電話を	 -	見積もり無料	 -	"""車 シート クリーニング 業者"""	 -	立会不要で清掃作業で時間も有効	 -	出張車内 クリーニングの専門 店	 -	訪問特化型車内の清掃専門業者	 -	灯油 コーヒーこぼしおまかせ	 -	洗浄後無害になる特殊洗剤を使用	 -	18000円からシート車内洗浄対応	 -	１シートのみでもOK 圧倒的洗浄	 -	"""軽 自動車 クリーニング"""	 -	"""車 灯油 こぼし クリーニング"""	 -	千葉県で車 おもらしの臭いや汚れにお困りなら。専用洗剤とプロの技術で徹底除去。	 -	車内の車 おもらしの臭いや汚れ放置すると悪化します。今すぐ専門家へお任せください。	 -	出張費無料で駆けつけます！	 -	使用後は無害になる特殊な洗剤を使用 清掃後は赤ちゃんペットにも無害です。専用の機材を使用	 -	{LOCATION(City):千葉}清掃出張車	おしっこ消臭														Enabled	Enabled	Enabled	Approved	Good	
426-779-6658	和歌山車	千葉県＿車内クリーニング																														AG_緊急_ペット																																																				https://carinteriorcleaning.jp/regions/chiba/oshikko/					Responsive search ad	【{LOCATION(City):千葉}】出張車内クリーニング	 -	ペット 粗相 車 消臭	 -	最短即日対応！プロの消臭・洗浄	 -	【電話相談】まずはお電話を	 -	見積もり無料	 -	"""車 シート クリーニング 業者"""	 -	立会不要で清掃作業で時間も有効	 -	出張車内 クリーニングの専門 店	 -	訪問特化型車内の清掃専門業者	 -	灯油 コーヒーこぼしおまかせ	 -	洗浄後無害になる特殊洗剤を使用	 -	18000円からシート車内洗浄対応	 -	１シートのみでもOK 圧倒的洗浄	 -	"""軽 自動車 クリーニング"""	 -	"""車 灯油 こぼし クリーニング"""	 -	千葉で車ペット 粗相の臭いや汚れにお困りなら。専用洗剤とプロの技術で徹底除去。	 -	車内の車ペット 粗相の臭いや汚れは放置すると悪化します。今すぐ専門家へお任せください。	 -	出張費無料で駆けつけます！	 -	使用後は無害になる特殊な洗剤を使用 清掃後は赤ちゃんペットにも無害です。専用の機材を使用	 -	{LOCATION(City):千葉}清掃出張車	おしっこ消臭														Enabled	Enabled	Enabled	Approved	Good	
426-779-6658	和歌山車	千葉県＿車内クリーニング																														AG_消臭_口語																																																				https://carinteriorcleaning.jp/regions/chiba/kuruma-nioi-keshi/					Responsive search ad	【{LOCATION(City):千葉}】出張車内クリーニング	 -	車 匂い 消し 業者	 -	【期間限定】今だけキャンペーン	 -	365日無休24時間受付中LINE対応	 -	{keyword:出張車内清掃}嘔吐（ゲロ）即対応	 -	"""車 シート クリーニング 業者"""	 -	立会不要で清掃作業で時間も有効	 -	出張車内 クリーニングの専門 店	 -	訪問特化型車内の清掃専門業者	 -	灯油 コーヒーこぼしおまかせ	 -	洗浄後無害になる特殊洗剤を使用	 -	18000円からシート車内洗浄対応	 -	１シートのみでもOK 圧倒的洗浄	 -	"""軽 自動車 クリーニング"""	 -	"""車 灯油 こぼし クリーニング"""	 -	{LOCATION(City):千葉}【地元密着】車内清掃 特急便365日24時間受付中！電話で指定場所まで清掃に出張致します	 -	期間限定キャンペーン有！ 会社のお車を2台以上は、さらに割引 お得な出張車内クリーニング	 -	どこでも出張！ マンションや、会社の駐車場まで出張して、電源無しでも車内清掃のプロが作業	 -	使用後は無害になる特殊な洗剤を使用 清掃後は赤ちゃんペットにも無害です。専用の機材を使用	 -	{LOCATION(City):千葉}清掃出張車	匂い消し														Enabled	Enabled	Enabled	Approved	Average	
426-779-6658	和歌山車	千葉県＿車内クリーニング																														AG_消臭_口語																																																				https://carinteriorcleaning.jp/regions/chiba/kuruma-nioi-keshi/					Responsive search ad	【{LOCATION(City):千葉}】出張車内クリーニング	 -	車内 クサイ 消臭	 -	最短即日対応！プロの消臭・洗浄	 -	【電話相談】まずはお電話を	 -	見積もり無料	 -	ペット粗相洗浄業者	 -	立会不要で清掃作業で時間も有効	 -	出張車内 クリーニングの専門 店	 -	訪問特化型車内の清掃専門業者	 -	ペットうんちクリーニング	 -	車 シート 汚れ 落とし 方	 -	18000円からシート車内洗浄対応	 -	１シートのみでもOK 圧倒的洗浄	 -	"""軽 自動車 クリーニング"""	 -	"""車 灯油 こぼし クリーニング"""	 -	千葉で車クサイ臭いや汚れにお困りなら。専用洗剤とプロの技術で徹底除去。	 -	千葉で車クサイ臭いや汚れは放置すると悪化します。今すぐ専門家へお任せください。	 -	出張費無料で駆けつけます！	 -	使用後は無害になる特殊な洗剤を使用 清掃後は赤ちゃんペットにも無害です。専用の機材を使用	 -	{LOCATION(City):千葉}清掃出張車	匂い消し														Enabled	Enabled	Enabled	Approved	Average	
426-779-6658	和歌山車	千葉県＿車内クリーニング																														AG_消臭_口語																																																				https://carinteriorcleaning.jp/regions/chiba/kuruma-nioi-keshi/					Responsive search ad	【{LOCATION(City):千葉}】出張車内クリーニング	 -	車 臭い 取れない プロ	 -	最短即日対応！プロの消臭・洗浄	 -	【電話相談】まずはお電話を	 -	見積もり無料	 -	"""車 シート クリーニング 業者"""	 -	立会不要で清掃作業で時間も有効	 -	出張車内 クリーニングの専門 店	 -	訪問特化型車内の清掃専門業者	 -	灯油 コーヒーこぼしおまかせ	 -	洗浄後無害になる特殊洗剤を使用	 -	18000円からシート車内洗浄対応	 -	１シートのみでもOK 圧倒的洗浄	 -	"""軽 自動車 クリーニング"""	 -	"""車 灯油 こぼし クリーニング"""	 -	千葉県で車内の臭いの臭いや汚れにお困りなら。専用洗剤とプロの技術で徹底除去。	 -	車内の臭いの臭いや汚れは放置すると悪化します。今すぐ専門家へお任せください。	 -	出張費無料で駆けつけます！	 -	使用後は無害になる特殊な洗剤を使用 清掃後は赤ちゃんペットにも無害です。専用の機材を使用	 -	{LOCATION(City):千葉}清掃出張車	匂い消し														Enabled	Enabled	Enabled	Approved	Good	
426-779-6658	和歌山車	千葉県＿車内クリーニング																														AG_消臭_中古車																																																				https://carinteriorcleaning.jp/regions/chiba/chuko-tabako/					Responsive search ad	【{LOCATION(City):千葉}】出張車内クリーニング	 -	中古車 加齢臭 車内	 -	最短即日対応！プロの消臭・洗浄	 -	【電話相談】まずはお電話を	 -	見積もり無料	 -	ペット粗相洗浄業者	 -	立会不要で清掃作業で時間も有効	 -	出張車内 クリーニングの専門 店	 -	訪問特化型車内の清掃専門業者	 -	ペットうんちクリーニング	 -	車 シート 汚れ 落とし 方	 -	18000円からシート車内洗浄対応	 -	１シートのみでもOK 圧倒的洗浄	 -	"""軽 自動車 クリーニング"""	 -	"""車 灯油 こぼし クリーニング"""	 -	千葉県で中古車加齢臭の臭いや汚れにお困りなら。専用洗剤とプロの技術で徹底除去。	 -	車内の中古車加齢臭の臭いや汚れは放置すると悪化します。今すぐ専門家へお任せください。	 -	出張費無料で駆けつけます！	 -	使用後は無害になる特殊な洗剤を使用 清掃後は赤ちゃんペットにも無害です。専用の機材を使用	 -	{LOCATION(City):千葉}清掃出張車	タバコ臭清掃														Enabled	Enabled	Enabled	Approved	Average	
426-779-6658	和歌山車	千葉県＿車内クリーニング																														AG_消臭_湿気カビ																																																				https://carinteriorcleaning.jp/regions/chiba/shanai-nioi/					Responsive search ad	【{LOCATION(City):千葉}】出張車内クリーニング	 -	車内 カビ臭 取り方 業者	 -	最短即日対応！プロの消臭・洗浄	 -	【電話相談】まずはお電話を	 -	見積もり無料	 -	"""車 シート クリーニング 業者"""	 -	立会不要で清掃作業で時間も有効	 -	出張車内 クリーニングの専門 店	 -	訪問特化型車内の清掃専門業者	 -	灯油 コーヒーこぼしおまかせ	 -	洗浄後無害になる特殊洗剤を使用	 -	18000円からシート車内洗浄対応	 -	１シートのみでもOK 圧倒的洗浄	 -	"""軽 自動車 クリーニング"""	 -	"""車の 車内 カビ臭 取り方 業者"""	 -	千葉県で車内 カビ臭 取り方 業者や汚れにお困りなら。専用洗剤とプロの技術で徹底除去。	 -	車内の車内 カビ臭は放置すると悪化します。今すぐ専門家へお任せください。	 -	出張費無料で駆けつけます！	 -	使用後は無害になる特殊な洗剤を使用 清掃後は赤ちゃんペットにも無害です。専用の機材を使用	 -	{LOCATION(City):千葉}清掃出張車	車内臭い														Enabled	Enabled	Enabled	Approved	Good	
426-779-6658	和歌山車	千葉県＿車内クリーニング																														AG_消臭_湿気カビ																																																				https://carinteriorcleaning.jp/regions/chiba/shanai-nioi/					Responsive search ad	【{LOCATION(City):千葉}】出張車内クリーニング	 -	車 湿気 臭い シート 洗浄	 -	最短即日対応！プロの消臭・洗浄	 -	【電話相談】まずはお電話を	 -	見積もり無料	 -	"""車 シート クリーニング 業者"""	 -	立会不要で清掃作業で時間も有効	 -	出張車内 クリーニングの専門 店	 -	訪問特化型車内の清掃専門業者	 -	灯油 コーヒーこぼしおまかせ	 -	洗浄後無害になる特殊洗剤を使用	 -	18000円からシート車内洗浄対応	 -	１シートのみでもOK 圧倒的洗浄	 -	"""軽 自動車 クリーニング"""	 -	"""車 灯油 こぼし クリーニング"""	 -	千葉県で車の湿気の臭いや汚れにお困りなら。専用洗剤とプロの技術で徹底除去。	 -	千葉県で車の湿気の臭いや汚れは放置すると悪化します。今すぐ専門家へお任せください。	 -	出張費無料で駆けつけます！	 -	使用後は無害になる特殊な洗剤を使用 清掃後は赤ちゃんペットにも無害です。専用の機材を使用	 -	{LOCATION(City):千葉}清掃出張車	車内臭い														Enabled	Enabled	Enabled	Approved	Good	
426-779-6658	和歌山車	千葉県＿車内クリーニング																														AG_消臭_湿気カビ																																																				https://carinteriorcleaning.jp/regions/chiba/shanai-nioi/					Responsive search ad	【{LOCATION(City):千葉}】出張車内クリーニング	 -	車 原因不明 臭い 消臭 業者	 -	最短即日対応！プロの消臭・洗浄	 -	【電話相談】まずはお電話を	 -	見積もり無料	 -	"""車 シート クリーニング 業者"""	 -	立会不要で清掃作業で時間も有効	 -	出張車内 クリーニングの専門 店	 -	訪問特化型車内の清掃専門業者	 -	灯油 コーヒーこぼしおまかせ	 -	洗浄後無害になる特殊洗剤を使用	 -	18000円からシート車内洗浄対応	 -	１シートのみでもOK 圧倒的洗浄	 -	"""軽 自動車 クリーニング"""	 -	"""車 灯油 こぼし クリーニング"""	 -	千葉県で車 原因不明の臭いや汚れにお困りなら。専用洗剤とプロの技術で徹底除去。	 -	車 原因不明の臭いや汚は放置すると悪化します。今すぐ専門家へお任せください。	 -	出張費無料で駆けつけます！	 -	使用後は無害になる特殊な洗剤を使用 清掃後は赤ちゃんペットにも無害です。専用の機材を使用	 -	{LOCATION(City):千葉}清掃出張車	車内臭い														Enabled	Enabled	Enabled	Approved	Good	
426-779-6658	和歌山車	千葉県＿車内クリーニング																														AG_エアコン_エバポレーター																																																				https://carinteriorcleaning.jp/regions/chiba/evaporator-senjo/					Responsive search ad	【{LOCATION(City):千葉}】車内のエアコン洗浄	 -	エバポレーター洗浄 出張	 -	最短即日対応！プロの消臭・洗浄	 -	【電話相談】まずはお電話を	 -	見積もり無料	 -	"""車 エバポレーター洗浄 業者"""	 -	立会不要で清掃作業で時間も有効	 -	出張エバポレーター洗浄専門 店	 -	訪問特化型車内の清掃専門業者	 -	エバポレーター洗浄 おまかせ	 -	洗浄後無害になる特殊洗剤を使用	 -	18000円からシート車内洗浄対応	 -	１シートのみでもOK 圧倒的洗浄	 -	"""軽 自動車 クリーニング"""	 -	車 エバポレータークリーニング	 -	千葉県でエバポレーターのニオイ汚れにお困りなら。専用洗剤とプロの技術で徹底除去。	 -	車内のエバポレーターニオイ汚れ放置すると悪化します。今すぐ専門家へお任せください。	 -	出張費無料で駆けつけます！	 -	使用後は無害になる特殊な洗剤を使用 清掃後は赤ちゃんペットにも無害です。専用の機材を使用	 -	{LOCATION(City):千葉}清掃出張車	エバポ洗浄														Enabled	Enabled	Enabled	Approved	Average	
426-779-6658	和歌山車	千葉県＿車内クリーニング																														AG_エアコン_エバポレーター																																																				https://carinteriorcleaning.jp/regions/chiba/evaporator-senjo/					Responsive search ad	【{LOCATION(City):千葉}】出張車内クリーニング	 -	車 エアコン 酸っぱい 臭い 業者	 -	最短即日対応！プロの消臭・洗浄	 -	【電話相談】まずはお電話を	 -	見積もり無料	 -	"""車 シート クリーニング 業者"""	 -	立会不要で清掃作業で時間も有効	 -	出張車内 クリーニングの専門 店	 -	訪問特化型車内の清掃専門業者	 -	灯油 コーヒーこぼしおまかせ	 -	洗浄後無害になる特殊洗剤を使用	 -	18000円からシート車内洗浄対応	 -	１シートのみでもOK 圧倒的洗浄	 -	"""軽 自動車 クリーニング"""	 -	"""車 灯油 こぼし クリーニング"""	 -	千葉県で車 エアコン臭いや汚れにお困りなら。専用洗剤とプロの技術で徹底除去。	 -	車内の エアコン臭いの臭いは放置すると悪化します。今すぐ専門家へお任せください。	 -	出張費無料で駆けつけます！	 -	使用後は無害になる特殊な洗剤を使用 清掃後は赤ちゃんペットにも無害です。専用の機材を使用	 -	{LOCATION(City):千葉}清掃出張車	エバポ洗浄														Enabled	Enabled	Enabled	Approved	Average	
426-779-6658	和歌山車	千葉県＿車内クリーニング																														AG_エアコン_エバポレーター																																																				https://carinteriorcleaning.jp/regions/chiba/evaporator-senjo/					Responsive search ad	【{LOCATION(City):千葉}】出張車内クリーニング	 -	カーエアコン カビ臭 エバポレー	 -	最短即日対応！プロの消臭・洗浄	 -	【電話相談】まずはお電話を	 -	見積もり無料	 -	"""車 シート クリーニング 業者"""	 -	立会不要で清掃作業で時間も有効	 -	出張車内 クリーニングの専門 店	 -	訪問特化型車内の清掃専門業者	 -	灯油 コーヒーこぼしおまかせ	 -	洗浄後無害になる特殊洗剤を使用	 -	18000円からシート車内洗浄対応	 -	１シートのみでもOK 圧倒的洗浄	 -	"""軽 自動車 クリーニング"""	 -	"""車 灯油 こぼし クリーニング"""	 -	千葉県でエバポレーターのニオイ汚れにお困りなら。専用洗剤とプロの技術で徹底除去。	 -	車内のエバポレーターのニオイ汚れは放置すると悪化します。今すぐ専門家へお任せください。	 -	出張費無料で駆けつけます！	 -	使用後は無害になる特殊な洗剤を使用 清掃後は赤ちゃんペットにも無害です。専用の機材を使用	 -	{LOCATION(City):千葉}清掃出張車	エバポ洗浄														Enabled	Enabled	Enabled	Approved	Average	
426-779-6658	和歌山車	千葉県＿車内クリーニング																														AG_条件_出張																																																				https://carinteriorcleaning.jp/regions/chiba/shutchou-senmon/					Responsive search ad	【{LOCATION(City):千葉}】出張車内クリーニング	 -	車内クリーニング 即日 出張	 -	最短即日対応！プロの消臭・洗浄	 -	【電話相談】まずはお電話を	 -	見積もり無料	 -	"""車 シート クリーニング 業者"""	 -	立会不要で清掃作業で時間も有効	 -	出張車内 クリーニングの専門 店	 -	訪問特化型車内の清掃専門業者	 -	灯油 コーヒーこぼしおまかせ	 -	洗浄後無害になる特殊洗剤を使用	 -	18000円からシート車内洗浄対応	 -	１シートのみでもOK 圧倒的洗浄	 -	"""軽 自動車 クリーニング"""	 -	"""車 灯油 こぼし クリーニング"""	 -	千葉県で車内クリーニング即日対応。専用洗剤とプロの技術で徹底除去。	 -	車内の車内クリーニング即日対応します。今すぐ専門家へお任せください。	 -	出張費無料で駆けつけます！	 -	使用後は無害になる特殊な洗剤を使用 清掃後は赤ちゃんペットにも無害です。専用の機材を使用	 -	{LOCATION(City):千葉}清掃出張車	出張専門														Enabled	Enabled	Enabled	Approved	Good	
426-779-6658	和歌山車	千葉県＿車内クリーニング																														AG_条件_出張																																																				https://carinteriorcleaning.jp/regions/chiba/shutchou-senmon/					Responsive search ad	【{LOCATION(City):千葉}】出張車内クリーニング	 -	車内清掃 1席 出張	 -	最短即日対応！プロの消臭・洗浄	 -	【電話相談】まずはお電話を	 -	見積もり無料	 -	"""車 シート クリーニング 業者"""	 -	立会不要で清掃作業で時間も有効	 -	出張車内 クリーニングの専門 店	 -	訪問特化型車内の清掃専門業者	 -	灯油 コーヒーこぼしおまかせ	 -	洗浄後無害になる特殊洗剤を使用	 -	18000円からシート車内洗浄対応	 -	１シートのみでもOK 圧倒的洗浄	 -	"""軽 自動車 クリーニング"""	 -	車内 １席対応車 クリーニング	 -	千葉県で 車内 １席対応 専用洗剤とプロの技術で徹底除去。	 -	車内の臭いや汚れは放置すると悪化します。今すぐ専門家へお任せください。	 -	出張費無料で駆けつけます！	 -	使用後は無害になる特殊な洗剤を使用 清掃後は赤ちゃんペットにも無害です。専用の機材を使用	 -	{LOCATION(City):千葉}清掃出張車	出張専門														Enabled	Enabled	Enabled	Approved	Good	
426-779-6658	和歌山車	千葉県＿車内クリーニング																														AG_条件_電源不要																																																				https://carinteriorcleaning.jp/regions/chiba/dengen-fuyou/					Responsive search ad	【{LOCATION(City):千葉}】出張車内クリーニング	 -	車内清掃 電源不要 出張	 -	最短即日対応！プロの消臭・洗浄	 -	【電話相談】まずはお電話を	 -	見積もり無料	 -	"""車 シート クリーニング 業者"""	 -	立会不要で清掃作業で時間も有効	 -	出張車内 クリーニングの専門 店	 -	訪問特化型車内の清掃専門業者	 -	灯油 コーヒーこぼしおまかせ	 -	洗浄後無害になる特殊洗剤を使用	 -	18000円からシート車内洗浄対応	 -	１シートのみでもOK 圧倒的洗浄	 -	"""軽 自動車 クリーニング"""	 -	"""車 灯油 こぼし クリーニング"""	 -	千葉県で車洗浄で電源無い電源持込 専用洗剤とプロの技術で徹底除去。	 -	車内の車洗浄で電源無い電源持込します。今すぐ専門家へお任せください。	 -	出張費無料で駆けつけます！	 -	使用後は無害になる特殊な洗剤を使用 清掃後は赤ちゃんペットにも無害です。専用の機材を使用	 -	{LOCATION(City):千葉}清掃出張車	電源持込不要														Enabled	Enabled	Enabled	Approved	Excellent	
426-779-6658	和歌山車	千葉県＿車内クリーニング																														AG_条件_電源不要																																																				https://carinteriorcleaning.jp/regions/chiba/dengen-fuyou/					Responsive search ad	【{LOCATION(City):千葉}】出張車内クリーニング	 -	マンション 車内クリーニング	 -	最短即日対応！プロの消臭・洗浄	 -	【電話相談】まずはお電話を	 -	見積もり無料	 -	"""車 シート クリーニング 業者"""	 -	立会不要で清掃作業で時間も有効	 -	出張車内 クリーニングの専門 店	 -	訪問特化型車内の清掃専門業者	 -	灯油 コーヒーこぼしおまかせ	 -	洗浄後無害になる特殊洗剤を使用	 -	18000円からシート車内洗浄対応	 -	１シートのみでもOK 圧倒的洗浄	 -	"""軽 自動車 クリーニング"""	 -	"""車 灯油 こぼし クリーニング"""	 -	千葉県で車 マンションでの清掃対応 専用洗剤とプロの技術で徹底除去。	 -	車内のマンションでの清掃対応 。今すぐ専門家へお任せください。	 -	出張費無料で駆けつけます！	 -	使用後は無害になる特殊な洗剤を使用 清掃後は赤ちゃんペットにも無害です。専用の機材を使用	 -	{LOCATION(City):千葉}清掃出張車	電源持込不要														Enabled	Enabled	Enabled	Approved	Good	
426-779-6658	和歌山車	千葉県＿車内クリーニング																														AG_条件_電源不要																																																				https://carinteriorcleaning.jp/regions/chiba/dengen-fuyou/					Responsive search ad	【{LOCATION(City):千葉}】出張車内クリーニング	 -	千葉 車内清掃 電源不要	 -	最短即日対応！プロの消臭・洗浄	 -	【電話相談】まずはお電話を	 -	見積もり無料	 -	"""車 シート クリーニング 業者"""	 -	立会不要で清掃作業で時間も有効	 -	出張車内 クリーニングの専門 店	 -	訪問特化型車内の清掃専門業者	 -	灯油 コーヒーこぼしおまかせ	 -	洗浄後無害になる特殊洗剤を使用	 -	18000円からシート車内洗浄対応	 -	１シートのみでもOK 圧倒的洗浄	 -	"""軽 自動車 クリーニング"""	 -	"""車 灯油 こぼし クリーニング"""	 -	千葉県で車洗浄で電源無い電源持込 専用洗剤とプロの技術で徹底除去。	 -	車洗浄で電源無い電源持込します。今すぐ専門家へお任せください。	 -	出張費無料で駆けつけます！	 -	使用後は無害になる特殊な洗剤を使用 清掃後は赤ちゃんペットにも無害です。専用の機材を使用	 -	{LOCATION(City):千葉}清掃出張車	電源持込不要														Enabled	Enabled	Enabled	Approved	Good	
426-779-6658	和歌山車	千葉県＿車内クリーニング																														AG_バス_トラック																																																				https://carinteriorcleaning.jp/regions/chiba/bus-senmon/					Responsive search ad	{LOCATION(City):千葉}出張車内バス クリーニング	 -	バス 嘔吐 清掃 即日	 -	最短即日対応！プロの消臭・洗浄	 -	【電話相談】まずはお電話を	 -	見積もり無料	 -	"""車 シート クリーニング 業者"""	 -	立会不要で清掃作業で時間も有効	 -	出張車内 クリーニングの専門 店	 -	訪問特化型車内の清掃専門業者	 -	コーヒーこぼしおまかせ	 -	洗浄後無害になる特殊洗剤を使用	 -	18000円からシート車内洗浄対応	 -	１シートのみでもOK 圧倒的洗浄	 -					千葉県でバス 嘔吐の臭いや汚れにお困りなら。専用洗剤とプロの技術で徹底除去。	 -	車内のバス 嘔吐の臭いは放置すると悪化します。今すぐ専門家へお任せください。	 -	出張費無料で駆けつけます！	 -	使用後は無害になる特殊な洗剤を使用 清掃後は赤ちゃんペットにも無害です。専用の機材を使用	 -	{LOCATION(City):千葉}清掃出張車	バス清掃														Enabled	Enabled	Enabled	Approved	Excellent	
426-779-6658	和歌山車	千葉県＿車内クリーニング																														緊急_子供嘔吐																																																				https://carinteriorcleaning.jp/regions/chiba/kodomo-kyuto/					Responsive search ad	【{LOCATION(City):千葉}】子供嘔吐清掃	 -	車酔い 嘔吐 出張専門業者	 -	最短即日対応！プロの消臭・洗浄	 -	【電話相談】車嘔吐はお電話を	 -	見積もり無料	 -	子供おうと洗浄業者	 -	立会不要で清掃作業で時間も有効	 -	子供おうと洗浄の専門 店	 -	訪問特化型車内の清掃専門業者	 -	子供おうと洗浄クリーニング	 -	車 シート 汚れ 落とし 方	 -	18000円からシート車内洗浄対応	 -	１シートのみでもOK 圧倒的洗浄	 -	"""軽 自動車 クリーニング"""	 -	"""車こどもおうとクリーニング"""	 -	千葉県で車嘔吐の臭いや汚れにお困りなら。専用洗剤とプロの技術で徹底除去。	 -	車内の車嘔吐の臭いや汚れは放置すると悪化。今すぐ専門家へお任せ。	 -	出張費無料で駆けつけます！	 -	使用後は無害になる特殊な洗剤を使用 清掃後は赤ちゃんペットにも無害です。専用の機材を使用	 -	{LOCATION(City):千葉}清掃出張車	子供嘔吐清掃														Enabled	Enabled	Enabled	Approved	Average	
426-779-6658	和歌山車	千葉県＿車内クリーニング																														緊急_灯油																																																				https://carinteriorcleaning.jp/regions/chiba/touyu-kobosi/					Responsive search ad	【{LOCATION(City):千葉}】出張車内クリーニング	 -	車内 灯油 こぼし 消臭	 -	最短即日対応！プロの消臭・洗浄	 -	【電話相談】まずはお電話を	 -	見積もり無料	 -	"""車 シート クリーニング 業者"""	 -	立会不要で清掃作業で時間も有効	 -	出張車内 クリーニングの専門 店	 -	訪問特化型車内の清掃専門業者	 -	灯油 コーヒーこぼしおまかせ	 -	洗浄後無害になる特殊洗剤を使用	 -	18000円からシート車内洗浄対応	 -	１シートのみでもOK 圧倒的洗浄	 -	"""軽 自動車 クリーニング"""	 -	"""車 灯油 こぼし クリーニング"""	 -	千葉で車 灯油の臭いや汚れにお困りなら。専用洗剤とプロの技術で徹底除去。	 -	車内の 灯油の臭いや汚は放置すると悪化します。今すぐ専門家へお任せください。	 -	出張費無料で駆けつけます！	 -	使用後は無害になる特殊な洗剤を使用 清掃後は赤ちゃんペットにも無害です。専用の機材を使用	 -	{LOCATION(City):千葉}清掃出張車	灯油清掃														Enabled	Enabled	Enabled	Approved	Average	
426-779-6658	和歌山車	千葉県＿車内クリーニング																														緊急_灯油																																																				https://carinteriorcleaning.jp/regions/chiba/touyu-kobosi/					Responsive search ad	【{LOCATION(City):千葉}】出張車内クリーニング	 -	千葉 灯油 こぼし 車	 -	最短即日対応！プロの消臭・洗浄	 -	【電話相談】まずはお電話を	 -	見積もり無料	 -	ペット粗相洗浄業者	 -	立会不要で清掃作業で時間も有効	 -	出張車内 クリーニングの専門 店	 -	訪問特化型車内の清掃専門業者	 -	ペットうんちクリーニング	 -	車 シート 汚れ 落とし 方	 -	18000円からシート車内洗浄対応	 -	１シートのみでもOK 圧倒的洗浄	 -	"""軽 自動車 クリーニング"""	 -	"""車 灯油 こぼし クリーニング"""	 -	千葉で車 灯油の臭いや汚れにお困りなら。専用洗剤とプロの技術で徹底除去。	 -	車内の 灯油の臭いや汚れには放置すると悪化します。今すぐ専門家へお任せください。	 -	出張費無料で駆けつけます！	 -	使用後は無害になる特殊な洗剤を使用 清掃後は赤ちゃんペットにも無害です。専用の機材を使用	 -	{LOCATION(City):千葉}清掃出張車	灯油清掃														Enabled	Enabled	Enabled	Approved	Average	
426-779-6658	和歌山車	千葉県＿車内クリーニング																														緊急_ペット																																																				https://carinteriorcleaning.jp/regions/chiba/oshikko/					Responsive search ad	【{LOCATION(City):千葉}】ペットおもらし	 -	犬 車 お漏らし 消臭 業者	 -	最短即日対応！プロの消臭・洗浄	 -	【電話相談】まずはお電話を	 -	見積もり無料	 -	"""猫 車 お漏らし 消臭 業者"""	 -	立会不要で清掃作業で時間も有効	 -	車 ペットお漏らしの専門 店	 -	訪問特化型車内の清掃専門業者	 -	車 ペット うんちの専門 店	 -	洗浄後無害になる特殊洗剤を使用	 -	18000円からシート車内洗浄対応	 -	１シートのみでもOK 圧倒的洗浄	 -	"""軽 自動車 クリーニング"""	 -	犬猫うんちの専門 店	 -	千葉県で犬猫のお漏らし汚れにお困りなら。専用洗剤とプロの技術で徹底除去。	 -	車内の犬猫のお漏らし汚れ放置すると悪化します。今すぐ専門家へお任せください。	 -	出張費無料で駆けつけ 即クリーニングでキレイにします	 -	使用後は無害になる特殊な洗剤を使用 清掃後は赤ちゃんペットにも無害です。専用の機材を使用	 -	{LOCATION(City):千葉}清掃出張車	おしっこ消臭														Enabled	Enabled	Enabled	Approved	Average	
426-779-6658	和歌山車	千葉県＿車内クリーニング																														緊急_ペット																																																				https://carinteriorcleaning.jp/regions/chiba/oshikko/					Responsive search ad	【{LOCATION(City):千葉}】出張車内クリーニング	 -	千葉 ペット 車内 清掃	 -	最短即日対応！プロの消臭・洗浄	 -	【電話相談】まずはお電話を	 -	見積もり無料	 -	"""車 シート クリーニング 業者"""	 -	立会不要で清掃作業で時間も有効	 -	出張車内 クリーニングの専門 店	 -	訪問特化型車内の清掃専門業者	 -	灯油 コーヒーこぼしおまかせ	 -	洗浄後無害になる特殊洗剤を使用	 -	18000円からシート車内洗浄対応	 -	１シートのみでもOK 圧倒的洗浄	 -	"""軽 自動車 クリーニング"""	 -	"""車 灯油 こぼし クリーニング"""	 -	千葉県で車のおしっこの臭いや染み込みにお困りなら。専用洗剤で徹底除去。	 -	車内のおしっこ臭は放置すると悪化します。今すぐ専門家へお任せください。	 -	出張費無料で駆けつけます！	 -	使用後は無害になる特殊な洗剤を使用 清掃後は赤ちゃんペットにも無害です。専用の機材を使用	 -	{LOCATION(City):千葉}清掃出張車	おしっこ消臭														Enabled	Enabled	Enabled	Approved	Average	
426-779-6658	和歌山車	千葉県＿車内クリーニング																														消臭_口語																																																				https://carinteriorcleaning.jp/regions/chiba/kuruma-nioi-keshi/					Responsive search ad	【{LOCATION(City):千葉}】出張トラック車内洗浄	 -	消臭スプレー 効かない 車	 -	最短即日対応！プロの消臭・洗浄	 -	【電話相談】まずはお電話を	 -	見積もり無料	 -	"""車 シート クリーニング 業者"""	 -	立会不要で清掃作業で時間も有効	 -	出張車内 クリーニングの専門 店	 -	訪問特化型車内の清掃専門業者	 -	灯油 コーヒーこぼしおまかせ	 -	洗浄後無害になる特殊洗剤を使用	 -	18000円からシート車内洗浄対応	 -	１シートのみでもOK 圧倒的洗浄	 -	"""軽 自動車 クリーニング"""	 -	"""車 灯油 こぼし クリーニング"""	 -	千葉県で車消臭スプレー効かないなら。専用洗剤とプロの技術で徹底除去。	 -	車内の車 消臭スプレー効かない放置すると悪化します。今すぐ専門家へお任せください。	 -	出張費無料で駆けつけます！	 -	使用後は無害になる特殊な洗剤を使用 清掃後は赤ちゃんペットにも無害です。専用の機材を使用	 -	{LOCATION(City):千葉}清掃出張車	匂い消し														Enabled	Enabled	Enabled	Approved	Excellent	
426-779-6658	和歌山車	千葉県＿車内クリーニング																														消臭_口語																																																				https://carinteriorcleaning.jp/regions/chiba/kuruma-nioi-keshi/					Responsive search ad	{LOCATION(City):千葉}出張車内消臭 特急便	 -	車 芳香剤 臭い 取れない	 -	最短即日対応！プロの消臭・洗浄	 -	【電話相談】まずはお電話を	 -	見積もり無料	 -	"""車 シート クリーニング 業者"""	 -	立会不要で清掃作業で時間も有効	 -	出張車内 クリーニングの専門 店	 -	訪問特化型車内の清掃専門業者	 -	灯油 コーヒーこぼしおまかせ	 -	洗浄後無害になる特殊洗剤を使用	 -	18000円からシート車内洗浄対応	 -	１シートのみでもOK 圧倒的洗浄	 -	"""軽 自動車 クリーニング"""	 -	"""車 灯油 こぼし クリーニング"""	 -	千葉県で車 芳香剤 臭い 取れないお困りなら。専用洗剤とプロの技術で徹底除去。	 -	車内の車 芳香剤 臭い 取れない放置すると悪化します。今すぐ専門家へお任せください。	 -	出張費無料で駆けつけます！	 -	使用後は無害になる特殊な洗剤を使用 清掃後は赤ちゃんペットにも無害です。専用の機材を使用	 -	{LOCATION(City):千葉}清掃出張車	匂い消し														Enabled	Enabled	Enabled	Approved	Excellent	
426-779-6658	和歌山車	千葉県＿車内クリーニング																														消臭_口語																																																				https://carinteriorcleaning.jp/regions/chiba/kuruma-nioi-keshi/					Responsive search ad	{LOCATION(City):千葉}出張車内消臭 特急便	 -	千葉 車内 消臭 出張	 -	最短即日対応！プロの消臭・洗浄	 -	【電話相談】まずはお電話を	 -	見積もり無料	 -	"""車 シート クリーニング 業者"""	 -	立会不要で清掃作業で時間も有効	 -	出張車内 クリーニングの専門 店	 -	訪問特化型車内の清掃専門業者	 -	灯油 コーヒーこぼしおまかせ	 -	洗浄後無害になる特殊洗剤を使用	 -	18000円からシート車内洗浄対応	 -	１シートのみでもOK 圧倒的洗浄	 -	"""軽 自動車 クリーニング"""	 -	車内 消臭 出張 クリーニング	 -	千葉県で千葉 車内 消臭 出張にお困りなら。専用洗剤とプロの技術で徹底除去。	 -	車内の千葉 車内 消臭 出張します。今すぐ専門家へお任せください。	 -	出張費無料で駆けつけます！	 -	使用後は無害になる特殊な洗剤を使用 清掃後は赤ちゃんペットにも無害です。専用の機材を使用	 -	{LOCATION(City):千葉}清掃出張車	匂い消し														Enabled	Enabled	Enabled	Approved	Excellent	
426-779-6658	和歌山車	千葉県＿車内クリーニング																														消臭_中古車																																																				https://carinteriorcleaning.jp/regions/chiba/chuko-tabako/					Responsive search ad	【{LOCATION(City):千葉}】出張車内クリーニング	 -	千葉 中古車 臭い 車内	 -	最短即日対応！プロの消臭・洗浄	 -	【電話相談】まずはお電話を	 -	見積もり無料	 -	"""車 シート クリーニング 業者"""	 -	立会不要で清掃作業で時間も有効	 -	出張車内 クリーニングの専門 店	 -	訪問特化型車内の清掃専門業者	 -	灯油 コーヒーこぼしおまかせ	 -	洗浄後無害になる特殊洗剤を使用	 -	18000円からシート車内洗浄対応	 -	１シートのみでもOK 圧倒的洗浄	 -	"""軽 自動車 クリーニング"""	 -	"""車 灯油 こぼし クリーニング"""	 -	千葉県で中古車の臭いや汚れにお困りなら。専用洗剤とプロの技術で徹底除去。	 -	中古車の臭いや汚れは放置すると悪化します。今すぐ専門家へお任せください。	 -	出張費無料で駆けつけます！	 -	使用後は無害になる特殊な洗剤を使用 清掃後は赤ちゃんペットにも無害です。専用の機材を使用	 -	{LOCATION(City):千葉}清掃出張車	タバコ臭清掃														Enabled	Enabled	Enabled	Approved	Poor	
426-779-6658	和歌山車	千葉県＿車内クリーニング																														消臭_湿気カビ																																																				https://carinteriorcleaning.jp/regions/chiba/shanai-nioi/					Responsive search ad	【{LOCATION(City):千葉}】出張車内クリーニング	 -	車 ペット臭 消臭 プロ 出張	 -	【期間限定】今だけキャンペーン	 -	365日無休24時間受付中LINE対応	 -	{keyword:出張車内清掃}嘔吐（ゲロ）即対応	 -	"""車 シート クリーニング 業者"""	 -	立会不要で清掃作業で時間も有効	 -	出張車内 クリーニングの専門 店	 -	訪問特化型車内の清掃専門業者	 -	灯油 コーヒーこぼしおまかせ	 -	洗浄後無害になる特殊洗剤を使用	 -	18000円からシート車内洗浄対応	 -	１シートのみでもOK 圧倒的洗浄	 -	"""軽 自動車 クリーニング"""	 -	"""車 灯油 こぼし クリーニング"""	 -	{LOCATION(City):千葉}【地元密着】車内清掃 特急便365日24時間受付中！電話で指定場所まで清掃に出張致します	 -	期間限定キャンペーン有！ 会社のお車を2台以上は、さらに割引 お得な出張車内クリーニング	 -	どこでも出張！ マンションや、会社の駐車場まで出張して、電源無しでも車内清掃のプロが作業	 -	使用後は無害になる特殊な洗剤を使用 清掃後は赤ちゃんペットにも無害です。専用の機材を使用	 -	{LOCATION(City):千葉}清掃出張車	車内臭い														Enabled	Enabled	Enabled	Approved	Excellent	
426-779-6658	和歌山車	千葉県＿車内クリーニング																														消臭_湿気カビ																																																				https://carinteriorcleaning.jp/regions/chiba/shanai-nioi/					Responsive search ad	【{LOCATION(City):千葉}】出張車内クリーニング	 -	千葉 車内 カビ臭	 -	最短即日対応！プロの消臭・洗浄	 -	【電話相談】まずはお電話を	 -	見積もり無料	 -	ペット粗相洗浄業者	 -	立会不要で清掃作業で時間も有効	 -	出張車内 クリーニングの専門 店	 -	訪問特化型車内の清掃専門業者	 -	ペットうんちクリーニング	 -	車 シート 汚れ 落とし 方	 -	18000円からシート車内洗浄対応	 -	１シートのみでもOK 圧倒的洗浄	 -	"""軽 自動車 クリーニング"""	 -	千葉 車内 カビ臭クリーニング	 -	千葉 車内 カビ臭にお困りなら。専用洗剤とプロの技術で徹底除去。	 -	千葉 車内 カビ臭は放置すると悪化します。今すぐ専門家へお任せください。	 -	出張費無料で駆けつけます！	 -	使用後は無害になる特殊な洗剤を使用 清掃後は赤ちゃんペットにも無害です。専用の機材を使用	 -	{LOCATION(City):千葉}清掃出張車	車内臭い														Enabled	Enabled	Enabled	Approved	Good	
426-779-6658	和歌山車	千葉県＿車内クリーニング																														消臭_湿気カビ																																																				https://carinteriorcleaning.jp/regions/chiba/shanai-nioi/					Responsive search ad	【{LOCATION(City):千葉}】出張車内クリーニング	 -	千葉 湿気 車内 臭い	 -	最短即日対応！プロの消臭・洗浄	 -	【電話相談】まずはお電話を	 -	見積もり無料	 -	"""車 シート クリーニング 業者"""	 -	立会不要で清掃作業で時間も有効	 -	出張車内 クリーニングの専門 店	 -	訪問特化型車内の清掃専門業者	 -	灯油 コーヒーこぼしおまかせ	 -	洗浄後無害になる特殊洗剤を使用	 -	18000円からシート車内洗浄対応	 -	１シートのみでもOK 圧倒的洗浄	 -	"""軽 自動車 クリーニング"""	 -	"""車 灯油 こぼし クリーニング"""	 -	千葉県で車内の臭いや汚れにお困りなら。専用洗剤とプロの技術で徹底除去。	 -	車内の車内の臭いや汚れは放置すると悪化します。今すぐ専門家へお任せください。	 -	出張費無料で駆けつけます！	 -	使用後は無害になる特殊な洗剤を使用 清掃後は赤ちゃんペットにも無害です。専用の機材を使用	 -	{LOCATION(City):千葉}清掃出張車	車内臭い														Enabled	Enabled	Enabled	Approved	Good	
426-779-6658	和歌山車	千葉県＿車内クリーニング																														エアコン_エバポレーター																																																				https://carinteriorcleaning.jp/regions/chiba/evaporator-senjo/					Responsive search ad	【{LOCATION(City):千葉}】出張車内クリーニング	 -	車 エアコン 臭い 取れない プロ	 -	最短即日対応！プロの消臭・洗浄	 -	【電話相談】まずはお電話を	 -	見積もり無料	 -	"""車 シート クリーニング 業者"""	 -	立会不要で清掃作業で時間も有効	 -	出張車内 クリーニングの専門 店	 -	訪問特化型車内の清掃専門業者	 -	灯油 コーヒーこぼしおまかせ	 -	洗浄後無害になる特殊洗剤を使用	 -	18000円からシート車内洗浄対応	 -	１シートのみでもOK 圧倒的洗浄	 -	"""軽 自動車 クリーニング"""	 -	"""車 灯油 こぼし クリーニング"""	 -	千葉県で車 エアコン臭いの臭いや汚れにお困りなら。専用洗剤とプロの技術で徹底除去。	 -	車内の車 エアコン臭いの臭いや汚れは放置すると悪化します。今すぐ専門家へお任せください。	 -	出張費無料で駆けつけます！	 -	使用後は無害になる特殊な洗剤を使用 清掃後は赤ちゃんペットにも無害です。専用の機材を使用	 -	{LOCATION(City):千葉}清掃出張車	エバポ洗浄														Enabled	Enabled	Enabled	Approved	Average	
426-779-6658	和歌山車	千葉県＿車内クリーニング																														エアコン_エバポレーター																																																				https://carinteriorcleaning.jp/regions/chiba/evaporator-senjo/					Responsive search ad	【{LOCATION(City):千葉}】出張車内クリーニング	 -	車 エアコン 咳 目が痒い 洗浄	 -	最短即日対応！プロの消臭・洗浄	 -	【電話相談】まずはお電話を	 -	見積もり無料	 -	ペット粗相洗浄業者	 -	立会不要で清掃作業で時間も有効	 -	出張車内 クリーニングの専門 店	 -	訪問特化型車内の清掃専門業者	 -	ペットうんちクリーニング	 -	車 シート 汚れ 落とし 方	 -	18000円からシート車内洗浄対応	 -	１シートのみでもOK 圧倒的洗浄	 -	"""軽 自動車 クリーニング"""	 -	"""車 灯油 こぼし クリーニング"""	 -	千葉県で車 エアコン 咳 目が痒い 洗浄汚れにお困りなら。専用洗剤とプロの技術で徹底除去。	 -	車内の車 エアコン 咳 目が痒い 洗浄します。今すぐ専門家へお任せください。	 -	出張費無料で駆けつけます！	 -	使用後は無害になる特殊な洗剤を使用 清掃後は赤ちゃんペットにも無害です。専用の機材を使用	 -	{LOCATION(City):千葉}清掃出張車	エバポ洗浄														Enabled	Enabled	Enabled	Approved	Average	
426-779-6658	和歌山車	千葉県＿車内クリーニング																														エアコン_エバポレーター																																																				https://carinteriorcleaning.jp/regions/chiba/evaporator-senjo/					Responsive search ad	【{LOCATION(City):千葉}】出張車エバポレーター	 -	車内エアコンクリーニング	 -	最短即日対応！プロの消臭・洗浄	 -	【電話相談】まずはお電話を	 -	見積もり無料	 -	"""車内エアコンクリーニング業者"""	 -	立会不要で清掃作業で時間も有効	 -	出張車内エバポ清掃専門 店	 -	訪問特化型車内の清掃専門業者	 -	車エアコンクリーニングおまかせ	 -	洗浄後無害になる特殊洗剤を使用	 -	18000円から車内洗浄対応	 -	１シートのみでもOK 圧倒的洗浄	 -	"""軽 自動車 クリーニング"""	 -	"""車 エバポレーター清掃"""	 -	千葉県で車 エアコン臭いの臭いや汚れにお困りなら。専用洗剤とプロの技術で徹底除去。	 -	車内の車 エアコン臭いの臭いや汚れは放置すると悪化します。今すぐ専門家へお任せください。	 -	出張費無料で駆けつけます！	 -	使用後は無害になる特殊な洗剤を使用 清掃後は赤ちゃんペットにも無害です。専用の機材を使用	 -	{LOCATION(City):千葉}清掃出張車	エバポ洗浄														Enabled	Enabled	Enabled	Approved	Excellent	
426-779-6658	和歌山車	千葉県＿車内クリーニング																														AG_エアコン_エバポ																																																				https://carinteriorcleaning.jp/regions/chiba/evaporator-senjo/					Responsive search ad	【{LOCATION(City):千葉}】出張車内クリーニング	 -	千葉 エアコン 臭い 車	 -	最短即日対応！プロの消臭・洗浄	 -	【電話相談】まずはお電話を	 -	見積もり無料	 -	"""車 シート クリーニング 業者"""	 -	立会不要で清掃作業で時間も有効	 -	出張車内 クリーニングの専門 店	 -	訪問特化型車内の清掃専門業者	 -	灯油 コーヒーこぼしおまかせ	 -	洗浄後無害になる特殊洗剤を使用	 -	18000円からシート車内洗浄対応	 -	１シートのみでもOK 圧倒的洗浄	 -	"""軽 自動車 クリーニング"""	 -	"""車 灯油 こぼし クリーニング"""	 -	千葉県で車 エアコンの臭いや汚れにお困りなら。専用洗剤とプロの技術で徹底除去。	 -	車内の車 エアコンの臭いやは放置すると悪化します。今すぐ専門家へお任せください。	 -	出張費無料で駆けつけます！	 -	使用後は無害になる特殊な洗剤を使用 清掃後は赤ちゃんペットにも無害です。専用の機材を使用	 -	{LOCATION(City):千葉}清掃出張車	エバポ洗浄														Enabled	Enabled	Enabled	Approved	Average	
426-779-6658	和歌山車	千葉県＿車内クリーニング																														AG_エアコン_エバポ																																																				https://carinteriorcleaning.jp/regions/chiba/evaporator-senjo/					Responsive search ad	【{LOCATION(City):千葉}】出張車内クリーニング	 -	千葉 エバポレーター洗浄 出張	 -	最短即日対応！プロの消臭・洗浄	 -	【電話相談】まずはお電話を	 -	見積もり無料	 -	"""車 シート クリーニング 業者"""	 -	立会不要で清掃作業で時間も有効	 -	出張車内 クリーニングの専門 店	 -	訪問特化型車内の清掃専門業者	 -	灯油 コーヒーこぼしおまかせ	 -	洗浄後無害になる特殊洗剤を使用	 -	18000円からシート車内洗浄対応	 -	１シートのみでもOK 圧倒的洗浄	 -	"""軽 自動車 クリーニング"""	 -	エバポレータニオイクリーニング	 -	千葉県でエバポレーターのニオイ汚れにお困りなら。専用洗剤とプロの技術で徹底除去。	 -	車内のエバポレーターのニオイ汚れは放置すると悪化します。今すぐ専門家へお任せください。	 -	出張費無料で駆けつけます！	 -	使用後は無害になる特殊な洗剤を使用 清掃後は赤ちゃんペットにも無害です。専用の機材を使用	 -	{LOCATION(City):千葉}清掃出張車	エバポ洗浄														Enabled	Enabled	Enabled	Approved	Average	
426-779-6658	和歌山車	千葉県＿車内クリーニング																														条件_出張																																																				https://carinteriorcleaning.jp/regions/chiba/shutchou-senmon/					Responsive search ad	【{LOCATION(City):千葉}】出張車内クリーニング	 -	出張 車内クリーニング おすすめ	 -	【期間限定】今だけキャンペーン	 -	365日無休24時間受付中LINE対応	 -	{keyword:出張車内清掃}嘔吐（ゲロ）即対応	 -	"""車 シート クリーニング 業者"""	 -	立会不要で清掃作業で時間も有効	 -	出張車内 クリーニングの専門 店	 -	訪問特化型車内の清掃専門業者	 -	灯油 コーヒーこぼしおまかせ	 -	洗浄後無害になる特殊洗剤を使用	 -	18000円からシート車内洗浄対応	 -	１シートのみでもOK 圧倒的洗浄	 -	"""軽 自動車 クリーニング"""	 -	"""車 灯油 こぼし クリーニング"""	 -	{LOCATION(City):千葉}【地元密着】車内清掃 特急便365日24時間受付中！電話で指定場所まで清掃に出張致します	 -	期間限定キャンペーン有！ 会社のお車を2台以上は、さらに割引 お得な出張車内クリーニング	 -	どこでも出張！ マンションや、会社の駐車場まで出張して、電源無しでも車内清掃のプロが作業	 -	使用後は無害になる特殊な洗剤を使用 清掃後は赤ちゃんペットにも無害です。専用の機材を使用	 -	{LOCATION(City):千葉}清掃出張車	出張専門														Enabled	Enabled	Enabled	Approved	Excellent	
426-779-6658	和歌山車	千葉県＿車内クリーニング																														条件_出張																																																				https://carinteriorcleaning.jp/regions/chiba/shutchou-senmon/					Responsive search ad	【{LOCATION(City):千葉}】出張車内クリーニング	 -	千葉 出張 車内清掃 即日	 -	最短即日対応！プロの消臭・洗浄	 -	【電話相談】まずはお電話を	 -	見積もり無料	 -	"""車 シート クリーニング 業者"""	 -	立会不要で清掃作業で時間も有効	 -	出張車内 クリーニングの専門 店	 -	訪問特化型車内の清掃専門業者	 -	灯油 コーヒーこぼしおまかせ	 -	洗浄後無害になる特殊洗剤を使用	 -	18000円からシート車内洗浄対応	 -	１シートのみでもOK 圧倒的洗浄	 -	"""軽 自動車 クリーニング"""	 -	"""車 灯油 こぼし クリーニング"""	 -	千葉県で出張車内清掃対応。専用洗剤とプロの技術で徹底除去。	 -	車内の出張車内清掃対応 今すぐ専門家へお任せください。	 -	出張費無料で駆けつけます！	 -	使用後は無害になる特殊な洗剤を使用 清掃後は赤ちゃんペットにも無害です。専用の機材を使用	 -	{LOCATION(City):千葉}清掃出張車	出張専門														Enabled	Enabled	Enabled	Approved	Average	
426-779-6658	和歌山車	千葉県＿車内クリーニング																														条件_出張																																																				https://carinteriorcleaning.jp/regions/chiba/shutchou-senmon/					Responsive search ad	【{LOCATION(City):千葉}】出張車内クリーニング	 -	千葉 車内クリーニング 出張	 -	最短即日対応！プロの消臭・洗浄	 -	【電話相談】まずはお電話を	 -	見積もり無料	 -	"""車 シート クリーニング 業者"""	 -	立会不要で清掃作業で時間も有効	 -	出張車内 クリーニングの専門 店	 -	訪問特化型車内の清掃専門業者	 -	灯油 コーヒーこぼしおまかせ	 -	洗浄後無害になる特殊洗剤を使用	 -	18000円からシート車内洗浄対応	 -	１シートのみでもOK 圧倒的洗浄	 -	"""軽 自動車 クリーニング"""	 -	千葉 車内のクリーニング 出張	 -	千葉県で千葉 車内クリーニング 出張なら。専用洗剤とプロの技術で徹底除去。	 -	千葉 車内クリーニング 出張します。今すぐ専門家へお任せください。	 -	出張費無料で駆けつけます！	 -	使用後は無害になる特殊な洗剤を使用 清掃後は赤ちゃんペットにも無害です。専用の機材を使用	 -	{LOCATION(City):千葉}清掃出張車	出張専門														Enabled	Enabled	Enabled	Approved	Average	
426-779-6658	和歌山車	兵庫県＿車内クリーニング																														int兵庫_通常清掃	95																																										車 嘔吐 クリーニング 業者	Phrase	82				 -	 -	 -																																																												Enabled	Enabled	Removed	Approved		MOVE_TO:車 嘔吐 クリーニング
426-779-6658	和歌山車	兵庫県＿車内クリーニング																														int兵庫_通常清掃	95																																										車内 クリーニング 嘔吐 兵庫	Phrase	85				 -	 -	 -	https://carinteriorcleaning.jp/regions/hyogo/interior-cleaning/																																																											Enabled	Enabled	Removed	Approved		MOVE_TO:車 嘔吐 クリーニング
426-779-6658	和歌山車	兵庫県＿車内クリーニング																														int兵庫_通常清掃	95																																										車内 クリーニング 嘔吐	Phrase	138				 -	 -	 -																																																												Enabled	Enabled	Removed	Approved		MOVE_TO:車 嘔吐 クリーニング
426-779-6658	和歌山車	兵庫県＿車内クリーニング																														int兵庫_通常清掃	95																																										車 ゲロ クリーニング	Phrase	137				 -	 -	 -																																																												Enabled	Enabled	Removed	Approved		MOVE_TO:車 嘔吐 クリーニング
426-779-6658	和歌山車	兵庫県＿車内クリーニング																														int兵庫_通常清掃	95																																										車 嘔吐 臭い 取れ ない	Phrase	117				 -	 -	 -																																																												Enabled	Enabled	Removed	Approved		MOVE_TO:車 嘔吐 クリーニング
426-779-6658	和歌山車	兵庫県＿車内クリーニング																														int兵庫_通常清掃	95																																										ゲロ 臭い 消し 車	Phrase	212				 -	 -	 -																																																												Enabled	Enabled	Removed	Approved		MOVE_TO:車 嘔吐 クリーニング
426-779-6658	和歌山車	兵庫県＿車内クリーニング																														int兵庫_通常清掃	95																																										シート ベルト 嘔吐 臭い	Phrase	580	580	580		 -	 -	 -	https://carinteriorcleaning.jp/regions/hyogo/kuruma-nioi-keshi/																																																											Enabled	Enabled	Removed	Approved		MOVE_TO:車 嘔吐 クリーニング
426-779-6658	和歌山車	兵庫県＿車内クリーニング																														int兵庫_通常清掃	95																																										車内 清掃 プロ	Phrase	240	257	257		 -	 -	 -	https://carinteriorcleaning.jp/regions/hyogo/interior-cleaning/																																																											Enabled	Enabled	Enabled	Approved		
426-779-6658	和歌山車	兵庫県＿車内クリーニング																														int兵庫_通常清掃	95																																										車内 クリーニング 嘔吐 どこに 頼む	Phrase	142				 -	 -	 -																																																												Enabled	Enabled	Removed	Approved		MOVE_TO:車 嘔吐 クリーニング
426-779-6658	和歌山車	兵庫県＿車内クリーニング																														int兵庫_通常清掃	95																																										車 吐瀉 物 掃除	Phrase	668				 -	 -	 -																																																												Enabled	Enabled	Removed	Approved		MOVE_TO:車 嘔吐 クリーニング
426-779-6658	和歌山車	兵庫県＿車内クリーニング																														int兵庫_通常清掃	95																																										車内 ゲロ クリーニング	Phrase	223				 -	 -	 -																																																												Enabled	Enabled	Removed	Approved		MOVE_TO:車 嘔吐 クリーニング
426-779-6658	和歌山車	兵庫県＿車内クリーニング																														int兵庫_通常清掃	95																																										車内 嘔吐	Phrase	181				 -	 -	 -																																																												Enabled	Enabled	Removed	Approved		MOVE_TO:車 嘔吐 クリーニング
426-779-6658	和歌山車	兵庫県＿車内クリーニング																														int兵庫_通常清掃	95																																										車内 クリーニング 専門 業者	Phrase	133	322	322	7	Average	Above average	Average	https://carinteriorcleaning.jp/regions/hyogo/interior-cleaning/																																																											Enabled	Enabled	Enabled	Approved		
426-779-6658	和歌山車	兵庫県＿車内クリーニング																														int兵庫_通常清掃	95																																										車内 ゲロ 掃除	Phrase	157				 -	 -	 -																																																												Enabled	Enabled	Removed	Approved		MOVE_TO:車 嘔吐 クリーニング
426-779-6658	和歌山車	兵庫県＿車内クリーニング																														int兵庫_通常清掃	95																																										車 クリーニング 嘔吐	Phrase	148				 -	 -	 -																																																												Enabled	Enabled	Removed	Approved		MOVE_TO:車 嘔吐 クリーニング
426-779-6658	和歌山車	兵庫県＿車内クリーニング																														int兵庫_通常清掃	95																																										車 嘔吐 クリーニング	Phrase	114				 -	 -	 -																																																												Enabled	Enabled	Removed	Approved		MOVE_TO:車 嘔吐 クリーニング
426-779-6658	和歌山車	兵庫県＿車内クリーニング																														int兵庫_通常清掃	95																																										シート ベルト 嘔吐 掃除	Phrase	297				 -	 -	 -																																																												Enabled	Enabled	Removed	Approved		MOVE_TO:車 嘔吐 クリーニング
426-779-6658	和歌山車	兵庫県＿車内クリーニング																														int兵庫_通常清掃	95																																										車 ゲロ 掃除	Phrase	193				 -	 -	 -																																																												Enabled	Enabled	Removed	Approved		MOVE_TO:車 嘔吐 クリーニング
426-779-6658	和歌山車	兵庫県＿車内クリーニング																														int兵庫_通常清掃	95																																										車内 クリーニング 専門 店 兵庫	Broad	123	257	257	7	Average	Above average	Average	https://carinteriorcleaning.jp/regions/hyogo/interior-cleaning/																																																											Enabled	Enabled	Enabled	Approved		
426-779-6658	和歌山車	兵庫県＿車内クリーニング																														int兵庫_通常清掃	95																																										車内 嘔吐 臭い 消し	Phrase	73	183	214		 -	 -	 -																																																												Enabled	Enabled	Removed	Approved		MOVE_TO:車 嘔吐 クリーニング
426-779-6658	和歌山車	兵庫県＿車内クリーニング																														int兵庫_通常清掃	95																																										車内 吐い た 掃除	Phrase	75	214	214	3	Below average	Below average	Above average																																																												Enabled	Enabled	Removed	Approved		MOVE_TO:車 嘔吐 クリーニング
426-779-6658	和歌山車	兵庫県＿車内クリーニング																														int兵庫_通常清掃																																																				https://carinteriorcleaning.jp/regions/hyogo/interior-cleaning/					Responsive search ad	【{LOCATION(City):兵庫}】出張車内クリーニング	 -	【92%満足】出張車内清掃	 -	【期間限定】今だけキャンペーン	 -	365日無休24時間受付中LINE対応	 -	{keyword:出張車内清掃}嘔吐（ゲロ）即対応	 -	"""車 シート クリーニング 業者"""	 -	立会不要で清掃作業で時間も有効	 -	出張車内 クリーニングの専門 店	 -	訪問特化型車内の清掃専門業者	 -	灯油 コーヒーこぼしおまかせ	 -	洗浄後無害になる特殊洗剤を使用	 -	18000円からシート車内洗浄対応	 -	１シートのみでもOK 圧倒的洗浄	 -	"""軽 自動車 クリーニング"""	 -	"""車 灯油 こぼし クリーニング"""	 -	{LOCATION(City):兵庫}【地元密着】車内清掃 特急便365日24時間受付中！電話で指定場所まで清掃に出張致します	 -	期間限定キャンペーン有！ 会社のお車を2台以上は、さらに割引 お得な出張車内クリーニング	 -	どこでも出張！ マンションや、会社の駐車場まで出張して、電源無しでも車内清掃のプロが作業	 -	使用後は無害になる特殊な洗剤を使用 清掃後は赤ちゃんペットにも無害です。専用の機材を使用	 -	{LOCATION(City):兵庫}清掃出張車	車内清掃														Enabled	Enabled	Enabled	Approved	Excellent	
426-779-6658	和歌山車	兵庫県＿車内クリーニング																														車内の臭い																																																				https://carinteriorcleaning.jp/regions/hyogo/shanai-nioi/					Responsive search ad	【{LOCATION(City):兵庫}】出張車内クリーニング	 -	兵庫府の車内の臭いクリーニング	 -	最短即日対応！プロの消臭・洗浄	 -	【電話相談】まずはお電話を	 -	見積もり無料	 -	"""車 シート クリーニング 業者"""	 -	立会不要で清掃作業で時間も有効	 -	出張車内 クリーニングの専門 店	 -	訪問特化型車内の清掃専門業者	 -	灯油 コーヒーこぼしおまかせ	 -	洗浄後無害になる特殊洗剤を使用	 -	18000円からシート車内洗浄対応	 -	１シートのみでもOK 圧倒的洗浄	 -	"""軽 自動車 クリーニング"""	 -	"""車 灯油 こぼし クリーニング"""	 -	兵庫県で車内の臭いや汚れにお困りなら。専用洗剤とプロの技術で徹底除去。	 -	車内の臭いは放置すると悪化します。今すぐ専門家へお任せください。	 -	出張費無料で駆けつけます！	 -	使用後は無害になる特殊な洗剤を使用 清掃後は赤ちゃんペットにも無害です。専用の機材を使用	 -	{LOCATION(City):兵庫}清掃出張車	車内臭い														Enabled	Enabled	Enabled	Approved	Excellent	
426-779-6658	和歌山車	兵庫県＿車内クリーニング																														車　 汗																																										None	"嘔吐""""灯油""""エアコン"	Negative Phrase																																																																			Enabled	Enabled	Removed			SPLIT_TO:嘔吐/灯油/エアコン
426-779-6658	和歌山車	兵庫県＿車内クリーニング																														車　 汗																																																				https://carinteriorcleaning.jp/regions/hyogo/ase/					Responsive search ad	【{LOCATION(City):兵庫}】出張車内クリーニング	 -	兵庫府の車 汗クリーニング	 -	最短即日対応！プロの消臭・洗浄	 -	【電話相談】まずはお電話を	 -	見積もり無料	 -	"""車 シート クリーニング 業者"""	 -	立会不要で清掃作業で時間も有効	 -	出張車内 クリーニングの専門 店	 -	訪問特化型車内の清掃専門業者	 -	灯油 コーヒーこぼしおまかせ	 -	洗浄後無害になる特殊洗剤を使用	 -	18000円からシート車内洗浄対応	 -	１シートのみでもOK 圧倒的洗浄	 -	"""軽 自動車 クリーニング"""	 -	"""車 灯油 こぼし クリーニング"""	 -	兵庫県で車 汗の臭いや汚れにお困りなら。専用洗剤とプロの技術で徹底除去。	 -	車内の車 汗は放置すると悪化します。今すぐ専門家へお任せください。	 -	出張費無料で駆けつけます！	 -	使用後は無害になる特殊な洗剤を使用 清掃後は赤ちゃんペットにも無害です。専用の機材を使用	 -	{LOCATION(City):兵庫}清掃出張車	汗ニオイ清掃														Enabled	Enabled	Enabled	Approved	Excellent	
426-779-6658	和歌山車	兵庫県＿車内クリーニング																														中古車タバコ臭																																																				https://carinteriorcleaning.jp/regions/hyogo/chuko-tabako/					Responsive search ad	【{LOCATION(City):兵庫}】出張車内クリーニング	 -	中古車タバコ臭クリーニング	 -	最短即日対応！プロの消臭・洗浄	 -	【電話相談】まずはお電話を	 -	見積もり無料	 -	"""車 シート クリーニング 業者"""	 -	立会不要で清掃作業で時間も有効	 -	出張車内 クリーニングの専門 店	 -	訪問特化型車内の清掃専門業者	 -	灯油 コーヒーこぼしおまかせ	 -	洗浄後無害になる特殊洗剤を使用	 -	18000円からシート車内洗浄対応	 -	１シートのみでもOK 圧倒的洗浄	 -	"""軽 自動車 クリーニング"""	 -	中古車タバコ臭の臭いや汚れに	 -	兵庫県で中古車タバコ臭の臭いや汚れにお困りなら。専用洗剤とプロの技術で徹底除去。	 -	車内の中古車タバコ臭は放置すると悪化します。今すぐ専門家へお任せください。	 -	出張費無料で駆けつけます！	 -	使用後は無害になる特殊な洗剤を使用 清掃後は赤ちゃんペットにも無害です。専用の機材を使用	 -	{LOCATION(City):兵庫}清掃出張車	タバコ臭清掃														Enabled	Enabled	Enabled	Approved	Excellent	
426-779-6658	和歌山車	兵庫県＿車内クリーニング																														中古車加齢臭																																																				https://carinteriorcleaning.jp/regions/hyogo/chuko-kareisyu/					Responsive search ad	【{LOCATION(City):兵庫}】出張車内クリーニング	 -	中古車加齢臭クリーニング	 -	最短即日対応！プロの消臭・洗浄	 -	【電話相談】まずはお電話を	 -	見積もり無料	 -	"""車 シート クリーニング 業者"""	 -	立会不要で清掃作業で時間も有効	 -	出張車内 クリーニングの専門 店	 -	訪問特化型車内の清掃専門業者	 -	灯油 コーヒーこぼしおまかせ	 -	洗浄後無害になる特殊洗剤を使用	 -	18000円からシート車内洗浄対応	 -	１シートのみでもOK 圧倒的洗浄	 -	"""軽 自動車 クリーニング"""	 -	"""車 灯油 こぼし クリーニング"""	 -	兵庫県で中古車加齢臭の臭いや汚れにお困りなら。専用洗剤とプロの技術で徹底除去。	 -	車内の中古車加齢臭は放置すると悪化します。今すぐ専門家へお任せください。	 -	出張費無料で駆けつけます！	 -	使用後は無害になる特殊な洗剤を使用 清掃後は赤ちゃんペットにも無害です。専用の機材を使用	 -	{LOCATION(City):兵庫}清掃出張車	加齢臭消臭														Enabled	Enabled	Enabled	Approved	Excellent	
426-779-6658	和歌山車	兵庫県＿車内クリーニング																														車ペット毛																																																				https://carinteriorcleaning.jp/regions/hyogo/pet-ke/					Responsive search ad	【{LOCATION(City):兵庫}】出張車内クリーニング	 -	兵庫府の車ペット毛クリーニング	 -	最短即日対応！プロの消臭・洗浄	 -	【電話相談】まずはお電話を	 -	見積もり無料	 -	"""車 シート クリーニング 業者"""	 -	立会不要で清掃作業で時間も有効	 -	出張車内 クリーニングの専門 店	 -	訪問特化型車内の清掃専門業者	 -	灯油 コーヒーこぼしおまかせ	 -	洗浄後無害になる特殊洗剤を使用	 -	18000円からシート車内洗浄対応	 -	１シートのみでもOK 圧倒的洗浄	 -	"""軽 自動車 クリーニング"""	 -	車ペット毛の臭いクリーニング	 -	兵庫県で車ペット毛の臭いや汚れにお困りなら。専用洗剤とプロの技術で徹底除去。	 -	車内のペット毛は放置すると悪化します。今すぐ専門家へお任せください。	 -	出張費無料で駆けつけます！	 -	使用後は無害になる特殊な洗剤を使用 清掃後は赤ちゃんペットにも無害です。専用の機材を使用	 -	{LOCATION(City):兵庫}清掃出張車	ペット毛清掃														Enabled	Enabled	Enabled	Approved	Excellent	
426-779-6658	和歌山車	兵庫県＿車内クリーニング																														車 嘔吐 クリーニング																																																				https://carinteriorcleaning.jp/regions/hyogo/kyuto-cleaning/					Responsive search ad	【{LOCATION(City):兵庫}】出張車内クリーニング	 -	車 嘔吐 クリーニング	 -	最短即日対応！プロの消臭・洗浄	 -	【電話相談】まずはお電話を	 -	見積もり無料	 -	"""車 シート クリーニング 業者"""	 -	立会不要で清掃作業で時間も有効	 -	出張車内 クリーニングの専門 店	 -	訪問特化型車内の清掃専門業者	 -	灯油 コーヒーこぼしおまかせ	 -	車 シート 汚れ 落とし 方	 -	18000円からシート車内洗浄対応	 -	１シートのみでもOK 圧倒的洗浄	 -	"""軽 自動車 クリーニング"""	 -	車 嘔吐 出張車内クリーニング	 -	兵庫県で車 嘔吐 クリーニングなら。専用洗剤とプロの技術で徹底除去。	 -	車 嘔吐 クリーニングします。今すぐ専門家へお任せください。	 -	出張費無料で駆けつけます！	 -	使用後は無害になる特殊な洗剤を使用 清掃後は赤ちゃんペットにも無害です。専用の機材を使用	 -	{LOCATION(City):兵庫}清掃出張車	嘔吐ニオイ清掃														Enabled	Enabled	Enabled	Approved	Excellent	
426-779-6658	和歌山車	兵庫県＿車内クリーニング																														車内 消臭・脱臭洗浄	95																																										自動車 車内 消 臭	Phrase	359	421	421		 -	 -	 -	https://carinteriorcleaning.jp/regions/hyogo/shanai-shoshu/																																																											Enabled	Enabled	Enabled	Approved		
426-779-6658	和歌山車	兵庫県＿車内クリーニング																														車 匂い 消し・消臭洗浄																																																				https://carinteriorcleaning.jp/regions/hyogo/kuruma-nioi-keshi/					Responsive search ad	【{LOCATION(City):兵庫}】出張車内クリーニング	 -	車 匂い 消し消臭洗浄	 -	最短即日対応！プロの消臭・洗浄	 -	【電話相談】まずはお電話を	 -	見積もり無料	 -	"""車 匂い 消し消臭洗浄 業者"""	 -	立会不要で清掃作業で時間も有効	 -	車 匂い 消し消臭洗浄の専門 店	 -	訪問特化型車内の清掃専門業者	 -	灯油 コーヒーこぼしもおまかせ	 -	車 シート 汚れ 落とし	 -	18000円からシート車内洗浄対応	 -	１シートのみでもOK 圧倒的洗浄	 -	"""軽 自動車 クリーニング"""	 -	車 匂い 消し消臭 出張洗浄	 -	兵庫県で車 匂い 消し消臭洗浄なら。専用洗剤とプロの技術で徹底除去。	 -	車 匂い 消し消臭洗浄します。今すぐ専門家へお任せください。	 -	出張費無料で駆けつけます！	 -	使用後は無害になる特殊な洗剤を使用 清掃後は赤ちゃんペットにも無害です。専用の機材を使用	 -	{LOCATION(City):兵庫}清掃出張車	匂い消し														Enabled	Enabled	Enabled	Approved	Excellent	
426-779-6658	和歌山車	兵庫県＿車内クリーニング																														車　 おもらし																																										None	"嘔吐""""灯油""""エアコン"	Negative Phrase																																																																			Enabled	Enabled	Removed			SPLIT_TO:嘔吐/灯油/エアコン
426-779-6658	和歌山車	兵庫県＿車内クリーニング																														車　 おもらし	95																																										車 おもらし	Phrase	850				 -	 -	 -	https://carinteriorcleaning.jp/regions/hyogo/omorashi/																																																											Enabled	Enabled	Enabled	Approved		
426-779-6658	和歌山車	兵庫県＿車内クリーニング																														車　 おもらし																																																				https://carinteriorcleaning.jp/regions/hyogo/omorashi/					Responsive search ad	【{LOCATION(City):兵庫}】出張車内クリーニング	 -	兵庫の車 おもらしくリーニング	 -	最短即日対応！プロの消臭・洗浄	 -	【電話相談】まずはお電話を	 -	見積もり無料	 -	"""車 シート クリーニング 業者"""	 -	立会不要で清掃作業で時間も有効	 -	出張車内 クリーニングの専門 店	 -	訪問特化型車内の清掃専門業者	 -	灯油 コーヒーこぼしおまかせ	 -	洗浄後無害になる特殊洗剤を使用	 -	18000円からシート車内洗浄対応	 -	１シートのみでもOK 圧倒的洗浄	 -	"""軽 自動車 クリーニング"""	 -	"""車 灯油 こぼし クリーニング"""	 -	兵庫県で車 おもらしの臭いや汚れにお困りなら。専用洗剤とプロの技術で徹底除去。	 -	車内の車 おもらしは放置すると悪化します。今すぐ専門家へお任せください。	 -	出張費無料で駆けつけます！	 -	使用後は無害になる特殊な洗剤を使用 清掃後は赤ちゃんペットにも無害です。専用の機材を使用	 -	{LOCATION(City):兵庫}清掃出張車	おもらし清掃														Enabled	Enabled	Enabled	Approved	Average	
426-779-6658	和歌山車	兵庫県＿車内クリーニング																														車　 エアコン臭い																																																				https://carinteriorcleaning.jp/regions/hyogo/ac-nioi/					Responsive search ad	【{LOCATION(City):兵庫}】出張車内クリーニング	 -	車 エアコン臭いクリーニング	 -	最短即日対応！プロの消臭・洗浄	 -	【電話相談】まずはお電話を	 -	見積もり無料	 -	"""車 シート クリーニング 業者"""	 -	立会不要で清掃作業で時間も有効	 -	出張車内 クリーニングの専門 店	 -	訪問特化型車内の清掃専門業者	 -	灯油 コーヒーこぼしおまかせ	 -	洗浄後無害になる特殊洗剤を使用	 -	18000円からシート車内洗浄対応	 -	１シートのみでもOK 圧倒的洗浄	 -	"""軽 自動車 クリーニング"""	 -	"""車 灯油 こぼし クリーニング"""	 -	兵庫県で車 エアコン臭いの臭いや汚れにお困りなら。専用洗剤とプロの技術で徹底除去。	 -	車内の車 エアコン臭いは放置すると悪化します。今すぐ専門家へお任せください。	 -	出張費無料で駆けつけます！	 -	使用後は無害になる特殊な洗剤を使用 清掃後は赤ちゃんペットにも無害です。専用の機材を使用	 -	{LOCATION(City):兵庫}清掃出張車	エアコン臭い														Enabled	Enabled	Enabled	Approved	Excellent	
426-779-6658	和歌山車	兵庫県＿車内クリーニング																														車　加齢臭																																																				https://carinteriorcleaning.jp/regions/hyogo/kareisyu/					Responsive search ad	【{LOCATION(City):兵庫}】出張車内クリーニング	 -	兵庫府の車 加齢臭クリーニング	 -	最短即日対応！プロの消臭・洗浄	 -	【電話相談】まずはお電話を	 -	見積もり無料	 -	"""車 シート クリーニング 業者"""	 -	立会不要で清掃作業で時間も有効	 -	出張車内 クリーニングの専門 店	 -	訪問特化型車内の清掃専門業者	 -	灯油 コーヒーこぼしおまかせ	 -	洗浄後無害になる特殊洗剤を使用	 -	18000円からシート車内洗浄対応	 -	１シートのみでもOK 圧倒的洗浄	 -	"""軽 自動車 クリーニング"""	 -	"""車 灯油 こぼし クリーニング"""	 -	兵庫県で車 加齢臭の臭いや汚れにお困りなら。専用洗剤とプロの技術で徹底除去。	 -	車内の車 加齢臭は放置すると悪化します。今すぐ専門家へお任せください。	 -	出張費無料で駆けつけます！	 -	使用後は無害になる特殊な洗剤を使用 清掃後は赤ちゃんペットにも無害です。専用の機材を使用	 -	{LOCATION(City):兵庫}清掃出張車	加齢臭消臭														Enabled	Enabled	Enabled	Approved	Excellent	
426-779-6658	和歌山車	兵庫県＿車内クリーニング																														車　 ペット臭																																																				https://carinteriorcleaning.jp/regions/hyogo/pet-nioi/					Responsive search ad	【{LOCATION(City):兵庫}】出張車内クリーニング	 -	兵庫の車 ペット臭クリーニング	 -	最短即日対応！プロの消臭・洗浄	 -	【電話相談】まずはお電話を	 -	見積もり無料	 -	"""車 シート クリーニング 業者"""	 -	立会不要で清掃作業で時間も有効	 -	出張車内 クリーニングの専門 店	 -	訪問特化型車内の清掃専門業者	 -	灯油 コーヒーこぼしおまかせ	 -	洗浄後無害になる特殊洗剤を使用	 -	18000円からシート車内洗浄対応	 -	１シートのみでもOK 圧倒的洗浄	 -	"""軽 自動車 クリーニング"""	 -	"""車 灯油 こぼし クリーニング"""	 -	兵庫県で車 ペット臭の臭いや汚れにお困りなら。専用洗剤とプロの技術で徹底除去。	 -	車内の車 ペット臭は放置すると悪化します。今すぐ専門家へお任せください。	 -	出張費無料で駆けつけます！	 -	使用後は無害になる特殊な洗剤を使用 清掃後は赤ちゃんペットにも無害です。専用の機材を使用	 -	{LOCATION(City):兵庫}清掃出張車	ペット臭消臭														Enabled	Enabled	Enabled	Approved	Excellent	
426-779-6658	和歌山車	兵庫県＿車内クリーニング																														車シート 洗浄																																																				https://carinteriorcleaning.jp/regions/hyogo/seat-senjo/					Responsive search ad	【{LOCATION(City):兵庫}】出張車内クリーニング	 -	兵庫車シート 洗浄クリーニング	 -	最短即日対応！プロの消臭・洗浄	 -	【電話相談】まずはお電話を	 -	見積もり無料	 -	"""車 シート クリーニング 業者"""	 -	立会不要で清掃作業で時間も有効	 -	出張車内 クリーニングの専門 店	 -	訪問特化型車内の清掃専門業者	 -	灯油 コーヒーこぼしおまかせ	 -	洗浄後無害になる特殊洗剤を使用	 -	18000円からシート車内洗浄対応	 -	１シートのみでもOK 圧倒的洗浄	 -	"""軽 自動車 クリーニング"""	 -	"""車 灯油 こぼし クリーニング"""	 -	兵庫県で車シート 洗浄なら。専用洗剤とプロの技術で徹底除去。	 -	車内の車シート 洗浄します。今すぐ専門家へお任せください。	 -	出張費無料で駆けつけます！	 -	使用後は無害になる特殊な洗剤を使用 清掃後は赤ちゃんペットにも無害です。専用の機材を使用	 -	{LOCATION(City):兵庫}清掃出張車	シート洗浄														Enabled	Enabled	Enabled	Approved	Excellent	
426-779-6658	和歌山車	兵庫県＿車内クリーニング																														車シート クリーニング																																										None	"嘔吐""""灯油""""エアコン"	Negative Phrase																																																																			Enabled	Enabled	Removed			SPLIT_TO:嘔吐/灯油/エアコン
426-779-6658	和歌山車	兵庫県＿車内クリーニング																														車シート クリーニング																																																				https://carinteriorcleaning.jp/regions/hyogo/seat-cleaning/					Responsive search ad	【{LOCATION(City):兵庫}】出張車内クリーニング	 -	兵庫車シート クリーニング	 -	最短即日対応！プロの消臭・洗浄	 -	【電話相談】まずはお電話を	 -	見積もり無料	 -	"""車 シート クリーニング 業者"""	 -	立会不要で清掃作業で時間も有効	 -	出張車内 クリーニングの専門 店	 -	訪問特化型車内の清掃専門業者	 -	灯油 コーヒーこぼしおまかせ	 -	洗浄後無害になる特殊洗剤を使用	 -	18000円からシート車内洗浄対応	 -	１シートのみでもOK 圧倒的洗浄	 -	"""軽 自動車 クリーニング"""	 -	兵庫車出張シート クリーニング	 -	兵庫県で車シートクリーニング なら。専用洗剤とプロの技術で徹底除去。	 -	車内の車シート クリーニングします。今すぐ専門家へお任せください。	 -	出張費無料で駆けつけます！	 -	使用後は無害になる特殊な洗剤を使用 清掃後は赤ちゃんペットにも無害です。専用の機材を使用	 -	{LOCATION(City):兵庫}清掃出張車	シート清掃														Enabled	Enabled	Enabled	Approved	Excellent	
426-779-6658	和歌山車	兵庫県＿車内クリーニング																														車　 おしっこ																																																				https://carinteriorcleaning.jp/regions/hyogo/oshikko/					Responsive search ad	【{LOCATION(City):兵庫}】出張車内クリーニング	 -	兵庫の車 おしっこクリーニング	 -	最短即日対応！プロの消臭・洗浄	 -	【電話相談】まずはお電話を	 -	見積もり無料	 -	"""車 シート クリーニング 業者"""	 -	立会不要で清掃作業で時間も有効	 -	出張車内 クリーニングの専門 店	 -	訪問特化型車内の清掃専門業者	 -	灯油 コーヒーこぼしおまかせ	 -	洗浄後無害になる特殊洗剤を使用	 -	18000円からシート車内洗浄対応	 -	１シートのみでもOK 圧倒的洗浄	 -	"""軽 自動車 クリーニング"""	 -	"""車 灯油 こぼし クリーニング"""	 -	兵庫県で車 おしっこの臭いや汚れにお困りなら。専用洗剤とプロの技術で徹底除去。	 -	車内の車 おしっこは放置すると悪化します。今すぐ専門家へお任せください。	 -	出張費無料で駆けつけます！	 -	使用後は無害になる特殊な洗剤を使用 清掃後は赤ちゃんペットにも無害です。専用の機材を使用	 -	{LOCATION(City):兵庫}清掃出張車	おしっこ消臭														Enabled	Enabled	Enabled	Approved	Excellent	
426-779-6658	和歌山車	兵庫県＿車内クリーニング																														車　 うんこ																																																				https://carinteriorcleaning.jp/regions/hyogo/unko/					Responsive search ad	【{LOCATION(City):兵庫}】出張車内クリーニング	 -	兵庫の車 うんこクリーニング	 -	最短即日対応！プロの消臭・洗浄	 -	【電話相談】まずはお電話を	 -	見積もり無料	 -	"""車 シート クリーニング 業者"""	 -	立会不要で清掃作業で時間も有効	 -	出張車内 クリーニングの専門 店	 -	訪問特化型車内の清掃専門業者	 -	灯油 コーヒーこぼしおまかせ	 -	洗浄後無害になる特殊洗剤を使用	 -	18000円からシート車内洗浄対応	 -	１シートのみでもOK 圧倒的洗浄	 -	"""軽 自動車 クリーニング"""	 -	兵庫の車うんこ出張クリーニング	 -	兵庫県で車 うんこの臭いや汚れにお困りなら。専用洗剤とプロの技術で徹底除去。	 -	車内の車 うんこは放置すると悪化します。今すぐ専門家へお任せください。	 -	出張費無料で駆けつけます！	 -	使用後は無害になる特殊な洗剤を使用 清掃後は赤ちゃんペットにも無害です。専用の機材を使用	 -	{LOCATION(City):兵庫}清掃出張車	うんこ清掃														Enabled	Enabled	Enabled	Approved	Average	
426-779-6658	和歌山車	兵庫県＿車内クリーニング																														車の匂い取り																																										None	"嘔吐""""灯油""""エアコン"	Negative Phrase																																																																			Enabled	Enabled	Removed			SPLIT_TO:嘔吐/灯油/エアコン
426-779-6658	和歌山車	兵庫県＿車内クリーニング																														車の匂い取り																																																				https://carinteriorcleaning.jp/regions/hyogo/kuruma-nioitori/					Responsive search ad	【{LOCATION(City):兵庫}】出張車内クリーニング	 -	兵庫の車の匂い取りクリーニング	 -	最短即日対応！プロの消臭・洗浄	 -	【電話相談】まずはお電話を	 -	見積もり無料	 -	"""車 シート クリーニング 業者"""	 -	立会不要で清掃作業で時間も有効	 -	出張車内 クリーニングの専門 店	 -	訪問特化型車内の清掃専門業者	 -	灯油 コーヒーこぼしおまかせ	 -	洗浄後無害になる特殊洗剤を使用	 -	18000円からシート車内洗浄対応	 -	１シートのみでもOK 圧倒的洗浄	 -	"""軽 自動車 クリーニング"""	 -	車の匂い取り汚れクリーニング	 -	兵庫県で車の匂い取りや汚れにお困りなら。専用洗剤とプロの技術で徹底除去。	 -	車内の車の匂い取りは放置すると悪化します。今すぐ専門家へお任せください。	 -	出張費無料で駆けつけます！	 -	使用後は無害になる特殊な洗剤を使用 清掃後は赤ちゃんペットにも無害です。専用の機材を使用	 -	{LOCATION(City):兵庫}清掃出張車	匂い取り														Enabled	Enabled	Enabled	Approved	Excellent	
426-779-6658	和歌山車	兵庫県＿車内クリーニング																														車　 タバコの匂い汚れ・タバコのヤニ																																																				https://carinteriorcleaning.jp/regions/hyogo/tabako-yani/					Responsive search ad	【{LOCATION(City):兵庫}】出張車内クリーニング	 -	車 タバコ匂い汚れクリーニング	 -	最短即日対応！プロの消臭・洗浄	 -	【電話相談】まずはお電話を	 -	見積もり無料	 -	"""車 シート クリーニング 業者"""	 -	立会不要で清掃作業で時間も有効	 -	出張車内 クリーニングの専門 店	 -	訪問特化型車内の清掃専門業者	 -	灯油 コーヒーこぼしおまかせ	 -	洗浄後無害になる特殊洗剤を使用	 -	18000円からシート車内洗浄対応	 -	１シートのみでもOK 圧倒的洗浄	 -	"""軽 自動車 クリーニング"""	 -	"""車 灯油 こぼし クリーニング"""	 -	兵庫県で車 タバコの匂い汚れの臭いや汚れにお困りなら。専用洗剤とプロの技術で徹底除去。	 -	車内の車 タバコの匂い汚れは放置すると悪化します。今すぐ専門家へお任せください。	 -	出張費無料で駆けつけます！	 -	使用後は無害になる特殊な洗剤を使用 清掃後は赤ちゃんペットにも無害です。専用の機材を使用	 -	{LOCATION(City):兵庫}清掃出張車	タバコヤニ清掃														Enabled	Enabled	Enabled	Approved	Good	
426-779-6658	和歌山車	兵庫県＿車内クリーニング																														車内 灯油 こぼし																																																				https://carinteriorcleaning.jp/regions/hyogo/touyu-kobosi/					Responsive search ad	【{LOCATION(City):兵庫}】出張車内クリーニング	 -	車内 灯油 こぼしクリーニング	 -	最短即日対応！プロの消臭・洗浄	 -	【電話相談】まずはお電話を	 -	見積もり無料	 -	"""車 シート クリーニング 業者"""	 -	立会不要で清掃作業で時間も有効	 -	出張車内 クリーニングの専門 店	 -	訪問特化型車内の清掃専門業者	 -	灯油 コーヒーこぼしおまかせ	 -	洗浄後無害になる特殊洗剤を使用	 -	18000円からシート車内洗浄対応	 -	１シートのみでもOK 圧倒的洗浄	 -	"""軽 自動車 クリーニング"""	 -	"""車 灯油 こぼし クリーニング"""	 -	兵庫県で車内 灯油 こぼしの臭いや汚れにお困りなら。専用洗剤とプロの技術で徹底除去。	 -	車内の車内 灯油 こぼしは放置すると悪化します。今すぐ専門家へお任せください。	 -	出張費無料で駆けつけます！	 -	使用後は無害になる特殊な洗剤を使用 清掃後は赤ちゃんペットにも無害です。専用の機材を使用	 -	{LOCATION(City):兵庫}清掃出張車	灯油清掃														Enabled	Enabled	Enabled	Approved	Excellent	
426-779-6658	和歌山車	兵庫県＿車内クリーニング																														AG_緊急_嘔吐																																																				https://carinteriorcleaning.jp/regions/hyogo/vomit-cleaning/					Responsive search ad	【{LOCATION(City):兵庫}】出張車内クリーニング	 -	車 ゲロ 消臭 即日	 -	最短即日対応！プロの消臭・洗浄	 -	【電話相談】まずはお電話を	 -	見積もり無料	 -	ペット粗相洗浄業者	 -	立会不要で清掃作業で時間も有効	 -	出張車内 クリーニングの専門 店	 -	訪問特化型車内の清掃専門業者	 -	ペットうんちクリーニング	 -	車 シート 汚れ 落とし 方	 -	18000円からシート車内洗浄対応	 -	１シートのみでもOK 圧倒的洗浄	 -	"""軽 自動車 クリーニング"""	 -	車 ゲロ 消臭 即日クリーニング	 -	兵庫で車 ゲロ 消臭 臭いや汚れにお困りなら。専用洗剤とプロの技術で徹底除去。	 -	車 ゲロ は放置すると悪化します。今すぐ専門家へお任せください。	 -	出張費無料で駆けつけます！	 -	使用後は無害になる特殊な洗剤を使用 清掃後は赤ちゃんペットにも無害です。専用の機材を使用	 -	{LOCATION(City):兵庫}清掃出張車	嘔吐ニオイ清掃														Enabled	Enabled	Enabled	Approved	Average	
426-779-6658	和歌山車	兵庫県＿車内クリーニング																														AG_緊急_灯油																																																				https://carinteriorcleaning.jp/regions/hyogo/touyu-kobosi/					Responsive search ad	【{LOCATION(City):兵庫}】出張車内クリーニング	 -	車 灯油 こぼし 出張	 -	最短即日対応！プロの消臭・洗浄	 -	【電話相談】まずはお電話を	 -	見積もり無料	 -	"""車 シート クリーニング 業者"""	 -	立会不要で清掃作業で時間も有効	 -	出張車内 クリーニングの専門 店	 -	訪問特化型車内の清掃専門業者	 -	灯油 コーヒーこぼしおまかせ	 -	洗浄後無害になる特殊洗剤を使用	 -	18000円からシート車内洗浄対応	 -	１シートのみでもOK 圧倒的洗浄	 -	"""軽 自動車 クリーニング"""	 -	"""車 灯油 こぼし クリーニング"""	 -	兵庫県で車 灯油 こぼし汚れにお困りなら。専用洗剤とプロの技術で徹底除去。	 -	車 灯油 こぼしは放置すると悪化します。今すぐ専門家へお任せください。	 -	出張費無料で駆けつけます！	 -	使用後は無害になる特殊な洗剤を使用 清掃後は赤ちゃんペットにも無害です。専用の機材を使用	 -	{LOCATION(City):兵庫}清掃出張車	灯油清掃														Enabled	Enabled	Enabled	Approved	Good	
426-779-6658	和歌山車	兵庫県＿車内クリーニング																														AG_緊急_灯油																																																				https://carinteriorcleaning.jp/regions/hyogo/touyu-kobosi/					Responsive search ad	【{LOCATION(City):兵庫}】出張車内クリーニング	 -	車 灯油 臭い 取れない 業者	 -	最短即日対応！プロの消臭・洗浄	 -	【電話相談】まずはお電話を	 -	見積もり無料	 -	"""車 シート クリーニング 業者"""	 -	立会不要で清掃作業で時間も有効	 -	出張車内 クリーニングの専門 店	 -	訪問特化型車内の清掃専門業者	 -	灯油 コーヒーこぼしおまかせ	 -	洗浄後無害になる特殊洗剤を使用	 -	18000円からシート車内洗浄対応	 -	１シートのみでもOK 圧倒的洗浄	 -	"""軽 自動車 クリーニング"""	 -	"""車 灯油 こぼし クリーニング"""	 -	兵庫県で車 灯油 臭い 取れない や汚れにお困りなら。専用洗剤とプロの技術で徹底除去。	 -	車 灯油 臭い 取れないは放置すると悪化します。今すぐ専門家へお任せください。	 -	出張費無料で駆けつけます！	 -	使用後は無害になる特殊な洗剤を使用 清掃後は赤ちゃんペットにも無害です。専用の機材を使用	 -	{LOCATION(City):兵庫}清掃出張車	灯油清掃														Enabled	Enabled	Enabled	Approved	Excellent	
426-779-6658	和歌山車	兵庫県＿車内クリーニング																														AG_緊急_灯油																																																				https://carinteriorcleaning.jp/regions/hyogo/touyu-kobosi/					Responsive search ad	【{LOCATION(City):兵庫}】出張車内クリーニング	 -	車 灯油 こぼした 消臭 出張	 -	最短即日対応！プロの消臭・洗浄	 -	【電話相談】まずはお電話を	 -	見積もり無料	 -	"""車 シート クリーニング 業者"""	 -	立会不要で清掃作業で時間も有効	 -	出張車内 クリーニングの専門 店	 -	訪問特化型車内の清掃専門業者	 -	灯油 コーヒーこぼしおまかせ	 -	洗浄後無害になる特殊洗剤を使用	 -	18000円からシート車内洗浄対応	 -	１シートのみでもOK 圧倒的洗浄	 -	"""軽 自動車 クリーニング"""	 -	"""車 灯油 こぼし クリーニング"""	 -	兵庫県で車 灯油 こぼした 消臭 にお困りなら。専用洗剤とプロの技術で徹底除去。	 -	車内の車 灯油 こぼしは放置すると悪化します。今すぐ専門家へお任せください。	 -	出張費無料で駆けつけます！	 -	使用後は無害になる特殊な洗剤を使用 清掃後は赤ちゃんペットにも無害です。専用の機材を使用	 -	{LOCATION(City):兵庫}清掃出張車	灯油清掃														Enabled	Enabled	Enabled	Approved	Good	
426-779-6658	和歌山車	兵庫県＿車内クリーニング																														AG_緊急_ペット	95																																										車 おもらし シート 洗浄	Phrase	85				 -	 -	 -	https://carinteriorcleaning.jp/regions/hyogo/omorashi/																																																											Enabled	Enabled	Enabled	Approved		
426-779-6658	和歌山車	兵庫県＿車内クリーニング																														AG_緊急_ペット	95																																										犬 車 お漏らし 消臭 業者	Phrase	85				 -	 -	 -	https://carinteriorcleaning.jp/regions/hyogo/omorashi/																																																											Enabled	Enabled	Enabled	Approved		
426-779-6658	和歌山車	兵庫県＿車内クリーニング																														AG_緊急_ペット																																																				https://carinteriorcleaning.jp/regions/hyogo/oshikko/					Responsive search ad	【{LOCATION(City):兵庫}】出張車内クリーニング	 -	車 おしっこ シート 洗浄 出張	 -	最短即日対応！プロの消臭・洗浄	 -	【電話相談】まずはお電話を	 -	見積もり無料	 -	"""車 シート クリーニング 業者"""	 -	立会不要で清掃作業で時間も有効	 -	出張車内 クリーニングの専門 店	 -	訪問特化型車内の清掃専門業者	 -	灯油 コーヒーこぼしおまかせ	 -	洗浄後無害になる特殊洗剤を使用	 -	18000円からシート車内洗浄対応	 -	１シートのみでもOK 圧倒的洗浄	 -	"""軽 自動車 クリーニング"""	 -	車 おしっこ シート 出張洗浄	 -	兵庫県で車 おしっこ シート ニオイや汚れにお困りなら。専用洗剤とプロの技術で徹底除去。	 -	車 おしっこ シートの臭いは放置すると悪化します。今すぐ専門家へお任せください。	 -	出張費無料で駆けつけます！	 -	使用後は無害になる特殊な洗剤を使用 清掃後は赤ちゃんペットにも無害です。専用の機材を使用	 -	{LOCATION(City):兵庫}清掃出張車	おしっこ消臭														Enabled	Enabled	Enabled	Approved	Good	
426-779-6658	和歌山車	兵庫県＿車内クリーニング																														AG_緊急_ペット																																																				https://carinteriorcleaning.jp/regions/hyogo/oshikko/					Responsive search ad	【{LOCATION(City):兵庫}】出張車内クリーニング	 -	車 おもらし シート 洗浄	 -	最短即日対応！プロの消臭・洗浄	 -	【電話相談】まずはお電話を	 -	見積もり無料	 -	"""車 シート クリーニング 業者"""	 -	立会不要で清掃作業で時間も有効	 -	出張車内 クリーニングの専門 店	 -	訪問特化型車内の清掃専門業者	 -	灯油 コーヒーこぼしおまかせ	 -	洗浄後無害になる特殊洗剤を使用	 -	18000円からシート車内洗浄対応	 -	１シートのみでもOK 圧倒的洗浄	 -	"""軽 自動車 クリーニング"""	 -	車おもらし シート 出張洗浄	 -	兵庫県で車 おもらし シート 臭いや汚れにお困りなら。専用洗剤とプロの技術で徹底除去。	 -	車 おもらし シート 臭いや汚れは放置すると悪化します。今すぐ専門家へお任せください。	 -	出張費無料で駆けつけます！	 -	使用後は無害になる特殊な洗剤を使用 清掃後は赤ちゃんペットにも無害です。専用の機材を使用	 -	{LOCATION(City):兵庫}清掃出張車	おしっこ消臭														Enabled	Enabled	Enabled	Approved	Good	
426-779-6658	和歌山車	兵庫県＿車内クリーニング																														AG_緊急_ペット																																																				https://carinteriorcleaning.jp/regions/hyogo/oshikko/					Responsive search ad	【{LOCATION(City):兵庫}】出張車内クリーニング	 -	ペット 粗相 車 消臭	 -	最短即日対応！プロの消臭・洗浄	 -	【電話相談】まずはお電話を	 -	見積もり無料	 -	"""車 シート クリーニング 業者"""	 -	立会不要で清掃作業で時間も有効	 -	出張車内 クリーニングの専門 店	 -	訪問特化型車内の清掃専門業者	 -	灯油 コーヒーこぼしおまかせ	 -	洗浄後無害になる特殊洗剤を使用	 -	18000円からシート車内洗浄対応	 -	１シートのみでもOK 圧倒的洗浄	 -	"""軽 自動車 クリーニング"""	 -	"""車 灯油 こぼし クリーニング"""	 -	兵庫県でペット 粗相 車 消臭や汚れにお困りなら。専用洗剤とプロの技術で徹底除去。	 -	車内ペット 粗相は放置すると悪化します。今すぐ専門家へお任せください。	 -	出張費無料で駆けつけます！	 -	使用後は無害になる特殊な洗剤を使用 清掃後は赤ちゃんペットにも無害です。専用の機材を使用	 -	{LOCATION(City):兵庫}清掃出張車	おしっこ消臭														Enabled	Enabled	Enabled	Approved	Good	
426-779-6658	和歌山車	兵庫県＿車内クリーニング																														AG_消臭_口語																																																				https://carinteriorcleaning.jp/regions/hyogo/kuruma-nioi-keshi/					Responsive search ad	【{LOCATION(City):兵庫}】出張車内クリーニング	 -	車 匂い 消し 業者	 -	【期間限定】今だけキャンペーン	 -	365日無休24時間受付中LINE対応	 -	{keyword:出張車内清掃}嘔吐（ゲロ）即対応	 -	"""車 シート クリーニング 業者"""	 -	立会不要で清掃作業で時間も有効	 -	出張車内 クリーニングの専門 店	 -	訪問特化型車内の清掃専門業者	 -	灯油 コーヒーこぼしおまかせ	 -	洗浄後無害になる特殊洗剤を使用	 -	18000円からシート車内洗浄対応	 -	１シートのみでもOK 圧倒的洗浄	 -	"""軽 自動車 クリーニング"""	 -	"""車 灯油 こぼし クリーニング"""	 -	{LOCATION(City):兵庫}【地元密着】車内清掃 特急便365日24時間受付中！電話で指定場所まで清掃に出張致します	 -	期間限定キャンペーン有！ 会社のお車を2台以上は、さらに割引 お得な出張車内クリーニング	 -	どこでも出張！ マンションや、会社の駐車場まで出張して、電源無しでも車内清掃のプロが作業	 -	使用後は無害になる特殊な洗剤を使用 清掃後は赤ちゃんペットにも無害です。専用の機材を使用	 -	{LOCATION(City):兵庫}清掃出張車	匂い消し														Enabled	Enabled	Enabled	Approved	Average	
426-779-6658	和歌山車	兵庫県＿車内クリーニング																														AG_消臭_口語																																																				https://carinteriorcleaning.jp/regions/hyogo/kuruma-nioi-keshi/					Responsive search ad	【{LOCATION(City):兵庫}】出張車内クリーニング	 -	車内 クサイ 消臭	 -	最短即日対応！プロの消臭・洗浄	 -	【電話相談】まずはお電話を	 -	見積もり無料	 -	ペット粗相洗浄業者	 -	立会不要で清掃作業で時間も有効	 -	出張車内 クリーニングの専門 店	 -	訪問特化型車内の清掃専門業者	 -	ペットうんちクリーニング	 -	車 シート 汚れ 落とし 方	 -	18000円からシート車内洗浄対応	 -	１シートのみでもOK 圧倒的洗浄	 -	"""軽 自動車 クリーニング"""	 -	"""車 灯油 こぼし クリーニング"""	 -	兵庫で車内 クサイ臭いや汚れにお困りなら。専用洗剤とプロの技術で徹底除去。	 -	車内の車内 クサイ ニオイは放置すると悪化します。今すぐ専門家へお任せください。	 -	出張費無料で駆けつけます！	 -	使用後は無害になる特殊な洗剤を使用 清掃後は赤ちゃんペットにも無害です。専用の機材を使用	 -	{LOCATION(City):兵庫}清掃出張車	匂い消し														Enabled	Enabled	Enabled	Approved	Average	
426-779-6658	和歌山車	兵庫県＿車内クリーニング																														AG_消臭_口語																																																				https://carinteriorcleaning.jp/regions/hyogo/kuruma-nioi-keshi/					Responsive search ad	【{LOCATION(City):兵庫}】出張車内クリーニング	 -	車 臭い 取れない プロ	 -	最短即日対応！プロの消臭・洗浄	 -	【電話相談】まずはお電話を	 -	見積もり無料	 -	"""車 シート クリーニング 業者"""	 -	立会不要で清掃作業で時間も有効	 -	出張車内 クリーニングの専門 店	 -	訪問特化型車内の清掃専門業者	 -	灯油 コーヒーこぼしおまかせ	 -	洗浄後無害になる特殊洗剤を使用	 -	18000円からシート車内洗浄対応	 -	１シートのみでもOK 圧倒的洗浄	 -	"""軽 自動車 クリーニング"""	 -	車 臭い 取れない プロ洗浄	 -	兵庫県で車 臭い 取れないや汚れにお困りなら。専用洗剤とプロの技術で徹底除去。	 -	車内の 臭い 取れないは放置すると悪化します。今すぐ専門家へお任せください。	 -	出張費無料で駆けつけます！	 -	使用後は無害になる特殊な洗剤を使用 清掃後は赤ちゃんペットにも無害です。専用の機材を使用	 -	{LOCATION(City):兵庫}清掃出張車	匂い消し														Enabled	Enabled	Enabled	Approved	Good	
426-779-6658	和歌山車	兵庫県＿車内クリーニング																														AG_消臭_中古車																																																				https://carinteriorcleaning.jp/regions/hyogo/chuko-tabako/					Responsive search ad	【{LOCATION(City):兵庫}】出張車内クリーニング	 -	中古車 加齢臭 車内	 -	最短即日対応！プロの消臭・洗浄	 -	【電話相談】まずはお電話を	 -	見積もり無料	 -	ペット粗相洗浄業者	 -	立会不要で清掃作業で時間も有効	 -	出張車内 クリーニングの専門 店	 -	訪問特化型車内の清掃専門業者	 -	ペットうんちクリーニング	 -	車 シート 汚れ 落とし 方	 -	18000円からシート車内洗浄対応	 -	１シートのみでもOK 圧倒的洗浄	 -	"""軽 自動車 クリーニング"""	 -	中古車加齢臭 車内クリーニング	 -	兵庫で中古車 加齢臭 や汚れにお困りなら。専用洗剤とプロの技術で徹底除去。	 -	中古車 加齢臭 は放置すると悪化します。今すぐ専門家へお任せください。	 -	出張費無料で駆けつけます！	 -	使用後は無害になる特殊な洗剤を使用 清掃後は赤ちゃんペットにも無害です。専用の機材を使用	 -	{LOCATION(City):兵庫}清掃出張車	タバコ臭清掃														Enabled	Enabled	Enabled	Approved	Average	
426-779-6658	和歌山車	兵庫県＿車内クリーニング																														AG_消臭_湿気カビ																																																				https://carinteriorcleaning.jp/regions/hyogo/shanai-nioi/					Responsive search ad	【{LOCATION(City):兵庫}】出張車内クリーニング	 -	車内 カビ臭 取り方 業者	 -	最短即日対応！プロの消臭・洗浄	 -	【電話相談】まずはお電話を	 -	見積もり無料	 -	"""車 シート クリーニング 業者"""	 -	立会不要で清掃作業で時間も有効	 -	出張車内 クリーニングの専門 店	 -	訪問特化型車内の清掃専門業者	 -	灯油 コーヒーこぼしおまかせ	 -	洗浄後無害になる特殊洗剤を使用	 -	18000円からシート車内洗浄対応	 -	１シートのみでもOK 圧倒的洗浄	 -	"""軽 自動車 クリーニング"""	 -	車内カビ臭取り業者クリーニング	 -	兵庫県で車内 カビ臭 取り 汚れにお困りなら。専用洗剤とプロの技術で徹底除去。	 -	車内 カビ臭 は放置すると悪化します。今すぐ専門家へお任せください。	 -	出張費無料で駆けつけます！	 -	使用後は無害になる特殊な洗剤を使用 清掃後は赤ちゃんペットにも無害です。専用の機材を使用	 -	{LOCATION(City):兵庫}清掃出張車	車内臭い														Enabled	Enabled	Enabled	Approved	Good	
426-779-6658	和歌山車	兵庫県＿車内クリーニング																														AG_消臭_湿気カビ																																																				https://carinteriorcleaning.jp/regions/hyogo/shanai-nioi/					Responsive search ad	【{LOCATION(City):兵庫}】出張車内クリーニング	 -	車 湿気 臭い シート 洗浄	 -	最短即日対応！プロの消臭・洗浄	 -	【電話相談】まずはお電話を	 -	見積もり無料	 -	"""車 シート クリーニング 業者"""	 -	立会不要で清掃作業で時間も有効	 -	出張車内 クリーニングの専門 店	 -	訪問特化型車内の清掃専門業者	 -	灯油 コーヒーこぼしおまかせ	 -	洗浄後無害になる特殊洗剤を使用	 -	18000円からシート車内洗浄対応	 -	１シートのみでもOK 圧倒的洗浄	 -	"""軽 自動車 クリーニング"""	 -	車湿気臭いシート クリーニング	 -	兵庫県で車 湿気 臭い シート や汚れにお困りなら。専用洗剤とプロの技術で徹底除去。	 -	車 湿気 臭い シート 洗浄します。今すぐ専門家へお任せください。	 -	出張費無料で駆けつけます！	 -	使用後は無害になる特殊な洗剤を使用 清掃後は赤ちゃんペットにも無害です。専用の機材を使用	 -	{LOCATION(City):兵庫}清掃出張車	車内臭い														Enabled	Enabled	Enabled	Approved	Good	
426-779-6658	和歌山車	兵庫県＿車内クリーニング																														AG_消臭_湿気カビ																																																				https://carinteriorcleaning.jp/regions/hyogo/shanai-nioi/					Responsive search ad	【{LOCATION(City):兵庫}】出張車内クリーニング	 -	車 原因不明 臭い 消臭 業者	 -	最短即日対応！プロの消臭・洗浄	 -	【電話相談】まずはお電話を	 -	見積もり無料	 -	"""車 シート クリーニング 業者"""	 -	立会不要で清掃作業で時間も有効	 -	出張車内 クリーニングの専門 店	 -	訪問特化型車内の清掃専門業者	 -	灯油 コーヒーこぼしおまかせ	 -	洗浄後無害になる特殊洗剤を使用	 -	18000円からシート車内洗浄対応	 -	１シートのみでもOK 圧倒的洗浄	 -	"""軽 自動車 クリーニング"""	 -	車の原因不明 におい 消臭 業者	 -	兵庫県で車 原因不明 臭い や汚れにお困りなら。専用洗剤とプロの技術で徹底除去。	 -	車 原因不明 臭い 消臭 します。今すぐ専門家へお任せください。	 -	出張費無料で駆けつけます！	 -	使用後は無害になる特殊な洗剤を使用 清掃後は赤ちゃんペットにも無害です。専用の機材を使用	 -	{LOCATION(City):兵庫}清掃出張車	車内臭い														Enabled	Enabled	Enabled	Approved	Good	
426-779-6658	和歌山車	兵庫県＿車内クリーニング																														AG_エアコン_エバポレーター																																																				https://carinteriorcleaning.jp/regions/hyogo/evaporator-senjo/					Responsive search ad	【{LOCATION(City):兵庫}】車内のエアコン洗浄	 -	エバポレーター洗浄 出張	 -	最短即日対応！プロの消臭・洗浄	 -	【電話相談】まずはお電話を	 -	見積もり無料	 -	"""車 エバポレーター洗浄 業者"""	 -	立会不要で清掃作業で時間も有効	 -	出張エバポレーター洗浄専門 店	 -	訪問特化型車内の清掃専門業者	 -	エバポレーター洗浄 おまかせ	 -	洗浄後無害になる特殊洗剤を使用	 -	18000円からシート車内洗浄対応	 -	１シートのみでもOK 圧倒的洗浄	 -	"""軽 自動車 クリーニング"""	 -	車 エバポレータークリーニング	 -	兵庫県で車内 エバポレーターの臭いや汚れにお困りなら。専用洗剤とプロの技術で徹底除去。	 -	車内 エバポレーターの臭いや汚れは放置すると悪化します。今すぐ専門家へお任せください。	 -	出張費無料で駆けつけます！	 -	使用後は無害になる特殊な洗剤を使用 清掃後は赤ちゃんペットにも無害です。専用の機材を使用	 -	{LOCATION(City):兵庫}清掃出張車	エバポ洗浄														Enabled	Enabled	Enabled	Approved	Average	
426-779-6658	和歌山車	兵庫県＿車内クリーニング																														AG_エアコン_エバポレーター																																																				https://carinteriorcleaning.jp/regions/hyogo/evaporator-senjo/					Responsive search ad	【{LOCATION(City):兵庫}】出張車内クリーニング	 -	車 エアコン 酸っぱい 臭い 業者	 -	最短即日対応！プロの消臭・洗浄	 -	【電話相談】まずはお電話を	 -	見積もり無料	 -	"""車 シート クリーニング 業者"""	 -	立会不要で清掃作業で時間も有効	 -	出張車内 クリーニングの専門 店	 -	訪問特化型車内の清掃専門業者	 -	灯油 コーヒーこぼしおまかせ	 -	洗浄後無害になる特殊洗剤を使用	 -	18000円からシート車内洗浄対応	 -	１シートのみでもOK 圧倒的洗浄	 -	"""軽 自動車 クリーニング"""	 -	"""車 灯油 こぼし クリーニング"""	 -	兵庫県で車 エアコン 酸っぱい 臭いや汚れにお困りなら。専用洗剤とプロの技術で徹底除去。	 -	車 エアコン 酸っぱい 臭いは放置すると悪化します。今すぐ専門家へお任せください。	 -	出張費無料で駆けつけます！	 -	使用後は無害になる特殊な洗剤を使用 清掃後は赤ちゃんペットにも無害です。専用の機材を使用	 -	{LOCATION(City):兵庫}清掃出張車	エバポ洗浄														Enabled	Enabled	Enabled	Approved	Average	
426-779-6658	和歌山車	兵庫県＿車内クリーニング																														AG_エアコン_エバポレーター																																																				https://carinteriorcleaning.jp/regions/hyogo/evaporator-senjo/					Responsive search ad	【{LOCATION(City):兵庫}】出張車内クリーニング	 -	カーエアコン カビ臭 エバポレー	 -	最短即日対応！プロの消臭・洗浄	 -	【電話相談】まずはお電話を	 -	見積もり無料	 -	"""車 シート クリーニング 業者"""	 -	立会不要で清掃作業で時間も有効	 -	出張車内 クリーニングの専門 店	 -	訪問特化型車内の清掃専門業者	 -	灯油 コーヒーこぼしおまかせ	 -	洗浄後無害になる特殊洗剤を使用	 -	18000円からシート車内洗浄対応	 -	１シートのみでもOK 圧倒的洗浄	 -	"""軽 自動車 クリーニング"""	 -	カーエアコンカビ臭エバポレ清掃	 -	兵庫カーエアコン カビ臭 エバポレー臭いや汚れにお困りなら。専用洗剤とプロの技術で徹底除去。	 -	カーエアコン カビ臭 エバポレー臭は放置すると悪化します。今すぐ専門家へお任せください。	 -	出張費無料で駆けつけます！	 -	使用後は無害になる特殊な洗剤を使用 清掃後は赤ちゃんペットにも無害です。専用の機材を使用	 -	{LOCATION(City):兵庫}清掃出張車	エバポ洗浄														Enabled	Enabled	Enabled	Approved	Average	
426-779-6658	和歌山車	兵庫県＿車内クリーニング																														AG_条件_出張																																																				https://carinteriorcleaning.jp/regions/hyogo/shutchou-senmon/					Responsive search ad	【{LOCATION(City):兵庫}】出張車内クリーニング	 -	車内クリーニング 即日 出張	 -	最短即日対応！プロの消臭・洗浄	 -	【電話相談】まずはお電話を	 -	見積もり無料	 -	"""車 シート クリーニング 業者"""	 -	立会不要で清掃作業で時間も有効	 -	出張車内 クリーニングの専門 店	 -	訪問特化型車内の清掃専門業者	 -	灯油 コーヒーこぼしおまかせ	 -	洗浄後無害になる特殊洗剤を使用	 -	18000円からシート車内洗浄対応	 -	１シートのみでもOK 圧倒的洗浄	 -	"""軽 自動車 クリーニング"""	 -	車内のクリーニング 即日 出張	 -	兵庫県で車内クリーニング 即日 出張。専用洗剤とプロの技術で徹底除去。	 -	車内クリーニング 即日 出張します。今すぐ専門家へお任せください。	 -	出張費無料で駆けつけます！	 -	使用後は無害になる特殊な洗剤を使用 清掃後は赤ちゃんペットにも無害です。専用の機材を使用	 -	{LOCATION(City):兵庫}清掃出張車	出張専門														Enabled	Enabled	Enabled	Approved	Good	
426-779-6658	和歌山車	兵庫県＿車内クリーニング																														AG_条件_出張																																																				https://carinteriorcleaning.jp/regions/hyogo/shutchou-senmon/					Responsive search ad	【{LOCATION(City):兵庫}】出張車内クリーニング	 -	車内清掃 1席 出張	 -	最短即日対応！プロの消臭・洗浄	 -	【電話相談】まずはお電話を	 -	見積もり無料	 -	"""車 シート クリーニング 業者"""	 -	立会不要で清掃作業で時間も有効	 -	出張車内 クリーニングの専門 店	 -	訪問特化型車内の清掃専門業者	 -	灯油 コーヒーこぼしおまかせ	 -	洗浄後無害になる特殊洗剤を使用	 -	18000円からシート車内洗浄対応	 -	１シートのみでもOK 圧倒的洗浄	 -	"""軽 自動車 クリーニング"""	 -	車内清掃 1席 出張クリーニング	 -	兵庫県で車内清掃 1席 出張。専用洗剤とプロの技術で徹底除去。	 -	車内清掃 1席 出張します。今すぐ専門家へお任せください。	 -	出張費無料で駆けつけます！	 -	使用後は無害になる特殊な洗剤を使用 清掃後は赤ちゃんペットにも無害です。専用の機材を使用	 -	{LOCATION(City):兵庫}清掃出張車	出張専門														Enabled	Enabled	Enabled	Approved	Good	
426-779-6658	和歌山車	兵庫県＿車内クリーニング																														AG_条件_電源不要																																																				https://carinteriorcleaning.jp/regions/hyogo/dengen-fuyou/					Responsive search ad	【{LOCATION(City):兵庫}】出張車内クリーニング	 -	車内清掃 電源不要 出張	 -	最短即日対応！プロの消臭・洗浄	 -	【電話相談】まずはお電話を	 -	見積もり無料	 -	"""車 シート クリーニング 業者"""	 -	立会不要で清掃作業で時間も有効	 -	出張車内 クリーニングの専門 店	 -	訪問特化型車内の清掃専門業者	 -	灯油 コーヒーこぼしおまかせ	 -	洗浄後無害になる特殊洗剤を使用	 -	18000円からシート車内洗浄対応	 -	１シートのみでもOK 圧倒的洗浄	 -	"""軽 自動車 クリーニング"""	 -	車内清掃電源不要出張クリニング	 -	兵庫県で車内清掃 電源不要 。専用洗剤とプロの技術で徹底除去。	 -	車内清掃 電源不要 出張します。今すぐ専門家へお任せください。	 -	出張費無料で駆けつけます！	 -	使用後は無害になる特殊な洗剤を使用 清掃後は赤ちゃんペットにも無害です。専用の機材を使用	 -	{LOCATION(City):兵庫}清掃出張車	電源持込不要														Enabled	Enabled	Enabled	Approved	Excellent	
426-779-6658	和歌山車	兵庫県＿車内クリーニング																														AG_条件_電源不要																																																				https://carinteriorcleaning.jp/regions/hyogo/dengen-fuyou/					Responsive search ad	【{LOCATION(City):兵庫}】出張車内クリーニング	 -	マンション 車内クリーニング	 -	最短即日対応！プロの消臭・洗浄	 -	【電話相談】まずはお電話を	 -	見積もり無料	 -	"""車 シート クリーニング 業者"""	 -	立会不要で清掃作業で時間も有効	 -	出張車内 クリーニングの専門 店	 -	訪問特化型車内の清掃専門業者	 -	灯油 コーヒーこぼしおまかせ	 -	洗浄後無害になる特殊洗剤を使用	 -	18000円からシート車内洗浄対応	 -	１シートのみでもOK 圧倒的洗浄	 -	"""軽 自動車 クリーニング"""	 -	マンションでの車内クリーニング	 -	兵庫県でマンション 車内クリーニング お困りなら。専用洗剤とプロの技術で徹底除去。	 -	マンション 車内クリーニングします。今すぐ専門家へお任せください。	 -	出張費無料で駆けつけます！	 -	使用後は無害になる特殊な洗剤を使用 清掃後は赤ちゃんペットにも無害です。専用の機材を使用	 -	{LOCATION(City):兵庫}清掃出張車	電源持込不要														Enabled	Enabled	Enabled	Approved	Good	
426-779-6658	和歌山車	兵庫県＿車内クリーニング																														AG_条件_電源不要																																																				https://carinteriorcleaning.jp/regions/hyogo/dengen-fuyou/					Responsive search ad	【{LOCATION(City):兵庫}】出張車内クリーニング	 -	兵庫 車内清掃 電源不要	 -	最短即日対応！プロの消臭・洗浄	 -	【電話相談】まずはお電話を	 -	見積もり無料	 -	"""車 シート クリーニング 業者"""	 -	立会不要で清掃作業で時間も有効	 -	出張車内 クリーニングの専門 店	 -	訪問特化型車内の清掃専門業者	 -	灯油 コーヒーこぼしおまかせ	 -	洗浄後無害になる特殊洗剤を使用	 -	18000円からシート車内洗浄対応	 -	１シートのみでもOK 圧倒的洗浄	 -	"""軽 自動車 クリーニング"""	 -	兵庫出張車内清掃電源不要	 -	兵庫県で車内清掃 電源不要。専用洗剤とプロの技術で徹底除去。	 -	兵庫 車内清掃 電源不要今すぐ専門家へお任せください。	 -	出張費無料で駆けつけます！	 -	使用後は無害になる特殊な洗剤を使用 清掃後は赤ちゃんペットにも無害です。専用の機材を使用	 -	{LOCATION(City):兵庫}清掃出張車	電源持込不要														Enabled	Enabled	Enabled	Approved	Excellent	
426-779-6658	和歌山車	兵庫県＿車内クリーニング																														AG_バス_トラック																																																				https://carinteriorcleaning.jp/regions/hyogo/bus-senmon/					Responsive search ad	{LOCATION(City):兵庫}出張車内バス クリーニング	 -	バス 嘔吐 出張清掃	 -	最短即日対応！プロの消臭・洗浄	 -	【電話相談】まずはお電話を	 -	見積もり無料	 -	"""車 シート クリーニング 業者"""	 -	立会不要で清掃作業で時間も有効	 -	出張車内 クリーニングの専門 店	 -	訪問特化型車内の清掃専門業者	 -	コーヒーこぼしおまかせ	 -	洗浄後無害になる特殊洗剤を使用	 -	22000円からシート車内洗浄対応	 -	１シートのみでもOK 圧倒的洗浄	 -					兵庫県でバス 嘔吐 出張清掃 にお困りなら。専用洗剤とプロの技術で徹底除去。	 -	バス 嘔吐 は放置すると悪化します。今すぐ専門家へお任せください。	 -	出張費無料で駆けつけます！	 -	使用後は無害になる特殊な洗剤を使用 清掃後は赤ちゃんペットにも無害です。専用の機材を使用	 -	{LOCATION(City):兵庫}清掃出張車	バス清掃														Enabled	Enabled	Enabled	Approved	Excellent	
426-779-6658	和歌山車	兵庫県＿車内クリーニング																														緊急_子供嘔吐																																																				https://carinteriorcleaning.jp/regions/hyogo/kodomo-kyuto/					Responsive search ad	【{LOCATION(City):兵庫}】子供嘔吐清掃	 -	車酔い 嘔吐 出張専門業者	 -	最短即日対応！プロの消臭・洗浄	 -	【電話相談】車嘔吐はお電話を	 -	見積もり無料	 -	子供おうと洗浄業者	 -	立会不要で清掃作業で時間も有効	 -	子供おうと洗浄の専門 店	 -	訪問特化型車内の清掃専門業者	 -	子供おうと洗浄クリーニング	 -	車 シート 汚れ 落とし 方	 -	18000円からシート車内洗浄対応	 -	１シートのみでもOK 圧倒的洗浄	 -	"""軽 自動車 クリーニング"""	 -	車酔い 嘔吐の出張専門業者	 -	兵庫で車酔い 嘔吐 出張専門業者なら。専用洗剤とプロの技術で徹底除去。	 -	車酔い 嘔吐 出張専門業者。今すぐ専門家へお任せください。	 -	出張費無料で駆けつけます！	 -	使用後は無害になる特殊な洗剤を使用 清掃後は赤ちゃんペットにも無害です。専用の機材を使用	 -	{LOCATION(City):兵庫}清掃出張車	子供嘔吐清掃														Enabled	Enabled	Enabled	Approved	Average	
426-779-6658	和歌山車	兵庫県＿車内クリーニング																														緊急_灯油																																																				https://carinteriorcleaning.jp/regions/hyogo/touyu-kobosi/					Responsive search ad	【{LOCATION(City):兵庫}】出張車内クリーニング	 -	車内 灯油 こぼし 消臭	 -	最短即日対応！プロの消臭・洗浄	 -	【電話相談】まずはお電話を	 -	見積もり無料	 -	"""車 シート クリーニング 業者"""	 -	立会不要で清掃作業で時間も有効	 -	出張車内 クリーニングの専門 店	 -	訪問特化型車内の清掃専門業者	 -	灯油 コーヒーこぼしおまかせ	 -	洗浄後無害になる特殊洗剤を使用	 -	18000円からシート車内洗浄対応	 -	１シートのみでもOK 圧倒的洗浄	 -	"""軽 自動車 クリーニング"""	 -	"""車 灯油 こぼし クリーニング"""	 -	兵庫県で車内 灯油 こぼし 消臭なら。専用洗剤とプロの技術で徹底除去。	 -	車内 灯油 こぼし は放置すると悪化します。今すぐ専門家へお任せください。	 -	出張費無料で駆けつけます！	 -	使用後は無害になる特殊な洗剤を使用 清掃後は赤ちゃんペットにも無害です。専用の機材を使用	 -	{LOCATION(City):兵庫}清掃出張車	灯油清掃														Enabled	Enabled	Enabled	Approved	Average	
426-779-6658	和歌山車	兵庫県＿車内クリーニング																														緊急_灯油																																																				https://carinteriorcleaning.jp/regions/hyogo/touyu-kobosi/					Responsive search ad	【{LOCATION(City):兵庫}】出張車内クリーニング	 -	兵庫 灯油 こぼし 車	 -	最短即日対応！プロの消臭・洗浄	 -	【電話相談】まずはお電話を	 -	見積もり無料	 -	ペット粗相洗浄業者	 -	立会不要で清掃作業で時間も有効	 -	出張車内 クリーニングの専門 店	 -	訪問特化型車内の清掃専門業者	 -	ペットうんちクリーニング	 -	車 シート 汚れ 落とし 方	 -	18000円からシート車内洗浄対応	 -	１シートのみでもOK 圧倒的洗浄	 -	"""軽 自動車 クリーニング"""	 -	"""車 灯油 こぼし クリーニング"""	 -	兵庫で 灯油 こぼし の臭いや汚れにお困りなら。専用洗剤とプロの技術で徹底除去。	 -	兵庫 灯油 こぼし は放置すると悪化します。今すぐ専門家へお任せください。	 -	出張費無料で駆けつけます！	 -	使用後は無害になる特殊な洗剤を使用 清掃後は赤ちゃんペットにも無害です。専用の機材を使用	 -	{LOCATION(City):兵庫}清掃出張車	灯油清掃														Enabled	Enabled	Enabled	Approved	Average	
426-779-6658	和歌山車	兵庫県＿車内クリーニング																														緊急_ペット																																																				https://carinteriorcleaning.jp/regions/hyogo/oshikko/					Responsive search ad	【{LOCATION(City):兵庫}】ペットおもらし	 -	犬 車 お漏らし 消臭 業者	 -	最短即日対応！プロの消臭・洗浄	 -	【電話相談】まずはお電話を	 -	見積もり無料	 -	"""猫 車 お漏らし 消臭 業者"""	 -	立会不要で清掃作業で時間も有効	 -	車 ペットお漏らしの専門 店	 -	訪問特化型車内の清掃専門業者	 -	車 ペット うんちの専門 店	 -	洗浄後無害になる特殊洗剤を使用	 -	18000円からシート車内洗浄対応	 -	１シートのみでもOK 圧倒的洗浄	 -	"""軽 自動車 クリーニング"""	 -	犬猫うんちの専門 店	 -	兵庫県で犬 車 お漏らし お困りなら。専用洗剤とプロの技術で徹底除去。	 -	犬 車 お漏らし 消臭 業者。今すぐ専門家へお任せください。	 -	出張費無料で駆けつけ 即クリーニングでキレイにします	 -	使用後は無害になる特殊な洗剤を使用 清掃後は赤ちゃんペットにも無害です。専用の機材を使用	 -	{LOCATION(City):兵庫}清掃出張車	おしっこ消臭														Enabled	Enabled	Enabled	Approved	Average	
426-779-6658	和歌山車	兵庫県＿車内クリーニング																														緊急_ペット																																																				https://carinteriorcleaning.jp/regions/hyogo/oshikko/					Responsive search ad	【{LOCATION(City):兵庫}】出張車内クリーニング	 -	兵庫 ペット 車内 清掃	 -	最短即日対応！プロの消臭・洗浄	 -	【電話相談】まずはお電話を	 -	見積もり無料	 -	"""車 シート クリーニング 業者"""	 -	立会不要で清掃作業で時間も有効	 -	出張車内 クリーニングの専門 店	 -	訪問特化型車内の清掃専門業者	 -	灯油 コーヒーこぼしおまかせ	 -	洗浄後無害になる特殊洗剤を使用	 -	18000円からシート車内洗浄対応	 -	１シートのみでもOK 圧倒的洗浄	 -	"""軽 自動車 クリーニング"""	 -	兵庫 ペット 車内の出張清掃	 -	兵庫県で ペット 車内 清掃なら。専用洗剤とプロの技術で徹底除去。	 -	兵庫 ペット 車内 清掃します。今すぐ専門家へお任せください。	 -	出張費無料で駆けつけます！	 -	使用後は無害になる特殊な洗剤を使用 清掃後は赤ちゃんペットにも無害です。専用の機材を使用	 -	{LOCATION(City):兵庫}清掃出張車	おしっこ消臭														Enabled	Enabled	Enabled	Approved	Average	
426-779-6658	和歌山車	兵庫県＿車内クリーニング																														消臭_口語																																																				https://carinteriorcleaning.jp/regions/hyogo/kuruma-nioi-keshi/					Responsive search ad	【{LOCATION(City):兵庫}】出張トラック車内洗浄	 -	消臭スプレー 効かない 車	 -	最短即日対応！プロの消臭・洗浄	 -	【電話相談】まずはお電話を	 -	見積もり無料	 -	"""車 シート クリーニング 業者"""	 -	立会不要で清掃作業で時間も有効	 -	出張車内 クリーニングの専門 店	 -	訪問特化型車内の清掃専門業者	 -	灯油 コーヒーこぼしおまかせ	 -	洗浄後無害になる特殊洗剤を使用	 -	18000円からシート車内洗浄対応	 -	１シートのみでもOK 圧倒的洗浄	 -	"""軽 自動車 クリーニング"""	 -	消臭スプレー 効かない出張洗浄	 -	兵庫県で消臭スプレー 効かない 車なら。専用洗剤とプロの技術で徹底除去。	 -	消臭スプレー 効かない 車。今すぐ専門家へお任せください。	 -	出張費無料で駆けつけます！	 -	使用後は無害になる特殊な洗剤を使用 清掃後は赤ちゃんペットにも無害です。専用の機材を使用	 -	{LOCATION(City):兵庫}清掃出張車	匂い消し														Enabled	Enabled	Enabled	Approved	Excellent	
426-779-6658	和歌山車	兵庫県＿車内クリーニング																														消臭_口語																																																				https://carinteriorcleaning.jp/regions/hyogo/kuruma-nioi-keshi/					Responsive search ad	{LOCATION(City):兵庫}出張車内消臭 特急便	 -	車 芳香剤 臭い 取れない	 -	最短即日対応！プロの消臭・洗浄	 -	【電話相談】まずはお電話を	 -	見積もり無料	 -	"""車 シート クリーニング 業者"""	 -	立会不要で清掃作業で時間も有効	 -	出張車内 クリーニングの専門 店	 -	訪問特化型車内の清掃専門業者	 -	灯油 コーヒーこぼしおまかせ	 -	洗浄後無害になる特殊洗剤を使用	 -	18000円からシート車内洗浄対応	 -	１シートのみでもOK 圧倒的洗浄	 -	"""軽 自動車 クリーニング"""	 -	車 芳香剤 臭い 取りの出張洗浄	 -	兵庫県で車 芳香剤 臭い 取れないなら。専用洗剤とプロの技術で徹底除去。	 -	車 芳香剤 臭い 取れない放置すると悪化します。今すぐ専門家へお任せください。	 -	出張費無料で駆けつけます！	 -	使用後は無害になる特殊な洗剤を使用 清掃後は赤ちゃんペットにも無害です。専用の機材を使用	 -	{LOCATION(City):兵庫}清掃出張車	匂い消し														Enabled	Enabled	Enabled	Approved	Excellent	
426-779-6658	和歌山車	兵庫県＿車内クリーニング																														消臭_口語																																																				https://carinteriorcleaning.jp/regions/hyogo/kuruma-nioi-keshi/					Responsive search ad	{LOCATION(City):兵庫}出張車内消臭 特急便	 -	兵庫 車内 消臭 出張	 -	最短即日対応！プロの消臭・洗浄	 -	【電話相談】まずはお電話を	 -	見積もり無料	 -	"""車 シート クリーニング 業者"""	 -	立会不要で清掃作業で時間も有効	 -	出張車内 クリーニングの専門 店	 -	訪問特化型車内の清掃専門業者	 -	灯油 コーヒーこぼしおまかせ	 -	洗浄後無害になる特殊洗剤を使用	 -	18000円からシート車内洗浄対応	 -	１シートのみでもOK 圧倒的洗浄	 -	"""軽 自動車 クリーニング"""	 -	"""車 灯油 こぼし クリーニング"""	 -	兵庫県で兵庫 車内 消臭 出張なら。専用洗剤とプロの技術で徹底除去。	 -	兵庫 車内 消臭 出張します。今すぐ専門家へお任せください。	 -	出張費無料で駆けつけます！	 -	使用後は無害になる特殊な洗剤を使用 清掃後は赤ちゃんペットにも無害です。専用の機材を使用	 -	{LOCATION(City):兵庫}清掃出張車	匂い消し														Enabled	Enabled	Enabled	Approved	Excellent	
426-779-6658	和歌山車	兵庫県＿車内クリーニング																														消臭_中古車																																																				https://carinteriorcleaning.jp/regions/hyogo/chuko-tabako/					Responsive search ad	【{LOCATION(City):兵庫}】出張車内クリーニング	 -	兵庫 中古車 臭い 車内	 -	最短即日対応！プロの消臭・洗浄	 -	【電話相談】まずはお電話を	 -	見積もり無料	 -	"""車 シート クリーニング 業者"""	 -	立会不要で清掃作業で時間も有効	 -	出張車内 クリーニングの専門 店	 -	訪問特化型車内の清掃専門業者	 -	灯油 コーヒーこぼしおまかせ	 -	洗浄後無害になる特殊洗剤を使用	 -	18000円からシート車内洗浄対応	 -	１シートのみでもOK 圧倒的洗浄	 -	"""軽 自動車 クリーニング"""	 -	兵庫 中古車 臭い 出張車内洗浄	 -	兵庫県で 中古車 臭い や汚れにお困りなら。専用洗剤とプロの技術で徹底除去。	 -	兵庫 中古車 臭いは放置すると悪化します。今すぐ専門家へお任せください。	 -	出張費無料で駆けつけます！	 -	使用後は無害になる特殊な洗剤を使用 清掃後は赤ちゃんペットにも無害です。専用の機材を使用	 -	{LOCATION(City):兵庫}清掃出張車	タバコ臭清掃														Enabled	Enabled	Enabled	Approved	Excellent	
426-779-6658	和歌山車	兵庫県＿車内クリーニング																														消臭_湿気カビ																																																				https://carinteriorcleaning.jp/regions/hyogo/shanai-nioi/					Responsive search ad	【{LOCATION(City):兵庫}】出張車内クリーニング	 -	車 ペット臭 消臭 プロ 出張	 -	【期間限定】今だけキャンペーン	 -	365日無休24時間受付中LINE対応	 -	{keyword:出張車内清掃}嘔吐（ゲロ）即対応	 -	"""車 シート クリーニング 業者"""	 -	立会不要で清掃作業で時間も有効	 -	出張車内 クリーニングの専門 店	 -	訪問特化型車内の清掃専門業者	 -	灯油 コーヒーこぼしおまかせ	 -	洗浄後無害になる特殊洗剤を使用	 -	18000円からシート車内洗浄対応	 -	１シートのみでもOK 圧倒的洗浄	 -	"""軽 自動車 クリーニング"""	 -	車 ペット臭 消臭 プロ 出張対応	 -	{LOCATION(City):兵庫}【地元密着】車内清掃 特急便365日24時間受付中！電話で指定場所まで清掃に出張致します	 -	期間限定キャンペーン有！ 会社のお車を2台以上は、さらに割引 お得な出張車内クリーニング	 -	どこでも出張！ マンションや、会社の駐車場まで出張して、電源無しでも車内清掃のプロが作業	 -	使用後は無害になる特殊な洗剤を使用 清掃後は赤ちゃんペットにも無害です。専用の機材を使用	 -	{LOCATION(City):兵庫}清掃出張車	車内臭い														Enabled	Enabled	Enabled	Approved	Excellent	
426-779-6658	和歌山車	兵庫県＿車内クリーニング																														消臭_湿気カビ																																																				https://carinteriorcleaning.jp/regions/hyogo/shanai-nioi/					Responsive search ad	【{LOCATION(City):兵庫}】出張車内クリーニング	 -	兵庫 車内 カビ臭	 -	最短即日対応！プロの消臭・洗浄	 -	【電話相談】まずはお電話を	 -	見積もり無料	 -	ペット粗相洗浄業者	 -	立会不要で清掃作業で時間も有効	 -	出張車内 クリーニングの専門 店	 -	訪問特化型車内の清掃専門業者	 -	ペットうんちクリーニング	 -	車 シート 汚れ 落とし 方	 -	18000円からシート車内洗浄対応	 -	１シートのみでもOK 圧倒的洗浄	 -	"""軽 自動車 クリーニング"""	 -	兵庫 車内 カビ臭 クリーニング	 -	兵庫で兵庫 車内 カビ臭にお困りなら。専用洗剤とプロの技術で徹底除去。	 -	兵庫 車内 カビ臭は放置すると悪化します。今すぐ専門家へお任せください。	 -	出張費無料で駆けつけます！	 -	使用後は無害になる特殊な洗剤を使用 清掃後は赤ちゃんペットにも無害です。専用の機材を使用	 -	{LOCATION(City):兵庫}清掃出張車	車内臭い														Enabled	Enabled	Enabled	Approved	Good	
426-779-6658	和歌山車	兵庫県＿車内クリーニング																														消臭_湿気カビ																																																				https://carinteriorcleaning.jp/regions/hyogo/shanai-nioi/					Responsive search ad	【{LOCATION(City):兵庫}】出張車内クリーニング	 -	兵庫 湿気 車内 臭い	 -	最短即日対応！プロの消臭・洗浄	 -	【電話相談】まずはお電話を	 -	見積もり無料	 -	"""車 シート クリーニング 業者"""	 -	立会不要で清掃作業で時間も有効	 -	出張車内 クリーニングの専門 店	 -	訪問特化型車内の清掃専門業者	 -	灯油 コーヒーこぼしおまかせ	 -	洗浄後無害になる特殊洗剤を使用	 -	18000円からシート車内洗浄対応	 -	１シートのみでもOK 圧倒的洗浄	 -	"""軽 自動車 クリーニング"""	 -	"""車 灯油 こぼし クリーニング"""	 -	兵庫県で 湿気 車内 の臭いや汚れにお困りなら。専用洗剤とプロの技術で徹底除去。	 -	兵庫 湿気 車内 臭いは放置すると悪化します。今すぐ専門家へお任せください。	 -	出張費無料で駆けつけます！	 -	使用後は無害になる特殊な洗剤を使用 清掃後は赤ちゃんペットにも無害です。専用の機材を使用	 -	{LOCATION(City):兵庫}清掃出張車	車内臭い														Enabled	Enabled	Enabled	Approved	Good	
426-779-6658	和歌山車	兵庫県＿車内クリーニング																														エアコン_エバポレーター																																																				https://carinteriorcleaning.jp/regions/hyogo/evaporator-senjo/					Responsive search ad	【{LOCATION(City):兵庫}】出張車内クリーニング	 -	車 エアコン 臭い 取れない プロ	 -	最短即日対応！プロの消臭・洗浄	 -	【電話相談】まずはお電話を	 -	見積もり無料	 -	"""車 シート クリーニング 業者"""	 -	立会不要で清掃作業で時間も有効	 -	出張車内 クリーニングの専門 店	 -	訪問特化型車内の清掃専門業者	 -	灯油 コーヒーこぼしおまかせ	 -	洗浄後無害になる特殊洗剤を使用	 -	18000円からシート車内洗浄対応	 -	１シートのみでもOK 圧倒的洗浄	 -	"""軽 自動車 クリーニング"""	 -	"""車 灯油 こぼし クリーニング"""	 -	兵庫県で車 エアコン 臭い 取れない お困りなら。専用洗剤とプロの技術で徹底除去。	 -	車 エアコン 臭い 取れない プロ。今すぐ専門家へお任せください。	 -	出張費無料で駆けつけます！	 -	使用後は無害になる特殊な洗剤を使用 清掃後は赤ちゃんペットにも無害です。専用の機材を使用	 -	{LOCATION(City):兵庫}清掃出張車	エバポ洗浄														Enabled	Enabled	Enabled	Approved	Average	
426-779-6658	和歌山車	兵庫県＿車内クリーニング																														エアコン_エバポレーター																																																				https://carinteriorcleaning.jp/regions/hyogo/evaporator-senjo/					Responsive search ad	【{LOCATION(City):兵庫}】出張車内クリーニング	 -	車 エアコン 咳 目が痒い 洗浄	 -	最短即日対応！プロの消臭・洗浄	 -	【電話相談】まずはお電話を	 -	見積もり無料	 -	ペット粗相洗浄業者	 -	立会不要で清掃作業で時間も有効	 -	出張車内 クリーニングの専門 店	 -	訪問特化型車内の清掃専門業者	 -	ペットうんちクリーニング	 -	車 シート 汚れ 落とし 方	 -	18000円からシート車内洗浄対応	 -	１シートのみでもOK 圧倒的洗浄	 -	"""軽 自動車 クリーニング"""	 -	車の エアコン 咳 目が痒い 洗浄	 -	兵庫で車 エアコン 咳 目が痒い 洗浄なら。専用洗剤とプロの技術で徹底除去。	 -	車 エアコン 咳 目が痒い 洗浄します。今すぐ専門家へお任せください。	 -	出張費無料で駆けつけます！	 -	使用後は無害になる特殊な洗剤を使用 清掃後は赤ちゃんペットにも無害です。専用の機材を使用	 -	{LOCATION(City):兵庫}清掃出張車	エバポ洗浄														Enabled	Enabled	Enabled	Approved	Average	
426-779-6658	和歌山車	兵庫県＿車内クリーニング																														エアコン_エバポレーター																																																				https://carinteriorcleaning.jp/regions/hyogo/evaporator-senjo/					Responsive search ad	【{LOCATION(City):兵庫}】出張車エバポレーター	 -	車内エアコンクリーニング	 -	最短即日対応！プロの消臭・洗浄	 -	【電話相談】まずはお電話を	 -	見積もり無料	 -	"""車内エアコンクリーニング業者"""	 -	立会不要で清掃作業で時間も有効	 -	出張車内エバポ清掃専門 店	 -	訪問特化型車内の清掃専門業者	 -	車エアコンクリーニングおまかせ	 -	洗浄後無害になる特殊洗剤を使用	 -	18000円から車内洗浄対応	 -	１シートのみでもOK 圧倒的洗浄	 -	"""軽 自動車 クリーニング"""	 -	"""車 エバポレーター清掃"""	 -	兵庫県で車内エアコンの臭いや汚れにお困りなら。専用洗剤とプロの技術で徹底除去。	 -	車内エアコン臭いは放置すると悪化します。今すぐ専門家へお任せください。	 -	出張費無料で駆けつけます！	 -	使用後は無害になる特殊な洗剤を使用 清掃後は赤ちゃんペットにも無害です。専用の機材を使用	 -	{LOCATION(City):兵庫}清掃出張車	エバポ洗浄														Enabled	Enabled	Enabled	Approved	Excellent	
426-779-6658	和歌山車	兵庫県＿車内クリーニング																														AG_エアコン_エバポ																																																				https://carinteriorcleaning.jp/regions/hyogo/evaporator-senjo/					Responsive search ad	【{LOCATION(City):兵庫}】出張車内クリーニング	 -	兵庫 エアコン 臭い 車	 -	最短即日対応！プロの消臭・洗浄	 -	【電話相談】まずはお電話を	 -	見積もり無料	 -	"""車 シート クリーニング 業者"""	 -	立会不要で清掃作業で時間も有効	 -	出張車内 クリーニングの専門 店	 -	訪問特化型車内の清掃専門業者	 -	灯油 コーヒーこぼしおまかせ	 -	洗浄後無害になる特殊洗剤を使用	 -	18000円からシート車内洗浄対応	 -	１シートのみでもOK 圧倒的洗浄	 -	"""軽 自動車 クリーニング"""	 -	"""車 灯油 こぼし クリーニング"""	 -	兵庫県で車 汗の臭いや汚れにお困りなら。専用洗剤とプロの技術で徹底除去。	 -	車内の車 汗は放置すると悪化します。今すぐ専門家へお任せください。	 -	出張費無料で駆けつけます！	 -	使用後は無害になる特殊な洗剤を使用 清掃後は赤ちゃんペットにも無害です。専用の機材を使用	 -	{LOCATION(City):兵庫}清掃出張車	エバポ洗浄														Enabled	Enabled	Enabled	Approved	Average	
426-779-6658	和歌山車	兵庫県＿車内クリーニング																														AG_エアコン_エバポ																																																				https://carinteriorcleaning.jp/regions/hyogo/evaporator-senjo/					Responsive search ad	【{LOCATION(City):兵庫}】出張車内クリーニング	 -	兵庫 エバポレーター洗浄 出張	 -	最短即日対応！プロの消臭・洗浄	 -	【電話相談】まずはお電話を	 -	見積もり無料	 -	"""車 シート クリーニング 業者"""	 -	立会不要で清掃作業で時間も有効	 -	出張車内 クリーニングの専門 店	 -	訪問特化型車内の清掃専門業者	 -	灯油 コーヒーこぼしおまかせ	 -	洗浄後無害になる特殊洗剤を使用	 -	18000円からシート車内洗浄対応	 -	１シートのみでもOK 圧倒的洗浄	 -	"""軽 自動車 クリーニング"""	 -	兵庫 エバポレーター洗浄 出張車	 -	兵庫県で車内 エバポレーターの臭いや汚れにお困りなら。専用洗剤とプロの技術で徹底除去。	 -	車内 エバポレーターの臭いや汚れは放置すると悪化します。今すぐ専門家へお任せください。	 -	出張費無料で駆けつけます！	 -	使用後は無害になる特殊な洗剤を使用 清掃後は赤ちゃんペットにも無害です。専用の機材を使用	 -	{LOCATION(City):兵庫}清掃出張車	エバポ洗浄														Enabled	Enabled	Enabled	Approved	Average	
426-779-6658	和歌山車	兵庫県＿車内クリーニング																														条件_出張																																																				https://carinteriorcleaning.jp/regions/hyogo/shutchou-senmon/					Responsive search ad	【{LOCATION(City):兵庫}】出張車内クリーニング	 -	出張 車内クリーニング おすすめ	 -	【期間限定】今だけキャンペーン	 -	365日無休24時間受付中LINE対応	 -	{keyword:出張車内清掃}嘔吐（ゲロ）即対応	 -	"""車 シート クリーニング 業者"""	 -	立会不要で清掃作業で時間も有効	 -	出張車内 クリーニングの専門 店	 -	訪問特化型車内の清掃専門業者	 -	灯油 コーヒーこぼしおまかせ	 -	洗浄後無害になる特殊洗剤を使用	 -	18000円からシート車内洗浄対応	 -	１シートのみでもOK 圧倒的洗浄	 -	"""軽 自動車 クリーニング"""	 -	"""車 灯油 こぼし クリーニング"""	 -	{LOCATION(City):兵庫}【地元密着】車内清掃 特急便365日24時間受付中！電話で指定場所まで清掃に出張致します	 -	期間限定キャンペーン有！ 会社のお車を2台以上は、さらに割引 お得な出張車内クリーニング	 -	どこでも出張！ マンションや、会社の駐車場まで出張して、電源無しでも車内清掃のプロが作業	 -	使用後は無害になる特殊な洗剤を使用 清掃後は赤ちゃんペットにも無害です。専用の機材を使用	 -	{LOCATION(City):兵庫}清掃出張車	出張専門														Enabled	Enabled	Enabled	Approved	Excellent	
426-779-6658	和歌山車	兵庫県＿車内クリーニング																														条件_出張																																																				https://carinteriorcleaning.jp/regions/hyogo/shutchou-senmon/					Responsive search ad	【{LOCATION(City):兵庫}】出張車内クリーニング	 -	兵庫 出張 車内清掃 即日	 -	最短即日対応！プロの消臭・洗浄	 -	【電話相談】まずはお電話を	 -	見積もり無料	 -	"""車 シート クリーニング 業者"""	 -	立会不要で清掃作業で時間も有効	 -	出張車内 クリーニングの専門 店	 -	訪問特化型車内の清掃専門業者	 -	灯油 コーヒーこぼしおまかせ	 -	洗浄後無害になる特殊洗剤を使用	 -	18000円からシート車内洗浄対応	 -	１シートのみでもOK 圧倒的洗浄	 -	"""軽 自動車 クリーニング"""	 -	兵庫 出張の車内清掃 即日	 -	兵庫県で 出張 車内清掃 即日 臭いや汚れにお困りなら。専用洗剤とプロの技術で徹底除去。	 -	兵庫 出張 車内清掃 即日します。今すぐ専門家へお任せください。	 -	出張費無料で駆けつけます！	 -	使用後は無害になる特殊な洗剤を使用 清掃後は赤ちゃんペットにも無害です。専用の機材を使用	 -	{LOCATION(City):兵庫}清掃出張車	出張専門														Enabled	Enabled	Enabled	Approved	Average	
426-779-6658	和歌山車	兵庫県＿車内クリーニング																														条件_出張																																																				https://carinteriorcleaning.jp/regions/hyogo/shutchou-senmon/					Responsive search ad	【{LOCATION(City):兵庫}】出張車内クリーニング	 -	兵庫 車内クリーニング 出張	 -	最短即日対応！プロの消臭・洗浄	 -	【電話相談】まずはお電話を	 -	見積もり無料	 -	"""車 シート クリーニング 業者"""	 -	立会不要で清掃作業で時間も有効	 -	出張車内 クリーニングの専門 店	 -	訪問特化型車内の清掃専門業者	 -	灯油 コーヒーこぼしおまかせ	 -	洗浄後無害になる特殊洗剤を使用	 -	18000円からシート車内洗浄対応	 -	１シートのみでもOK 圧倒的洗浄	 -	"""軽 自動車 クリーニング"""	 -	兵庫 車内クリーニング 出張対応	 -	兵庫県で 車内クリーニング 出張なら。専用洗剤とプロの技術で徹底除去。	 -	兵庫 車内クリーニング 出張します。今すぐ専門家へお任せください。	 -	出張費無料で駆けつけます！	 -	使用後は無害になる特殊な洗剤を使用 清掃後は赤ちゃんペットにも無害です。専用の機材を使用	 -	{LOCATION(City):兵庫}清掃出張車	出張専門														Enabled	Enabled	Enabled	Approved	Average	
426-779-6658	和歌山車	福岡県＿車内クリーニング																														int福岡_通常清掃	95																																										車 嘔吐 クリーニング 業者	Phrase	82				 -	 -	 -																																																												Enabled	Enabled	Removed	Approved		MOVE_TO:車 嘔吐 クリーニング
426-779-6658	和歌山車	福岡県＿車内クリーニング																														int福岡_通常清掃	95																																										車内 クリーニング 嘔吐 福岡	Phrase	85				 -	 -	 -	https://carinteriorcleaning.jp/regions/fukuoka/interior-cleaning/																																																											Enabled	Enabled	Removed	Approved		MOVE_TO:車 嘔吐 クリーニング
426-779-6658	和歌山車	福岡県＿車内クリーニング																														int福岡_通常清掃	95																																										車内 クリーニング 嘔吐	Phrase	138				 -	 -	 -																																																												Enabled	Enabled	Removed	Approved		MOVE_TO:車 嘔吐 クリーニング
426-779-6658	和歌山車	福岡県＿車内クリーニング																														int福岡_通常清掃	95																																										車 ゲロ クリーニング	Phrase	137				 -	 -	 -																																																												Enabled	Enabled	Removed	Approved		MOVE_TO:車 嘔吐 クリーニング
426-779-6658	和歌山車	福岡県＿車内クリーニング																														int福岡_通常清掃	95																																										車 嘔吐 臭い 取れ ない	Phrase	117				 -	 -	 -																																																												Enabled	Enabled	Removed	Approved		MOVE_TO:車 嘔吐 クリーニング
426-779-6658	和歌山車	福岡県＿車内クリーニング																														int福岡_通常清掃	95																																										ゲロ 臭い 消し 車	Phrase	212				 -	 -	 -																																																												Enabled	Enabled	Removed	Approved		MOVE_TO:車 嘔吐 クリーニング
426-779-6658	和歌山車	福岡県＿車内クリーニング																														int福岡_通常清掃	95																																										シート ベルト 嘔吐 臭い	Phrase	227	614	614		 -	 -	 -	https://carinteriorcleaning.jp/regions/fukuoka/shutchou-senmon/																																																											Enabled	Enabled	Removed	Approved		MOVE_TO:車 嘔吐 クリーニング
426-779-6658	和歌山車	福岡県＿車内クリーニング																														int福岡_通常清掃	95																																										車内 清掃 プロ	Phrase	129	446	446		 -	 -	 -	https://carinteriorcleaning.jp/regions/fukuoka/interior-cleaning/																																																											Enabled	Enabled	Enabled	Approved		
426-779-6658	和歌山車	福岡県＿車内クリーニング																														int福岡_通常清掃	95																																										車内 クリーニング 嘔吐 どこに 頼む	Phrase	142				 -	 -	 -																																																												Enabled	Enabled	Removed	Approved		MOVE_TO:車 嘔吐 クリーニング
426-779-6658	和歌山車	福岡県＿車内クリーニング																														int福岡_通常清掃	95																																										車 吐瀉 物 掃除	Phrase	668				 -	 -	 -																																																												Enabled	Enabled	Removed	Approved		MOVE_TO:車 嘔吐 クリーニング
426-779-6658	和歌山車	福岡県＿車内クリーニング																														int福岡_通常清掃	95																																										車内 ゲロ クリーニング	Phrase	223				 -	 -	 -																																																												Enabled	Enabled	Removed	Approved		MOVE_TO:車 嘔吐 クリーニング
426-779-6658	和歌山車	福岡県＿車内クリーニング																														int福岡_通常清掃	95																																										車内 嘔吐	Phrase	181				 -	 -	 -																																																												Enabled	Enabled	Removed	Approved		MOVE_TO:車 嘔吐 クリーニング
426-779-6658	和歌山車	福岡県＿車内クリーニング																														int福岡_通常清掃	95																																										車内 クリーニング 専門 業者	Phrase	98	130	154	5	Below average	Above average	Below average	https://carinteriorcleaning.jp/regions/fukuoka/interior-cleaning/																																																											Enabled	Enabled	Enabled	Approved		
426-779-6658	和歌山車	福岡県＿車内クリーニング																														int福岡_通常清掃	95																																										車内 ゲロ 掃除	Phrase	157				 -	 -	 -																																																												Enabled	Enabled	Removed	Approved		MOVE_TO:車 嘔吐 クリーニング
426-779-6658	和歌山車	福岡県＿車内クリーニング																														int福岡_通常清掃	95																																										車 クリーニング 嘔吐	Phrase	148				 -	 -	 -																																																												Enabled	Enabled	Removed	Approved		MOVE_TO:車 嘔吐 クリーニング
426-779-6658	和歌山車	福岡県＿車内クリーニング																														int福岡_通常清掃	95																																										車 嘔吐 クリーニング	Phrase	114				 -	 -	 -																																																												Enabled	Enabled	Removed	Approved		MOVE_TO:車 嘔吐 クリーニング
426-779-6658	和歌山車	福岡県＿車内クリーニング																														int福岡_通常清掃	95																																										シート ベルト 嘔吐 掃除	Phrase	297				 -	 -	 -																																																												Enabled	Enabled	Removed	Approved		MOVE_TO:車 嘔吐 クリーニング
426-779-6658	和歌山車	福岡県＿車内クリーニング																														int福岡_通常清掃	95																																										車 ゲロ 掃除	Phrase	193				 -	 -	 -																																																												Enabled	Enabled	Removed	Approved		MOVE_TO:車 嘔吐 クリーニング
426-779-6658	和歌山車	福岡県＿車内クリーニング																														int福岡_通常清掃	95																																										車内 クリーニング 専門 店 福岡	Broad	154	273	341	6	Average	Average	Average	https://carinteriorcleaning.jp/regions/fukuoka/interior-cleaning/																																																											Enabled	Enabled	Enabled	Approved		
426-779-6658	和歌山車	福岡県＿車内クリーニング																														int福岡_通常清掃	95																																										車内 嘔吐 臭い 消し	Phrase	341	341	341	3	Average	Below average	Below average																																																												Enabled	Enabled	Removed	Approved		MOVE_TO:車 嘔吐 クリーニング
426-779-6658	和歌山車	福岡県＿車内クリーニング																														int福岡_通常清掃	95																																										車内 吐い た 掃除	Phrase	171	273	273		 -	 -	 -																																																												Enabled	Enabled	Removed	Approved		MOVE_TO:車 嘔吐 クリーニング
426-779-6658	和歌山車	福岡県＿車内クリーニング																														int福岡_通常清掃																																																				https://carinteriorcleaning.jp/regions/fukuoka/interior-cleaning/					Responsive search ad	【{LOCATION(City):福岡}】出張車内クリーニング	 -	【92%満足】出張車内清掃	 -	【期間限定】今だけキャンペーン	 -	365日無休24時間受付中LINE対応	 -	{keyword:出張車内清掃}嘔吐（ゲロ）即対応	 -	"""車 シート クリーニング 業者"""	 -	立会不要で清掃作業で時間も有効	 -	出張車内 クリーニングの専門 店	 -	訪問特化型車内の清掃専門業者	 -	灯油 コーヒーこぼしおまかせ	 -	洗浄後無害になる特殊洗剤を使用	 -	18000円からシート車内洗浄対応	 -	１シートのみでもOK 圧倒的洗浄	 -	"""軽 自動車 クリーニング"""	 -	"""車 灯油 こぼし クリーニング"""	 -	{LOCATION(City):福岡}【地元密着】車内清掃 特急便365日24時間受付中！電話で指定場所まで清掃に出張致します	 -	期間限定キャンペーン有！ 会社のお車を2台以上は、さらに割引 お得な出張車内クリーニング	 -	どこでも出張！ マンションや、会社の駐車場まで出張して、電源無しでも車内清掃のプロが作業	 -	使用後は無害になる特殊な洗剤を使用 清掃後は赤ちゃんペットにも無害です。専用の機材を使用	 -	{LOCATION(City):福岡}清掃出張車	車内清掃														Enabled	Enabled	Enabled	Approved	Excellent	
426-779-6658	和歌山車	福岡県＿車内クリーニング																														車内の臭い																																																				https://carinteriorcleaning.jp/regions/fukuoka/shanai-nioi/					Responsive search ad	【{LOCATION(City):福岡}】出張車内クリーニング	 -	福岡の車内の臭いクリーニング	 -	最短即日対応！プロの消臭・洗浄	 -	【電話相談】まずはお電話を	 -	見積もり無料	 -	"""車 シート クリーニング 業者"""	 -	立会不要で清掃作業で時間も有効	 -	出張車内 クリーニングの専門 店	 -	訪問特化型車内の清掃専門業者	 -	灯油 コーヒーこぼしおまかせ	 -	洗浄後無害になる特殊洗剤を使用	 -	18000円からシート車内洗浄対応	 -	１シートのみでもOK 圧倒的洗浄	 -	"""軽 自動車 クリーニング"""	 -	福岡車内の臭い出張クリーニング	 -	福岡県で車内の臭いの臭いや汚れにお困りなら。専用洗剤とプロの技術で徹底除去。	 -	車内の車内の臭いは放置すると悪化します。今すぐ専門家へお任せください。	 -	出張費無料で駆けつけます！	 -	使用後は無害になる特殊な洗剤を使用 清掃後は赤ちゃんペットにも無害です。専用の機材を使用	 -	{LOCATION(City):福岡}清掃出張車	車内臭い														Enabled	Enabled	Enabled	Approved	Excellent	
426-779-6658	和歌山車	福岡県＿車内クリーニング																														車　 汗																																										None	"嘔吐""""灯油""""エアコン"	Negative Phrase																																																																			Enabled	Enabled	Removed			SPLIT_TO:嘔吐/灯油/エアコン
426-779-6658	和歌山車	福岡県＿車内クリーニング																														車　 汗																																																				https://carinteriorcleaning.jp/regions/fukuoka/ase/					Responsive search ad	【{LOCATION(City):福岡}】出張車内クリーニング	 -	福岡の車 汗クリーニング	 -	最短即日対応！プロの消臭・洗浄	 -	【電話相談】まずはお電話を	 -	見積もり無料	 -	"""車 シート クリーニング 業者"""	 -	立会不要で清掃作業で時間も有効	 -	出張車内 クリーニングの専門 店	 -	訪問特化型車内の清掃専門業者	 -	灯油 コーヒーこぼしおまかせ	 -	洗浄後無害になる特殊洗剤を使用	 -	18000円からシート車内洗浄対応	 -	１シートのみでもOK 圧倒的洗浄	 -	"""軽 自動車 クリーニング"""	 -	福岡の車 汗出張クリーニング	 -	福岡県で車 汗の臭いや汚れにお困りなら。専用洗剤とプロの技術で徹底除去。	 -	車内の車 汗は放置すると悪化します。今すぐ専門家へお任せください。	 -	出張費無料で駆けつけます！	 -	使用後は無害になる特殊な洗剤を使用 清掃後は赤ちゃんペットにも無害です。専用の機材を使用	 -	{LOCATION(City):福岡}清掃出張車	汗ニオイ清掃														Enabled	Enabled	Enabled	Approved	Excellent	
426-779-6658	和歌山車	福岡県＿車内クリーニング																														中古車タバコ臭																																																				https://carinteriorcleaning.jp/regions/fukuoka/chuko-tabako/					Responsive search ad	【{LOCATION(City):福岡}】出張車内クリーニング	 -	中古車タバコ臭クリーニング	 -	最短即日対応！プロの消臭・洗浄	 -	【電話相談】まずはお電話を	 -	見積もり無料	 -	"""車 シート クリーニング 業者"""	 -	立会不要で清掃作業で時間も有効	 -	出張車内 クリーニングの専門 店	 -	訪問特化型車内の清掃専門業者	 -	灯油 コーヒーこぼしおまかせ	 -	洗浄後無害になる特殊洗剤を使用	 -	18000円からシート車内洗浄対応	 -	１シートのみでもOK 圧倒的洗浄	 -	"""軽 自動車 クリーニング"""	 -	中古車タバコ臭出張クリーニング	 -	福岡県で中古車タバコ臭の臭いや汚れにお困りなら。専用洗剤とプロの技術で徹底除去。	 -	車内の中古車タバコ臭は放置すると悪化します。今すぐ専門家へお任せください。	 -	出張費無料で駆けつけます！	 -	使用後は無害になる特殊な洗剤を使用 清掃後は赤ちゃんペットにも無害です。専用の機材を使用	 -	{LOCATION(City):福岡}清掃出張車	タバコ臭清掃														Enabled	Enabled	Enabled	Approved	Excellent	
426-779-6658	和歌山車	福岡県＿車内クリーニング																														中古車加齢臭																																																				https://carinteriorcleaning.jp/regions/fukuoka/chuko-kareisyu/					Responsive search ad	【{LOCATION(City):福岡}】出張車内クリーニング	 -	中古車加齢臭クリーニング	 -	最短即日対応！プロの消臭・洗浄	 -	【電話相談】まずはお電話を	 -	見積もり無料	 -	"""車 シート クリーニング 業者"""	 -	立会不要で清掃作業で時間も有効	 -	出張車内 クリーニングの専門 店	 -	訪問特化型車内の清掃専門業者	 -	灯油 コーヒーこぼしおまかせ	 -	洗浄後無害になる特殊洗剤を使用	 -	18000円からシート車内洗浄対応	 -	１シートのみでもOK 圧倒的洗浄	 -	"""軽 自動車 クリーニング"""	 -	中古車加齢臭出張クリーニング	 -	福岡県で中古車加齢臭の臭いや汚れにお困りなら。専用洗剤とプロの技術で徹底除去。	 -	車内の中古車加齢臭は放置すると悪化します。今すぐ専門家へお任せください。	 -	出張費無料で駆けつけます！	 -	使用後は無害になる特殊な洗剤を使用 清掃後は赤ちゃんペットにも無害です。専用の機材を使用	 -	{LOCATION(City):福岡}清掃出張車	加齢臭消臭														Enabled	Enabled	Enabled	Approved	Excellent	
426-779-6658	和歌山車	福岡県＿車内クリーニング																														車ペット毛																																																				https://carinteriorcleaning.jp/regions/fukuoka/pet-ke/					Responsive search ad	【{LOCATION(City):福岡}】出張車内クリーニング	 -	福岡府の車ペット毛クリーニング	 -	最短即日対応！プロの消臭・洗浄	 -	【電話相談】まずはお電話を	 -	見積もり無料	 -	"""車 シート クリーニング 業者"""	 -	立会不要で清掃作業で時間も有効	 -	出張車内 クリーニングの専門 店	 -	訪問特化型車内の清掃専門業者	 -	灯油 コーヒーこぼしおまかせ	 -	洗浄後無害になる特殊洗剤を使用	 -	18000円からシート車内洗浄対応	 -	１シートのみでもOK 圧倒的洗浄	 -	"""軽 自動車 クリーニング"""	 -	"""車 灯油 こぼし クリーニング"""	 -	福岡県で車ペット毛の臭いや汚れにお困りなら。専用洗剤とプロの技術で徹底除去。	 -	車内の車ペット毛は放置すると悪化します。今すぐ専門家へお任せください。	 -	出張費無料で駆けつけます！	 -	使用後は無害になる特殊な洗剤を使用 清掃後は赤ちゃんペットにも無害です。専用の機材を使用	 -	{LOCATION(City):福岡}清掃出張車	ペット毛清掃														Enabled	Enabled	Enabled	Approved	Excellent	
426-779-6658	和歌山車	福岡県＿車内クリーニング																														車 嘔吐 クリーニング																																																				https://carinteriorcleaning.jp/regions/fukuoka/kyuto-cleaning/					Responsive search ad	【{LOCATION(City):福岡}】出張車内クリーニング	 -	車 嘔吐 クリーニング	 -	最短即日対応！プロの消臭・洗浄	 -	【電話相談】まずはお電話を	 -	見積もり無料	 -	"""車 シート クリーニング 業者"""	 -	立会不要で清掃作業で時間も有効	 -	出張車内 クリーニングの専門 店	 -	訪問特化型車内の清掃専門業者	 -	灯油 コーヒーこぼしおまかせ	 -	車 シート 汚れ 落とし 方	 -	18000円からシート車内洗浄対応	 -	１シートのみでもOK 圧倒的洗浄	 -	"""軽 自動車 クリーニング"""	 -	出張専門 車 嘔吐 クリーニング	 -	福岡県で車 嘔吐 クリーニングなら。専用洗剤とプロの技術で徹底除去。	 -	車 嘔吐 クリーニングします。今すぐ専門家へお任せください。	 -	出張費無料で駆けつけます！	 -	使用後は無害になる特殊な洗剤を使用 清掃後は赤ちゃんペットにも無害です。専用の機材を使用	 -	{LOCATION(City):福岡}清掃出張車	嘔吐ニオイ清掃														Enabled	Enabled	Enabled	Approved	Excellent	
426-779-6658	和歌山車	福岡県＿車内クリーニング																														車 匂い 消し・消臭洗浄																																																				https://carinteriorcleaning.jp/regions/fukuoka/kuruma-nioi-keshi/					Responsive search ad	【{LOCATION(City):福岡}】出張車内クリーニング	 -	車 匂い 消し・消臭洗浄	 -	最短即日対応！プロの消臭・洗浄	 -	【電話相談】まずはお電話を	 -	見積もり無料	 -	"""車 匂い 消し消臭洗浄 業者"""	 -	立会不要で清掃作業で時間も有効	 -	車 匂い 消し消臭洗浄の専門 店	 -	訪問特化型車内の清掃専門業者	 -	灯油 コーヒーこぼしもおまかせ	 -	車 シート 汚れ 落とし	 -	18000円からシート車内洗浄対応	 -	１シートのみでもOK 圧倒的洗浄	 -	"""軽 自動車 クリーニング"""	 -	車 匂い 消し・消臭出張洗浄	 -	福岡県で車 匂い 消し・消臭洗浄なら。専用洗剤とプロの技術で徹底除去。	 -	車 匂い 消し・消臭洗浄します。今すぐ専門家へお任せください。	 -	出張費無料で駆けつけます！	 -	使用後は無害になる特殊な洗剤を使用 清掃後は赤ちゃんペットにも無害です。専用の機材を使用	 -	{LOCATION(City):福岡}清掃出張車	匂い消し														Enabled	Enabled	Enabled	Approved	Excellent	
426-779-6658	和歌山車	福岡県＿車内クリーニング																														車　 おもらし																																										None	"嘔吐""""灯油""""エアコン"	Negative Phrase																																																																			Enabled	Enabled	Removed			SPLIT_TO:嘔吐/灯油/エアコン
426-779-6658	和歌山車	福岡県＿車内クリーニング																														車　 おもらし	95																																										車 おもらし	Phrase	614	614	614		 -	 -	 -	https://carinteriorcleaning.jp/regions/fukuoka/omorashi/																																																											Enabled	Enabled	Enabled	Approved		
426-779-6658	和歌山車	福岡県＿車内クリーニング																														車　 おもらし																																																				https://carinteriorcleaning.jp/regions/fukuoka/omorashi/					Responsive search ad	【{LOCATION(City):福岡}】出張車内クリーニング	 -	福岡の車 おもらしくリーニング	 -	最短即日対応！プロの消臭・洗浄	 -	【電話相談】まずはお電話を	 -	見積もり無料	 -	"""車 シート クリーニング 業者"""	 -	立会不要で清掃作業で時間も有効	 -	出張車内 クリーニングの専門 店	 -	訪問特化型車内の清掃専門業者	 -	灯油 コーヒーこぼしおまかせ	 -	洗浄後無害になる特殊洗剤を使用	 -	18000円からシート車内洗浄対応	 -	１シートのみでもOK 圧倒的洗浄	 -	"""軽 自動車 クリーニング"""	 -	車おもらし出張車内クリーニング	 -	福岡県で車 おもらしの臭いや汚れにお困りなら。専用洗剤とプロの技術で徹底除去。	 -	車内の車 おもらしは放置すると悪化します。今すぐ専門家へお任せください。	 -	出張費無料で駆けつけます！	 -	使用後は無害になる特殊な洗剤を使用 清掃後は赤ちゃんペットにも無害です。専用の機材を使用	 -	{LOCATION(City):福岡}清掃出張車	おもらし清掃														Enabled	Enabled	Enabled	Approved	Excellent	
426-779-6658	和歌山車	福岡県＿車内クリーニング																														車　 エアコン臭い																																																				https://carinteriorcleaning.jp/regions/fukuoka/ac-nioi/					Responsive search ad	【{LOCATION(City):福岡}】出張車内クリーニング	 -	車 エアコン臭いクリーニング	 -	最短即日対応！プロの消臭・洗浄	 -	【電話相談】まずはお電話を	 -	見積もり無料	 -	"""車 シート クリーニング 業者"""	 -	立会不要で清掃作業で時間も有効	 -	出張車内 クリーニングの専門 店	 -	訪問特化型車内の清掃専門業者	 -	灯油 コーヒーこぼしおまかせ	 -	洗浄後無害になる特殊洗剤を使用	 -	18000円からシート車内洗浄対応	 -	１シートのみでもOK 圧倒的洗浄	 -	"""軽 自動車 クリーニング"""	 -	車 エアコン臭出張クリーニング	 -	福岡県で車 エアコン臭いの臭いや汚れにお困りなら。専用洗剤とプロの技術で徹底除去。	 -	車内の車 エアコン臭いは放置すると悪化します。今すぐ専門家へお任せください。	 -	出張費無料で駆けつけます！	 -	使用後は無害になる特殊な洗剤を使用 清掃後は赤ちゃんペットにも無害です。専用の機材を使用	 -	{LOCATION(City):福岡}清掃出張車	エアコン臭い														Enabled	Enabled	Enabled	Approved	Excellent	
426-779-6658	和歌山車	福岡県＿車内クリーニング																														車　加齢臭																																																				https://carinteriorcleaning.jp/regions/fukuoka/kareisyu/					Responsive search ad	【{LOCATION(City):福岡}】出張車内クリーニング	 -	福岡の車 加齢臭クリーニング	 -	最短即日対応！プロの消臭・洗浄	 -	【電話相談】まずはお電話を	 -	見積もり無料	 -	"""車 シート クリーニング 業者"""	 -	立会不要で清掃作業で時間も有効	 -	出張車内 クリーニングの専門 店	 -	訪問特化型車内の清掃専門業者	 -	灯油 コーヒーこぼしおまかせ	 -	洗浄後無害になる特殊洗剤を使用	 -	18000円からシート車内洗浄対応	 -	１シートのみでもOK 圧倒的洗浄	 -	"""軽 自動車 クリーニング"""	 -	"""車 灯油 こぼし クリーニング"""	 -	福岡県で車加齢臭の臭いや汚れにお困りなら。専用洗剤とプロの技術で徹底除去。	 -	車内の車 加齢臭は放置すると悪化します。今すぐ専門家へお任せください。	 -	出張費無料で駆けつけます！	 -	使用後は無害になる特殊な洗剤を使用 清掃後は赤ちゃんペットにも無害です。専用の機材を使用	 -	{LOCATION(City):福岡}清掃出張車	加齢臭消臭														Enabled	Enabled	Enabled	Approved	Excellent	
426-779-6658	和歌山車	福岡県＿車内クリーニング																														車　 ペット臭																																																				https://carinteriorcleaning.jp/regions/fukuoka/pet-nioi/					Responsive search ad	【{LOCATION(City):福岡}】出張車内クリーニング	 -	福岡の車 ペット臭クリーニング	 -	最短即日対応！プロの消臭・洗浄	 -	【電話相談】まずはお電話を	 -	見積もり無料	 -	"""車 シート クリーニング 業者"""	 -	立会不要で清掃作業で時間も有効	 -	出張車内 クリーニングの専門 店	 -	訪問特化型車内の清掃専門業者	 -	灯油 コーヒーこぼしおまかせ	 -	洗浄後無害になる特殊洗剤を使用	 -	18000円からシート車内洗浄対応	 -	１シートのみでもOK 圧倒的洗浄	 -	"""軽 自動車 クリーニング"""	 -	福岡車ペット臭出張クリーニング	 -	福岡県で車 ペットの臭いや汚れにお困りなら。専用洗剤とプロの技術で徹底除去。	 -	車内の車 ペット臭は放置すると悪化します。今すぐ専門家へお任せください。	 -	出張費無料で駆けつけます！	 -	使用後は無害になる特殊な洗剤を使用 清掃後は赤ちゃんペットにも無害です。専用の機材を使用	 -	{LOCATION(City):福岡}清掃出張車	ペット臭消臭														Enabled	Enabled	Enabled	Approved	Excellent	
426-779-6658	和歌山車	福岡県＿車内クリーニング																														車シート 洗浄																																																				https://carinteriorcleaning.jp/regions/fukuoka/seat-senjo/					Responsive search ad	【{LOCATION(City):福岡}】出張車内クリーニング	 -	福岡車シート 洗浄クリーニング	 -	最短即日対応！プロの消臭・洗浄	 -	【電話相談】まずはお電話を	 -	見積もり無料	 -	"""車 シート クリーニング 業者"""	 -	立会不要で清掃作業で時間も有効	 -	出張車内 クリーニングの専門 店	 -	訪問特化型車内の清掃専門業者	 -	灯油 コーヒーこぼしおまかせ	 -	洗浄後無害になる特殊洗剤を使用	 -	18000円からシート車内洗浄対応	 -	１シートのみでもOK 圧倒的洗浄	 -	"""軽 自動車 クリーニング"""	 -	福岡車シート出張クリーニング	 -	福岡県で車シート 洗浄の臭いや汚れにお困りなら。専用洗剤とプロの技術で徹底除去。	 -	車内の車シート 洗浄します。今すぐ専門家へお任せください。	 -	出張費無料で駆けつけます！	 -	使用後は無害になる特殊な洗剤を使用 清掃後は赤ちゃんペットにも無害です。専用の機材を使用	 -	{LOCATION(City):福岡}清掃出張車	シート洗浄														Enabled	Enabled	Enabled	Approved	Excellent	
426-779-6658	和歌山車	福岡県＿車内クリーニング																														車シート クリーニング																																										None	"嘔吐""""灯油""""エアコン"	Negative Phrase																																																																			Enabled	Enabled	Removed			SPLIT_TO:嘔吐/灯油/エアコン
426-779-6658	和歌山車	福岡県＿車内クリーニング																														車シート クリーニング																																																				https://carinteriorcleaning.jp/regions/fukuoka/seat-cleaning/					Responsive search ad	【{LOCATION(City):福岡}】出張車内クリーニング	 -	福岡車シート クリーニング	 -	最短即日対応！プロの消臭・洗浄	 -	【電話相談】まずはお電話を	 -	見積もり無料	 -	"""車 シート クリーニング 業者"""	 -	立会不要で清掃作業で時間も有効	 -	出張車内 クリーニングの専門 店	 -	訪問特化型車内の清掃専門業者	 -	灯油 コーヒーこぼしおまかせ	 -	洗浄後無害になる特殊洗剤を使用	 -	18000円からシート車内洗浄対応	 -	１シートのみでもOK 圧倒的洗浄	 -	"""軽 自動車 クリーニング"""	 -	車臭い汚れシートクリーニング	 -	福岡県で車シート クリーニングの臭いや汚れにお困りなら。専用洗剤とプロの技術で徹底除去。	 -	車内の車シート クリーニングは放置すると悪化します。今すぐ専門家へお任せください。	 -	出張費無料で駆けつけます！	 -	使用後は無害になる特殊な洗剤を使用 清掃後は赤ちゃんペットにも無害です。専用の機材を使用	 -	{LOCATION(City):福岡}清掃出張車	シート清掃														Enabled	Enabled	Enabled	Approved	Excellent	
426-779-6658	和歌山車	福岡県＿車内クリーニング																														車　 おしっこ																																																				https://carinteriorcleaning.jp/regions/fukuoka/oshikko/					Responsive search ad	【{LOCATION(City):福岡}】出張車内クリーニング	 -	福岡の車 おしっこクリーニング	 -	最短即日対応！プロの消臭・洗浄	 -	【電話相談】まずはお電話を	 -	見積もり無料	 -	"""車 シート クリーニング 業者"""	 -	立会不要で清掃作業で時間も有効	 -	出張車内 クリーニングの専門 店	 -	訪問特化型車内の清掃専門業者	 -	灯油 コーヒーこぼしおまかせ	 -	洗浄後無害になる特殊洗剤を使用	 -	18000円からシート車内洗浄対応	 -	１シートのみでもOK 圧倒的洗浄	 -	"""軽 自動車 クリーニング"""	 -	福岡車おしっこ出張クリーニング	 -	福岡県で車 おしっこの臭いや汚れにお困りなら。専用洗剤とプロの技術で徹底除去。	 -	車内の車 おしっこは放置すると悪化します。今すぐ専門家へお任せください。	 -	出張費無料で駆けつけます！	 -	使用後は無害になる特殊な洗剤を使用 清掃後は赤ちゃんペットにも無害です。専用の機材を使用	 -	{LOCATION(City):福岡}清掃出張車	おしっこ消臭														Enabled	Enabled	Enabled	Approved	Excellent	
426-779-6658	和歌山車	福岡県＿車内クリーニング																														車　 うんこ																																																				https://carinteriorcleaning.jp/regions/fukuoka/unko/					Responsive search ad	【{LOCATION(City):福岡}】出張車内クリーニング	 -	福岡の車 うんこクリーニング	 -	最短即日対応！プロの消臭・洗浄	 -	【電話相談】まずはお電話を	 -	見積もり無料	 -	"""車 シート クリーニング 業者"""	 -	立会不要で清掃作業で時間も有効	 -	出張車内 クリーニングの専門 店	 -	訪問特化型車内の清掃専門業者	 -	灯油 コーヒーこぼしおまかせ	 -	洗浄後無害になる特殊洗剤を使用	 -	18000円からシート車内洗浄対応	 -	１シートのみでもOK 圧倒的洗浄	 -	"""軽 自動車 クリーニング"""	 -	福岡の車うんこ出張クリーニング	 -	福岡県の車 うんこの臭いや汚れにお困りなら。専用洗剤とプロの技術で徹底除去。	 -	車内の車 うんこは放置すると悪化します。今すぐ専門家へお任せください。	 -	出張費無料で駆けつけます！	 -	使用後は無害になる特殊な洗剤を使用 清掃後は赤ちゃんペットにも無害です。専用の機材を使用	 -	{LOCATION(City):福岡}清掃出張車	うんこ清掃														Enabled	Enabled	Enabled	Approved	Average	
426-779-6658	和歌山車	福岡県＿車内クリーニング																														車の匂い取り																																										None	"嘔吐""""灯油""""エアコン"	Negative Phrase																																																																			Enabled	Enabled	Removed			SPLIT_TO:嘔吐/灯油/エアコン
426-779-6658	和歌山車	福岡県＿車内クリーニング																														車の匂い取り																																																				https://carinteriorcleaning.jp/regions/fukuoka/kuruma-nioitori/					Responsive search ad	【{LOCATION(City):福岡}】出張車内クリーニング	 -	福岡の車の匂い取りクリーニング	 -	最短即日対応！プロの消臭・洗浄	 -	【電話相談】まずはお電話を	 -	見積もり無料	 -	"""車 シート クリーニング 業者"""	 -	立会不要で清掃作業で時間も有効	 -	出張車内 クリーニングの専門 店	 -	訪問特化型車内の清掃専門業者	 -	灯油 コーヒーこぼしおまかせ	 -	洗浄後無害になる特殊洗剤を使用	 -	18000円からシート車内洗浄対応	 -	１シートのみでもOK 圧倒的洗浄	 -	"""軽 自動車 クリーニング"""	 -	福岡で車の匂い取りクリーニング	 -	福岡県で車の匂い取りの臭いや汚れにお困りなら。専用洗剤とプロの技術で徹底除去。	 -	車内の車の匂い取りは放置すると悪化します。今すぐ専門家へお任せください。	 -	出張費無料で駆けつけます！	 -	使用後は無害になる特殊な洗剤を使用 清掃後は赤ちゃんペットにも無害です。専用の機材を使用	 -	{LOCATION(City):福岡}清掃出張車	匂い取り														Enabled	Enabled	Enabled	Approved	Excellent	
426-779-6658	和歌山車	福岡県＿車内クリーニング																														車　 タバコの匂い汚れ・タバコのヤニ																																																				https://carinteriorcleaning.jp/regions/fukuoka/tabako-yani/					Responsive search ad	【{LOCATION(City):福岡}】出張車内クリーニング	 -	車 タバコ匂い汚れクリーニング	 -	最短即日対応！プロの消臭・洗浄	 -	【電話相談】まずはお電話を	 -	見積もり無料	 -	"""車 シート クリーニング 業者"""	 -	立会不要で清掃作業で時間も有効	 -	出張車内 クリーニングの専門 店	 -	訪問特化型車内の清掃専門業者	 -	灯油 コーヒーこぼしおまかせ	 -	洗浄後無害になる特殊洗剤を使用	 -	18000円からシート車内洗浄対応	 -	１シートのみでもOK 圧倒的洗浄	 -	"""軽 自動車 クリーニング"""	 -	車タバコ臭汚れ出張クリーニング	 -	福岡県で車 タバコの匂い汚れにお困りなら。専用洗剤とプロの技術で徹底除去。	 -	車内の車 タバコの匂い汚れは放置すると悪化します。今すぐ専門家へお任せください。	 -	出張費無料で駆けつけます！	 -	使用後は無害になる特殊な洗剤を使用 清掃後は赤ちゃんペットにも無害です。専用の機材を使用	 -	{LOCATION(City):福岡}清掃出張車	タバコヤニ清掃														Enabled	Enabled	Enabled	Approved	Good	
426-779-6658	和歌山車	福岡県＿車内クリーニング																														車内 灯油 こぼし																																																				https://carinteriorcleaning.jp/regions/fukuoka/touyu-kobosi/					Responsive search ad	【{LOCATION(City):福岡}】出張車内クリーニング	 -	車内 灯油 こぼしクリーニング	 -	最短即日対応！プロの消臭・洗浄	 -	【電話相談】まずはお電話を	 -	見積もり無料	 -	"""車 シート クリーニング 業者"""	 -	立会不要で清掃作業で時間も有効	 -	出張車内 クリーニングの専門 店	 -	訪問特化型車内の清掃専門業者	 -	灯油 コーヒーこぼしおまかせ	 -	洗浄後無害になる特殊洗剤を使用	 -	18000円からシート車内洗浄対応	 -	１シートのみでもOK 圧倒的洗浄	 -	"""軽 自動車 クリーニング"""	 -	"""車 灯油 こぼし クリーニング"""	 -	福岡県で車内 灯油 こぼしの臭いや汚れにお困りなら。専用洗剤とプロの技術で徹底除去。	 -	車内の車内 灯油 こぼしは放置すると悪化します。今すぐ専門家へお任せください。	 -	出張費無料で駆けつけます！	 -	使用後は無害になる特殊な洗剤を使用 清掃後は赤ちゃんペットにも無害です。専用の機材を使用	 -	{LOCATION(City):福岡}清掃出張車	灯油清掃														Enabled	Enabled	Enabled	Approved	Excellent	
426-779-6658	和歌山車	福岡県＿車内クリーニング																														AG_緊急_嘔吐																																																				https://carinteriorcleaning.jp/regions/fukuoka/vomit-cleaning/					Responsive search ad	【{LOCATION(City):福岡}】出張車内クリーニング	 -	車 ゲロ 消臭	 -	最短即日対応！プロの消臭・洗浄	 -	【電話相談】まずはお電話を	 -	見積もり無料	 -	ペット粗相洗浄業者	 -	立会不要で清掃作業で時間も有効	 -	出張車内 クリーニングの専門 店	 -	訪問特化型車内の清掃専門業者	 -	ペットうんちクリーニング	 -	車 シート 汚れ 落とし 方	 -	18000円からシート車内洗浄対応	 -	１シートのみでもOK 圧倒的洗浄	 -	"""軽 自動車 クリーニング"""	 -	車 ゲロ 消臭 即日クリーニング	 -	福岡で車 ゲロ 消臭 即日なら。専用洗剤とプロの技術で徹底除去。	 -	車 ゲロ 消臭 即日します。今すぐ専門家へお任せください。	 -	出張費無料で駆けつけます！	 -	使用後は無害になる特殊な洗剤を使用 清掃後は赤ちゃんペットにも無害です。専用の機材を使用	 -	{LOCATION(City):福岡}清掃出張車	嘔吐ニオイ清掃														Enabled	Enabled	Enabled	Approved	Average	
426-779-6658	和歌山車	福岡県＿車内クリーニング																														AG_緊急_灯油																																																				https://carinteriorcleaning.jp/regions/fukuoka/touyu-kobosi/					Responsive search ad	【{LOCATION(City):福岡}】出張車内クリーニング	 -	車 灯油 こぼし 出張	 -	最短即日対応！プロの消臭・洗浄	 -	【電話相談】まずはお電話を	 -	見積もり無料	 -	"""車 シート クリーニング 業者"""	 -	立会不要で清掃作業で時間も有効	 -	出張車内 クリーニングの専門 店	 -	訪問特化型車内の清掃専門業者	 -	灯油 コーヒーこぼしおまかせ	 -	洗浄後無害になる特殊洗剤を使用	 -	18000円からシート車内洗浄対応	 -	１シートのみでもOK 圧倒的洗浄	 -	"""軽 自動車 クリーニング"""	 -	車灯油 こぼし出張クリーニング	 -	福岡県で車 灯油 こぼしや汚れにお困りなら。専用洗剤とプロの技術で徹底除去。	 -	車 灯油 こぼし 放置すると悪化します。今すぐ専門家へお任せください。	 -	出張費無料で駆けつけます！	 -	使用後は無害になる特殊な洗剤を使用 清掃後は赤ちゃんペットにも無害です。専用の機材を使用	 -	{LOCATION(City):福岡}清掃出張車	灯油清掃														Enabled	Enabled	Enabled	Approved	Good	
426-779-6658	和歌山車	福岡県＿車内クリーニング																														AG_緊急_灯油																																																				https://carinteriorcleaning.jp/regions/fukuoka/touyu-kobosi/					Responsive search ad	【{LOCATION(City):福岡}】出張車内クリーニング	 -	車 灯油 臭い 取れない 業者	 -	最短即日対応！プロの消臭・洗浄	 -	【電話相談】まずはお電話を	 -	見積もり無料	 -	"""車 シート クリーニング 業者"""	 -	立会不要で清掃作業で時間も有効	 -	出張車内 クリーニングの専門 店	 -	訪問特化型車内の清掃専門業者	 -	灯油 コーヒーこぼしおまかせ	 -	洗浄後無害になる特殊洗剤を使用	 -	18000円からシート車内洗浄対応	 -	１シートのみでもOK 圧倒的洗浄	 -	"""軽 自動車 クリーニング"""	 -	"""車 灯油 こぼし クリーニング"""	 -	福岡県で車 灯油 臭い 取れない 業者なら。専用洗剤とプロの技術で徹底除去。	 -	車 灯油 臭い 取れないは放置すると悪化します。今すぐ専門家へお任せください。	 -	出張費無料で駆けつけます！	 -	使用後は無害になる特殊な洗剤を使用 清掃後は赤ちゃんペットにも無害です。専用の機材を使用	 -	{LOCATION(City):福岡}清掃出張車	灯油清掃														Enabled	Enabled	Enabled	Approved	Excellent	
426-779-6658	和歌山車	福岡県＿車内クリーニング																														AG_緊急_灯油																																																				https://carinteriorcleaning.jp/regions/fukuoka/touyu-kobosi/					Responsive search ad	【{LOCATION(City):福岡}】出張車内クリーニング	 -	車 灯油 こぼした 消臭 出張	 -	最短即日対応！プロの消臭・洗浄	 -	【電話相談】まずはお電話を	 -	見積もり無料	 -	"""車 シート クリーニング 業者"""	 -	立会不要で清掃作業で時間も有効	 -	出張車内 クリーニングの専門 店	 -	訪問特化型車内の清掃専門業者	 -	灯油 コーヒーこぼしおまかせ	 -	洗浄後無害になる特殊洗剤を使用	 -	18000円からシート車内洗浄対応	 -	１シートのみでもOK 圧倒的洗浄	 -	"""軽 自動車 クリーニング"""	 -	"""車 灯油 こぼし クリーニング"""	 -	福岡県で車 灯油 こぼした 消臭 出張なら。専用洗剤とプロの技術で徹底除去。	 -	車 灯油 こぼした 消臭 出張します。今すぐ専門家へお任せください。	 -	出張費無料で駆けつけます！	 -	使用後は無害になる特殊な洗剤を使用 清掃後は赤ちゃんペットにも無害です。専用の機材を使用	 -	{LOCATION(City):福岡}清掃出張車	灯油清掃														Enabled	Enabled	Enabled	Approved	Good	
426-779-6658	和歌山車	福岡県＿車内クリーニング																														AG_緊急_ペット	95																																										車 おもらし シート 洗浄	Phrase	85				 -	 -	 -	https://carinteriorcleaning.jp/regions/fukuoka/omorashi/																																																											Enabled	Enabled	Enabled	Approved		
426-779-6658	和歌山車	福岡県＿車内クリーニング																														AG_緊急_ペット	95																																										犬 車 お漏らし 消臭 業者	Phrase	85				 -	 -	 -	https://carinteriorcleaning.jp/regions/fukuoka/omorashi/																																																											Enabled	Enabled	Enabled	Approved		
426-779-6658	和歌山車	福岡県＿車内クリーニング																														AG_緊急_ペット																																																				https://carinteriorcleaning.jp/regions/fukuoka/oshikko/					Responsive search ad	【{LOCATION(City):福岡}】出張車内クリーニング	 -	車 おしっこ シート 洗浄 出張	 -	最短即日対応！プロの消臭・洗浄	 -	【電話相談】まずはお電話を	 -	見積もり無料	 -	"""車 シート クリーニング 業者"""	 -	立会不要で清掃作業で時間も有効	 -	出張車内 クリーニングの専門 店	 -	訪問特化型車内の清掃専門業者	 -	灯油 コーヒーこぼしおまかせ	 -	洗浄後無害になる特殊洗剤を使用	 -	18000円からシート車内洗浄対応	 -	１シートのみでもOK 圧倒的洗浄	 -	"""軽 自動車 クリーニング"""	 -	車内のおしっこ シート洗浄 出張	 -	福岡県で車 おしっこ シート 洗浄 なら。専用洗剤とプロの技術で徹底除去。	 -	車 おしっこ シート 洗浄 出張します。今すぐ専門家へお任せください。	 -	出張費無料で駆けつけます！	 -	使用後は無害になる特殊な洗剤を使用 清掃後は赤ちゃんペットにも無害です。専用の機材を使用	 -	{LOCATION(City):福岡}清掃出張車	おしっこ消臭														Enabled	Enabled	Enabled	Approved	Good	
426-779-6658	和歌山車	福岡県＿車内クリーニング																														AG_緊急_ペット																																																				https://carinteriorcleaning.jp/regions/fukuoka/oshikko/					Responsive search ad	【{LOCATION(City):福岡}】出張車内クリーニング	 -	車 おもらし シート 洗浄	 -	最短即日対応！プロの消臭・洗浄	 -	【電話相談】まずはお電話を	 -	見積もり無料	 -	"""車 シート クリーニング 業者"""	 -	立会不要で清掃作業で時間も有効	 -	出張車内 クリーニングの専門 店	 -	訪問特化型車内の清掃専門業者	 -	灯油 コーヒーこぼしおまかせ	 -	洗浄後無害になる特殊洗剤を使用	 -	18000円からシート車内洗浄対応	 -	１シートのみでもOK 圧倒的洗浄	 -	"""軽 自動車 クリーニング"""	 -	車おもらし シート クリーニング	 -	福岡県で車 おもらし シート 洗浄なら。専用洗剤とプロの技術で徹底除去。	 -	車 おもらし シート 洗浄します。今すぐ専門家へお任せください。	 -	出張費無料で駆けつけます！	 -	使用後は無害になる特殊な洗剤を使用 清掃後は赤ちゃんペットにも無害です。専用の機材を使用	 -	{LOCATION(City):福岡}清掃出張車	おしっこ消臭														Enabled	Enabled	Enabled	Approved	Good	
426-779-6658	和歌山車	福岡県＿車内クリーニング																														AG_緊急_ペット																																																				https://carinteriorcleaning.jp/regions/fukuoka/oshikko/					Responsive search ad	【{LOCATION(City):福岡}】出張車内クリーニング	 -	ペット 粗相 車 消臭	 -	最短即日対応！プロの消臭・洗浄	 -	【電話相談】まずはお電話を	 -	見積もり無料	 -	"""車 シート クリーニング 業者"""	 -	立会不要で清掃作業で時間も有効	 -	出張車内 クリーニングの専門 店	 -	訪問特化型車内の清掃専門業者	 -	灯油 コーヒーこぼしおまかせ	 -	洗浄後無害になる特殊洗剤を使用	 -	18000円からシート車内洗浄対応	 -	１シートのみでもOK 圧倒的洗浄	 -	"""軽 自動車 クリーニング"""	 -	ペット粗相車出張洗浄消臭	 -	福岡県でペット 粗相 の臭いや汚れにお困りなら。専用洗剤とプロの技術で徹底除去。	 -	ペット 粗相 臭は放置すると悪化します。今すぐ専門家へお任せください。	 -	出張費無料で駆けつけます！	 -	使用後は無害になる特殊な洗剤を使用 清掃後は赤ちゃんペットにも無害です。専用の機材を使用	 -	{LOCATION(City):福岡}清掃出張車	おしっこ消臭														Enabled	Enabled	Enabled	Approved	Good	
426-779-6658	和歌山車	福岡県＿車内クリーニング																														AG_消臭_口語																																																				https://carinteriorcleaning.jp/regions/fukuoka/kuruma-nioi-keshi/					Responsive search ad	【{LOCATION(City):福岡}】出張車内クリーニング	 -	車 匂い 消し 業者	 -	【期間限定】今だけキャンペーン	 -	365日無休24時間受付中LINE対応	 -	{keyword:出張車内清掃}嘔吐（ゲロ）即対応	 -	"""車 シート クリーニング 業者"""	 -	立会不要で清掃作業で時間も有効	 -	出張車内 クリーニングの専門 店	 -	訪問特化型車内の清掃専門業者	 -	灯油 コーヒーこぼしおまかせ	 -	洗浄後無害になる特殊洗剤を使用	 -	18000円からシート車内洗浄対応	 -	１シートのみでもOK 圧倒的洗浄	 -	"""軽 自動車 クリーニング"""	 -	"""車 灯油 こぼし クリーニング"""	 -	{LOCATION(City):福岡}【地元密着】車内清掃 特急便365日24時間受付中！電話で指定場所まで清掃に出張致します	 -	期間限定キャンペーン有！ 会社のお車を2台以上は、さらに割引 お得な出張車内クリーニング	 -	どこでも出張！ マンションや、会社の駐車場まで出張して、電源無しでも車内清掃のプロが作業	 -	使用後は無害になる特殊な洗剤を使用 清掃後は赤ちゃんペットにも無害です。専用の機材を使用	 -	{LOCATION(City):福岡}清掃出張車	匂い消し														Enabled	Enabled	Enabled	Approved	Average	
426-779-6658	和歌山車	福岡県＿車内クリーニング																														AG_消臭_口語																																																				https://carinteriorcleaning.jp/regions/fukuoka/kuruma-nioi-keshi/					Responsive search ad	【{LOCATION(City):福岡}】出張車内クリーニング	 -	車内 クサイ 消臭	 -	最短即日対応！プロの消臭・洗浄	 -	【電話相談】まずはお電話を	 -	見積もり無料	 -	ペット粗相洗浄業者	 -	立会不要で清掃作業で時間も有効	 -	出張車内 クリーニングの専門 店	 -	訪問特化型車内の清掃専門業者	 -	ペットうんちクリーニング	 -	車 シート 汚れ 落とし 方	 -	18000円からシート車内洗浄対応	 -	１シートのみでもOK 圧倒的洗浄	 -	"""軽 自動車 クリーニング"""	 -	車内 クサイ 消臭 クリーニング	 -	福岡で車内 クサイ 消臭にお困りなら。専用洗剤とプロの技術で徹底除去。	 -	車内 クサイ 消臭します。今すぐ専門家へお任せください。	 -	出張費無料で駆けつけます！	 -	使用後は無害になる特殊な洗剤を使用 清掃後は赤ちゃんペットにも無害です。専用の機材を使用	 -	{LOCATION(City):福岡}清掃出張車	匂い消し														Enabled	Enabled	Enabled	Approved	Average	
426-779-6658	和歌山車	福岡県＿車内クリーニング																														AG_消臭_口語																																																				https://carinteriorcleaning.jp/regions/fukuoka/kuruma-nioi-keshi/					Responsive search ad	【{LOCATION(City):福岡}】出張車内クリーニング	 -	車 臭い 取れない プロ	 -	最短即日対応！プロの消臭・洗浄	 -	【電話相談】まずはお電話を	 -	見積もり無料	 -	"""車 シート クリーニング 業者"""	 -	立会不要で清掃作業で時間も有効	 -	出張車内 クリーニングの専門 店	 -	訪問特化型車内の清掃専門業者	 -	灯油 コーヒーこぼしおまかせ	 -	洗浄後無害になる特殊洗剤を使用	 -	18000円からシート車内洗浄対応	 -	１シートのみでもOK 圧倒的洗浄	 -	"""軽 自動車 クリーニング"""	 -	車臭い取れないプロクリーニング	 -	福岡県で車 臭い 取れない プロなら。専用洗剤とプロの技術で徹底除去。	 -	車 臭い 取れない プロが対応します。今すぐ専門家へお任せください。	 -	出張費無料で駆けつけます！	 -	使用後は無害になる特殊な洗剤を使用 清掃後は赤ちゃんペットにも無害です。専用の機材を使用	 -	{LOCATION(City):福岡}清掃出張車	匂い消し														Enabled	Enabled	Enabled	Approved	Good	
426-779-6658	和歌山車	福岡県＿車内クリーニング																														AG_消臭_中古車																																																				https://carinteriorcleaning.jp/regions/fukuoka/chuko-tabako/					Responsive search ad	【{LOCATION(City):福岡}】出張車内クリーニング	 -	中古車 加齢臭 車内	 -	最短即日対応！プロの消臭・洗浄	 -	【電話相談】まずはお電話を	 -	見積もり無料	 -	ペット粗相洗浄業者	 -	立会不要で清掃作業で時間も有効	 -	出張車内 クリーニングの専門 店	 -	訪問特化型車内の清掃専門業者	 -	ペットうんちクリーニング	 -	車 シート 汚れ 落とし 方	 -	18000円からシート車内洗浄対応	 -	１シートのみでもOK 圧倒的洗浄	 -	"""軽 自動車 クリーニング"""	 -	中古車 加齢臭 出張車内洗浄	 -	福岡で車中古車 加齢臭や汚れにお困りなら。専用洗剤とプロの技術で徹底除去。	 -	中古車 加齢臭 車内は放置すると悪化します。今すぐ専門家へお任せください。	 -	出張費無料で駆けつけます！	 -	使用後は無害になる特殊な洗剤を使用 清掃後は赤ちゃんペットにも無害です。専用の機材を使用	 -	{LOCATION(City):福岡}清掃出張車	タバコ臭清掃														Enabled	Enabled	Enabled	Approved	Average	
426-779-6658	和歌山車	福岡県＿車内クリーニング																														AG_消臭_湿気カビ																																																				https://carinteriorcleaning.jp/regions/fukuoka/shanai-nioi/					Responsive search ad	【{LOCATION(City):福岡}】出張車内クリーニング	 -	車内 カビ臭 取り業者	 -	最短即日対応！プロの消臭・洗浄	 -	【電話相談】まずはお電話を	 -	見積もり無料	 -	"""車 シート クリーニング 業者"""	 -	立会不要で清掃作業で時間も有効	 -	出張車内 クリーニングの専門 店	 -	訪問特化型車内の清掃専門業者	 -	灯油 コーヒーこぼしおまかせ	 -	洗浄後無害になる特殊洗剤を使用	 -	18000円からシート車内洗浄対応	 -	１シートのみでもOK 圧倒的洗浄	 -	"""軽 自動車 クリーニング"""	 -	車内 カビ臭 取り 業者	 -	福岡県で車内 カビ臭 取り 業者なら。専用洗剤とプロの技術で徹底除去。	 -	車内の中古車タバコ臭は放置すると悪化します。今すぐ専門家へお任せください。	 -	出張費無料で駆けつけます！	 -	使用後は無害になる特殊な洗剤を使用 清掃後は赤ちゃんペットにも無害です。専用の機材を使用	 -	{LOCATION(City):福岡}清掃出張車	車内臭い														Enabled	Enabled	Enabled	Approved	Average	
426-779-6658	和歌山車	福岡県＿車内クリーニング																														AG_消臭_湿気カビ																																																				https://carinteriorcleaning.jp/regions/fukuoka/shanai-nioi/					Responsive search ad	【{LOCATION(City):福岡}】出張車内クリーニング	 -	車 湿気 臭い シート 洗浄	 -	最短即日対応！プロの消臭・洗浄	 -	【電話相談】まずはお電話を	 -	見積もり無料	 -	"""車 シート クリーニング 業者"""	 -	立会不要で清掃作業で時間も有効	 -	出張車内 クリーニングの専門 店	 -	訪問特化型車内の清掃専門業者	 -	灯油 コーヒーこぼしおまかせ	 -	洗浄後無害になる特殊洗剤を使用	 -	18000円からシート車内洗浄対応	 -	１シートのみでもOK 圧倒的洗浄	 -	"""軽 自動車 クリーニング"""	 -	車 の湿気 臭い シート 洗浄	 -	福岡県で車 湿気 臭い シート 洗浄や汚れにお困りなら。専用洗剤とプロの技術で徹底除去。	 -	車 湿気 臭い シート 洗浄します。今すぐ専門家へお任せください。	 -	出張費無料で駆けつけます！	 -	使用後は無害になる特殊な洗剤を使用 清掃後は赤ちゃんペットにも無害です。専用の機材を使用	 -	{LOCATION(City):福岡}清掃出張車	車内臭い														Enabled	Enabled	Enabled	Approved	Good	
426-779-6658	和歌山車	福岡県＿車内クリーニング																														AG_消臭_湿気カビ																																																				https://carinteriorcleaning.jp/regions/fukuoka/shanai-nioi/					Responsive search ad	【{LOCATION(City):福岡}】出張車内クリーニング	 -	車 原因不明 臭い 消臭 業者	 -	最短即日対応！プロの消臭・洗浄	 -	【電話相談】まずはお電話を	 -	見積もり無料	 -	"""車 シート クリーニング 業者"""	 -	立会不要で清掃作業で時間も有効	 -	出張車内 クリーニングの専門 店	 -	訪問特化型車内の清掃専門業者	 -	灯油 コーヒーこぼしおまかせ	 -	洗浄後無害になる特殊洗剤を使用	 -	18000円からシート車内洗浄対応	 -	１シートのみでもOK 圧倒的洗浄	 -	"""軽 自動車 クリーニング"""	 -	車原因不明臭消臭クリーニング	 -	福岡県で車 原因不明 臭い や汚れにお困りなら。専用洗剤とプロの技術で徹底除去。	 -	車 原因不明 臭い 消臭 業者。今すぐ専門家へお任せください。	 -	出張費無料で駆けつけます！	 -	使用後は無害になる特殊な洗剤を使用 清掃後は赤ちゃんペットにも無害です。専用の機材を使用	 -	{LOCATION(City):福岡}清掃出張車	車内臭い														Enabled	Enabled	Enabled	Approved	Good	
426-779-6658	和歌山車	福岡県＿車内クリーニング																														AG_エアコン_エバポレーター																																																				https://carinteriorcleaning.jp/regions/fukuoka/evaporator-senjo/					Responsive search ad	【{LOCATION(City):福岡}】車内のエアコン洗浄	 -	エバポレーター洗浄 出張	 -	最短即日対応！プロの消臭・洗浄	 -	【電話相談】まずはお電話を	 -	見積もり無料	 -	"""車 エバポレーター洗浄 業者"""	 -	立会不要で清掃作業で時間も有効	 -	出張エバポレーター洗浄専門 店	 -	訪問特化型車内の清掃専門業者	 -	エバポレーター洗浄 おまかせ	 -	洗浄後無害になる特殊洗剤を使用	 -	18000円からシート車内洗浄対応	 -	１シートのみでもOK 圧倒的洗浄	 -	"""軽 自動車 クリーニング"""	 -	車 エバポレータークリーニング	 -	福岡県で エバポレーター臭いや汚れにお困りなら。専用洗剤とプロの技術で徹底除去。	 -	福岡 エバポレーターニオイは放置すると悪化します。今すぐ専門家へお任せください。	 -	出張費無料で駆けつけます！	 -	使用後は無害になる特殊な洗剤を使用 清掃後は赤ちゃんペットにも無害です。専用の機材を使用	 -	{LOCATION(City):福岡}清掃出張車	エバポ洗浄														Enabled	Enabled	Enabled	Approved	Average	
426-779-6658	和歌山車	福岡県＿車内クリーニング																														AG_エアコン_エバポレーター																																																				https://carinteriorcleaning.jp/regions/fukuoka/evaporator-senjo/					Responsive search ad	【{LOCATION(City):福岡}】出張車内クリーニング	 -	車 エアコン 酸っぱい 臭い 業者	 -	最短即日対応！プロの消臭・洗浄	 -	【電話相談】まずはお電話を	 -	見積もり無料	 -	"""車 シート クリーニング 業者"""	 -	立会不要で清掃作業で時間も有効	 -	出張車内 クリーニングの専門 店	 -	訪問特化型車内の清掃専門業者	 -	灯油 コーヒーこぼしおまかせ	 -	洗浄後無害になる特殊洗剤を使用	 -	18000円からシート車内洗浄対応	 -	１シートのみでもOK 圧倒的洗浄	 -	"""軽 自動車 クリーニング"""	 -	車 エアコン酸っぱ臭い洗浄業者	 -	福岡県で車 エアコン 酸っぱい 臭いや汚れにお困りなら。専用洗剤とプロの技術で徹底除去。	 -	車 エアコン 酸っぱい 臭いは放置すると悪化します。今すぐ専門家へお任せください。	 -	出張費無料で駆けつけます！	 -	使用後は無害になる特殊な洗剤を使用 清掃後は赤ちゃんペットにも無害です。専用の機材を使用	 -	{LOCATION(City):福岡}清掃出張車	エバポ洗浄														Enabled	Enabled	Enabled	Approved	Average	
426-779-6658	和歌山車	福岡県＿車内クリーニング																														AG_エアコン_エバポレーター																																																				https://carinteriorcleaning.jp/regions/fukuoka/evaporator-senjo/					Responsive search ad	【{LOCATION(City):福岡}】出張車内クリーニング	 -	カーエアコン カビ臭 エバポレー	 -	最短即日対応！プロの消臭・洗浄	 -	【電話相談】まずはお電話を	 -	見積もり無料	 -	"""車 シート クリーニング 業者"""	 -	立会不要で清掃作業で時間も有効	 -	出張車内 クリーニングの専門 店	 -	訪問特化型車内の清掃専門業者	 -	灯油 コーヒーこぼしおまかせ	 -	洗浄後無害になる特殊洗剤を使用	 -	18000円からシート車内洗浄対応	 -	１シートのみでもOK 圧倒的洗浄	 -	"""軽 自動車 クリーニング"""	 -	カーエアコン カビ臭出張洗浄	 -	福岡県でカーエアコン カビ臭 や汚れにお困りなら。専用洗剤とプロの技術で徹底除去。	 -	車内のカーエアコン カビ臭は放置すると悪化します。今すぐ専門家へお任せください。	 -	出張費無料で駆けつけます！	 -	使用後は無害になる特殊な洗剤を使用 清掃後は赤ちゃんペットにも無害です。専用の機材を使用	 -	{LOCATION(City):福岡}清掃出張車	エバポ洗浄														Enabled	Enabled	Enabled	Approved	Average	
426-779-6658	和歌山車	福岡県＿車内クリーニング																														AG_条件_出張																																																				https://carinteriorcleaning.jp/regions/fukuoka/shutchou-senmon/					Responsive search ad	【{LOCATION(City):福岡}】出張車内クリーニング	 -	車内クリーニング 即日 出張	 -	最短即日対応！プロの消臭・洗浄	 -	【電話相談】まずはお電話を	 -	見積もり無料	 -	"""車 シート クリーニング 業者"""	 -	立会不要で清掃作業で時間も有効	 -	出張車内 クリーニングの専門 店	 -	訪問特化型車内の清掃専門業者	 -	灯油 コーヒーこぼしおまかせ	 -	洗浄後無害になる特殊洗剤を使用	 -	18000円からシート車内洗浄対応	 -	１シートのみでもOK 圧倒的洗浄	 -	"""軽 自動車 クリーニング"""	 -	車内のクリーニング 即日で出張	 -	福岡県で車内クリーニング 即日 出張 お困りなら。専用洗剤とプロの技術で徹底除去。	 -	車内クリーニング 即日 出張。今すぐ専門家へお任せください。	 -	出張費無料で駆けつけます！	 -	使用後は無害になる特殊な洗剤を使用 清掃後は赤ちゃんペットにも無害です。専用の機材を使用	 -	{LOCATION(City):福岡}清掃出張車	出張専門														Enabled	Enabled	Enabled	Approved	Good	
426-779-6658	和歌山車	福岡県＿車内クリーニング																														AG_条件_出張																																																				https://carinteriorcleaning.jp/regions/fukuoka/shutchou-senmon/					Responsive search ad	【{LOCATION(City):福岡}】出張車内クリーニング	 -	車内清掃 1席 出張	 -	最短即日対応！プロの消臭・洗浄	 -	【電話相談】まずはお電話を	 -	見積もり無料	 -	"""車 シート クリーニング 業者"""	 -	立会不要で清掃作業で時間も有効	 -	出張車内 クリーニングの専門 店	 -	訪問特化型車内の清掃専門業者	 -	灯油 コーヒーこぼしおまかせ	 -	洗浄後無害になる特殊洗剤を使用	 -	18000円からシート車内洗浄対応	 -	１シートのみでもOK 圧倒的洗浄	 -	"""軽 自動車 クリーニング"""	 -	車内の清掃 1席から出張対応	 -	福岡県で車内清掃 1席 出張汚れにお困りなら。専用洗剤とプロの技術で徹底除去。	 -	車内清掃 1席 出張します。今すぐ専門家へお任せください。	 -	出張費無料で駆けつけます！	 -	使用後は無害になる特殊な洗剤を使用 清掃後は赤ちゃんペットにも無害です。専用の機材を使用	 -	{LOCATION(City):福岡}清掃出張車	出張専門														Enabled	Enabled	Enabled	Approved	Good	
426-779-6658	和歌山車	福岡県＿車内クリーニング																														AG_条件_電源不要																																																				https://carinteriorcleaning.jp/regions/fukuoka/dengen-fuyou/					Responsive search ad	【{LOCATION(City):福岡}】出張車内クリーニング	 -	車内清掃 電源不要 出張	 -	最短即日対応！プロの消臭・洗浄	 -	【電話相談】まずはお電話を	 -	見積もり無料	 -	"""車 シート クリーニング 業者"""	 -	立会不要で清掃作業で時間も有効	 -	出張車内 クリーニングの専門 店	 -	訪問特化型車内の清掃専門業者	 -	灯油 コーヒーこぼしおまかせ	 -	洗浄後無害になる特殊洗剤を使用	 -	18000円からシート車内洗浄対応	 -	１シートのみでもOK 圧倒的洗浄	 -	"""軽 自動車 クリーニング"""	 -	車内の清掃 電源不要 出張	 -	福岡県で車内清掃 電源不要 出張なら。専用洗剤とプロの技術で徹底除去。	 -	車内清掃 電源不要 出張します。今すぐ専門家へお任せください。	 -	出張費無料で駆けつけます！	 -	使用後は無害になる特殊な洗剤を使用 清掃後は赤ちゃんペットにも無害です。専用の機材を使用	 -	{LOCATION(City):福岡}清掃出張車	電源持込不要														Enabled	Enabled	Enabled	Approved	Excellent	
426-779-6658	和歌山車	福岡県＿車内クリーニング																														AG_条件_電源不要																																																				https://carinteriorcleaning.jp/regions/fukuoka/dengen-fuyou/					Responsive search ad	【{LOCATION(City):福岡}】出張車内クリーニング	 -	マンション 車内クリーニング	 -	最短即日対応！プロの消臭・洗浄	 -	【電話相談】まずはお電話を	 -	見積もり無料	 -	"""車 シート クリーニング 業者"""	 -	立会不要で清掃作業で時間も有効	 -	出張車内 クリーニングの専門 店	 -	訪問特化型車内の清掃専門業者	 -	灯油 コーヒーこぼしおまかせ	 -	洗浄後無害になる特殊洗剤を使用	 -	18000円からシート車内洗浄対応	 -	１シートのみでもOK 圧倒的洗浄	 -	"""軽 自動車 クリーニング"""	 -	マンションで 車内クリーニング	 -	福岡県でマンション 車内クリーニングなら。専用洗剤とプロの技術で徹底除去。	 -	マンション 車内クリーニングします。今すぐ専門家へお任せください。	 -	出張費無料で駆けつけます！	 -	使用後は無害になる特殊な洗剤を使用 清掃後は赤ちゃんペットにも無害です。専用の機材を使用	 -	{LOCATION(City):福岡}清掃出張車	電源持込不要														Enabled	Enabled	Enabled	Approved	Good	
426-779-6658	和歌山車	福岡県＿車内クリーニング																														AG_条件_電源不要																																																				https://carinteriorcleaning.jp/regions/fukuoka/dengen-fuyou/					Responsive search ad	【{LOCATION(City):福岡}】出張車内クリーニング	 -	福岡 車内清掃 電源不要	 -	最短即日対応！プロの消臭・洗浄	 -	【電話相談】まずはお電話を	 -	見積もり無料	 -	"""車 シート クリーニング 業者"""	 -	立会不要で清掃作業で時間も有効	 -	出張車内 クリーニングの専門 店	 -	訪問特化型車内の清掃専門業者	 -	灯油 コーヒーこぼしおまかせ	 -	洗浄後無害になる特殊洗剤を使用	 -	18000円からシート車内洗浄対応	 -	１シートのみでもOK 圧倒的洗浄	 -	"""軽 自動車 クリーニング"""	 -	"""車 灯油 こぼし クリーニング"""	 -	福岡県で 車内清掃 電源不要。専用洗剤とプロの技術で徹底除去。	 -	福岡 車内清掃 電源不要 今すぐ専門家へお任せください。	 -	出張費無料で駆けつけます！	 -	使用後は無害になる特殊な洗剤を使用 清掃後は赤ちゃんペットにも無害です。専用の機材を使用	 -	{LOCATION(City):福岡}清掃出張車	電源持込不要														Enabled	Enabled	Enabled	Approved	Excellent	
426-779-6658	和歌山車	福岡県＿車内クリーニング																														AG_バス_トラック																																																				https://carinteriorcleaning.jp/regions/fukuoka/bus-senmon/					Responsive search ad	{LOCATION(City):福岡}出張車内バス クリーニング	 -	バス 嘔吐 出張清掃	 -	最短即日対応！プロの消臭・洗浄	 -	【電話相談】まずはお電話を	 -	見積もり無料	 -	"""車 シート クリーニング 業者"""	 -	立会不要で清掃作業で時間も有効	 -	出張車内 クリーニングの専門 店	 -	訪問特化型車内の清掃専門業者	 -	コーヒーこぼしおまかせ	 -	洗浄後無害になる特殊洗剤を使用	 -	18000円からシート車内洗浄対応	 -	１シートのみでもOK 圧倒的洗浄	 -	バス 嘔吐 1席から出張清掃対応	 -			福岡県でバス 嘔吐 清掃。専用洗剤とプロの技術で徹底除去。	 -	バス 嘔吐 清掃します。今すぐ専門家へお任せください。	 -	出張費無料で駆けつけます！	 -	使用後は無害になる特殊な洗剤を使用 清掃後は赤ちゃんペットにも無害です。専用の機材を使用	 -	{LOCATION(City):福岡}清掃出張車	バス清掃														Enabled	Enabled	Enabled	Approved	Excellent	
426-779-6658	和歌山車	福岡県＿車内クリーニング																														緊急_子供嘔吐																																																				https://carinteriorcleaning.jp/regions/fukuoka/kodomo-kyuto/					Responsive search ad	【{LOCATION(City):福岡}】子供嘔吐清掃	 -	車酔い 嘔吐 出張専門業者	 -	最短即日対応！プロの消臭・洗浄	 -	【電話相談】車嘔吐はお電話を	 -	見積もり無料	 -	子供おうと洗浄業者	 -	立会不要で清掃作業で時間も有効	 -	子供おうと洗浄の専門 店	 -	訪問特化型車内の清掃専門業者	 -	子供おうと洗浄クリーニング	 -	車 シート 汚れ 落とし 方	 -	18000円からシート車内洗浄対応	 -	１シートのみでもOK 圧倒的洗浄	 -	"""軽 自動車 クリーニング"""	 -	車酔い 嘔吐 出張洗浄専門業者	 -	福岡で車酔い 嘔吐 出張専門業者なら。専用洗剤とプロの技術で徹底除去。	 -	車酔い 嘔吐 出張専門業者 今すぐ専門家へお任せください。	 -	出張費無料で駆けつけます！	 -	使用後は無害になる特殊な洗剤を使用 清掃後は赤ちゃんペットにも無害です。専用の機材を使用	 -	{LOCATION(City):福岡}清掃出張車	子供嘔吐清掃														Enabled	Enabled	Enabled	Approved	Average	
426-779-6658	和歌山車	福岡県＿車内クリーニング																														緊急_灯油																																																				https://carinteriorcleaning.jp/regions/fukuoka/touyu-kobosi/					Responsive search ad	【{LOCATION(City):福岡}】出張車内クリーニング	 -	車内 灯油 こぼし 消臭	 -	最短即日対応！プロの消臭・洗浄	 -	【電話相談】まずはお電話を	 -	見積もり無料	 -	"""車 シート クリーニング 業者"""	 -	立会不要で清掃作業で時間も有効	 -	出張車内 クリーニングの専門 店	 -	訪問特化型車内の清掃専門業者	 -	灯油 コーヒーこぼしおまかせ	 -	洗浄後無害になる特殊洗剤を使用	 -	18000円からシート車内洗浄対応	 -	１シートのみでもOK 圧倒的洗浄	 -	"""軽 自動車 クリーニング"""	 -	車内 灯油 こぼし 消臭出張対応	 -	福岡県で車内 灯油 こぼし 消臭	 -	車内の車内 灯油 こぼしは放置すると悪化します。今すぐ専門家へお任せください。	 -	出張費無料で駆けつけます！	 -	使用後は無害になる特殊な洗剤を使用 清掃後は赤ちゃんペットにも無害です。専用の機材を使用	 -	{LOCATION(City):福岡}清掃出張車	灯油清掃														Enabled	Enabled	Enabled	Approved	Average	
426-779-6658	和歌山車	福岡県＿車内クリーニング																														緊急_灯油																																																				https://carinteriorcleaning.jp/regions/fukuoka/touyu-kobosi/					Responsive search ad	【{LOCATION(City):福岡}】出張車内クリーニング	 -	福岡 灯油 こぼし 車	 -	最短即日対応！プロの消臭・洗浄	 -	【電話相談】まずはお電話を	 -	見積もり無料	 -	ペット粗相洗浄業者	 -	立会不要で清掃作業で時間も有効	 -	出張車内 クリーニングの専門 店	 -	訪問特化型車内の清掃専門業者	 -	ペットうんちクリーニング	 -	車 シート 汚れ 落とし 方	 -	18000円からシート車内洗浄対応	 -	１シートのみでもOK 圧倒的洗浄	 -	"""軽 自動車 クリーニング"""	 -	"""車 灯油 こぼし クリーニング"""	 -	福岡で福岡 灯油 こぼし の臭いや汚れにお困りなら。専用洗剤とプロの技術で徹底除去。	 -	福岡 灯油 こぼし 放置すると悪化します。今すぐ専門家へお任せください。	 -	出張費無料で駆けつけます！	 -	使用後は無害になる特殊な洗剤を使用 清掃後は赤ちゃんペットにも無害です。専用の機材を使用	 -	{LOCATION(City):福岡}清掃出張車	灯油清掃														Enabled	Enabled	Enabled	Approved	Average	
426-779-6658	和歌山車	福岡県＿車内クリーニング																														緊急_ペット																																																				https://carinteriorcleaning.jp/regions/fukuoka/oshikko/					Responsive search ad	【{LOCATION(City):福岡}】ペットおもらし	 -	犬 車 お漏らし 消臭 業者	 -	最短即日対応！プロの消臭・洗浄	 -	【電話相談】まずはお電話を	 -	見積もり無料	 -	"""猫 車 お漏らし 消臭 業者"""	 -	立会不要で清掃作業で時間も有効	 -	車 ペットお漏らしの専門 店	 -	訪問特化型車内の清掃専門業者	 -	車 ペット うんちの専門 店	 -	洗浄後無害になる特殊洗剤を使用	 -	18000円からシート車内洗浄対応	 -	１シートのみでもOK 圧倒的洗浄	 -	"""軽 自動車 クリーニング"""	 -	犬猫うんちの車出張洗浄専門店	 -	福岡県で犬 車 お漏らし 消臭 業者 専用洗剤とプロの技術で徹底除去。	 -	車内の犬 車 お漏らし 消臭 業者 今すぐ専門家へお任せください。	 -	出張費無料で駆けつけ 即クリーニングでキレイにします	 -	使用後は無害になる特殊な洗剤を使用 清掃後は赤ちゃんペットにも無害です。専用の機材を使用	 -	{LOCATION(City):福岡}清掃出張車	おしっこ消臭														Enabled	Enabled	Enabled	Approved	Average	
426-779-6658	和歌山車	福岡県＿車内クリーニング																														緊急_ペット																																																				https://carinteriorcleaning.jp/regions/fukuoka/oshikko/					Responsive search ad	【{LOCATION(City):福岡}】出張車内クリーニング	 -	福岡 ペット 車内 清掃	 -	最短即日対応！プロの消臭・洗浄	 -	【電話相談】まずはお電話を	 -	見積もり無料	 -	"""車 シート クリーニング 業者"""	 -	立会不要で清掃作業で時間も有効	 -	出張車内 クリーニングの専門 店	 -	訪問特化型車内の清掃専門業者	 -	灯油 コーヒーこぼしおまかせ	 -	洗浄後無害になる特殊洗剤を使用	 -	18000円からシート車内洗浄対応	 -	１シートのみでもOK 圧倒的洗浄	 -	"""軽 自動車 クリーニング"""	 -	福岡 ペット 車内 出張清掃	 -	福岡県で車内 清掃車ペットの臭いや汚れにお困りなら。専用洗剤とプロの技術で徹底除去。	 -	車内 清掃車ペットの臭い 今すぐ専門家へお任せください。	 -	出張費無料で駆けつけます！	 -	使用後は無害になる特殊な洗剤を使用 清掃後は赤ちゃんペットにも無害です。専用の機材を使用	 -	{LOCATION(City):福岡}清掃出張車	おしっこ消臭														Enabled	Enabled	Enabled	Approved	Average	
426-779-6658	和歌山車	福岡県＿車内クリーニング																														消臭_口語																																																				https://carinteriorcleaning.jp/regions/fukuoka/kuruma-nioi-keshi/					Responsive search ad	【{LOCATION(City):福岡}】出張トラック車内洗浄	 -	消臭スプレー 効かない 車	 -	最短即日対応！プロの消臭・洗浄	 -	【電話相談】まずはお電話を	 -	見積もり無料	 -	"""車 シート クリーニング 業者"""	 -	立会不要で清掃作業で時間も有効	 -	出張車内 クリーニングの専門 店	 -	訪問特化型車内の清掃専門業者	 -	灯油 コーヒーこぼしおまかせ	 -	洗浄後無害になる特殊洗剤を使用	 -	18000円からシート車内洗浄対応	 -	１シートのみでもOK 圧倒的洗浄	 -	"""軽 自動車 クリーニング"""	 -	"""車 灯油 こぼし クリーニング"""	 -	福岡県で消臭スプレー 効かないなら。専用洗剤とプロの技術で徹底除去。	 -	消臭スプレー 効かない放置すると悪化します。今すぐ専門家へお任せください。	 -	出張費無料で駆けつけます！	 -	使用後は無害になる特殊な洗剤を使用 清掃後は赤ちゃんペットにも無害です。専用の機材を使用	 -	{LOCATION(City):福岡}清掃出張車	匂い消し														Enabled	Enabled	Enabled	Approved	Excellent	
426-779-6658	和歌山車	福岡県＿車内クリーニング																														消臭_口語																																																				https://carinteriorcleaning.jp/regions/fukuoka/kuruma-nioi-keshi/					Responsive search ad	{LOCATION(City):福岡}出張車内消臭 特急便	 -	車 芳香剤 臭い 取れない	 -	最短即日対応！プロの消臭・洗浄	 -	【電話相談】まずはお電話を	 -	見積もり無料	 -	"""車 シート クリーニング 業者"""	 -	立会不要で清掃作業で時間も有効	 -	出張車内 クリーニングの専門 店	 -	訪問特化型車内の清掃専門業者	 -	灯油 コーヒーこぼしおまかせ	 -	洗浄後無害になる特殊洗剤を使用	 -	18000円からシート車内洗浄対応	 -	１シートのみでもOK 圧倒的洗浄	 -	"""軽 自動車 クリーニング"""	 -	車芳香剤臭い取出張クリーニング	 -	福岡県で車 芳香剤 臭い 取れない汚れにお困りなら。専用洗剤とプロの技術で徹底除去。	 -	車 芳香剤 臭いは放置すると悪化します。今すぐ専門家へお任せください。	 -	出張費無料で駆けつけます！	 -	使用後は無害になる特殊な洗剤を使用 清掃後は赤ちゃんペットにも無害です。専用の機材を使用	 -	{LOCATION(City):福岡}清掃出張車	匂い消し														Enabled	Enabled	Enabled	Approved	Excellent	
426-779-6658	和歌山車	福岡県＿車内クリーニング																														消臭_口語																																																				https://carinteriorcleaning.jp/regions/fukuoka/kuruma-nioi-keshi/					Responsive search ad	{LOCATION(City):福岡}出張車内消臭 特急便	 -	福岡 車内 消臭 出張	 -	最短即日対応！プロの消臭・洗浄	 -	【電話相談】まずはお電話を	 -	見積もり無料	 -	"""車 シート クリーニング 業者"""	 -	立会不要で清掃作業で時間も有効	 -	出張車内 クリーニングの専門 店	 -	訪問特化型車内の清掃専門業者	 -	灯油 コーヒーこぼしおまかせ	 -	洗浄後無害になる特殊洗剤を使用	 -	18000円からシート車内洗浄対応	 -	１シートのみでもOK 圧倒的洗浄	 -	"""軽 自動車 クリーニング"""	 -	福岡 車内 消臭 出張専門業者	 -	福岡県で車内 消臭 出張なら。専用洗剤とプロの技術で徹底除去。	 -	福岡 車内 消臭 出張します。今すぐ専門家へお任せください。	 -	出張費無料で駆けつけます！	 -	使用後は無害になる特殊な洗剤を使用 清掃後は赤ちゃんペットにも無害です。専用の機材を使用	 -	{LOCATION(City):福岡}清掃出張車	匂い消し														Enabled	Enabled	Enabled	Approved	Excellent	
426-779-6658	和歌山車	福岡県＿車内クリーニング																														消臭_中古車																																																				https://carinteriorcleaning.jp/regions/fukuoka/chuko-tabako/					Responsive search ad	【{LOCATION(City):福岡}】出張車内クリーニング	 -	福岡 中古車 臭い 車内	 -	最短即日対応！プロの消臭・洗浄	 -	【電話相談】まずはお電話を	 -	見積もり無料	 -	"""車 シート クリーニング 業者"""	 -	立会不要で清掃作業で時間も有効	 -	出張車内 クリーニングの専門 店	 -	訪問特化型車内の清掃専門業者	 -	灯油 コーヒーこぼしおまかせ	 -	洗浄後無害になる特殊洗剤を使用	 -	18000円からシート車内洗浄対応	 -	１シートのみでもOK 圧倒的洗浄	 -	"""軽 自動車 クリーニング"""	 -	福岡中古車臭い車内クリーニング	 -	福岡県で中古車 臭い 車内の臭いや汚れにお困りなら。専用洗剤とプロの技術で徹底除去。	 -	福岡 中古車 臭いは放置すると悪化します。今すぐ専門家へお任せください。	 -	出張費無料で駆けつけます！	 -	使用後は無害になる特殊な洗剤を使用 清掃後は赤ちゃんペットにも無害です。専用の機材を使用	 -	{LOCATION(City):福岡}清掃出張車	タバコ臭清掃														Enabled	Enabled	Enabled	Approved	Excellent	
426-779-6658	和歌山車	福岡県＿車内クリーニング																														消臭_湿気カビ																																																				https://carinteriorcleaning.jp/regions/fukuoka/shanai-nioi/					Responsive search ad	【{LOCATION(City):福岡}】出張車内クリーニング	 -	車 ペット臭 消臭 プロ 出張	 -	【期間限定】今だけキャンペーン	 -	365日無休24時間受付中LINE対応	 -	{keyword:出張車内清掃}嘔吐（ゲロ）即対応	 -	"""車 シート クリーニング 業者"""	 -	立会不要で清掃作業で時間も有効	 -	出張車内 クリーニングの専門 店	 -	訪問特化型車内の清掃専門業者	 -	灯油 コーヒーこぼしおまかせ	 -	洗浄後無害になる特殊洗剤を使用	 -	18000円からシート車内洗浄対応	 -	１シートのみでもOK 圧倒的洗浄	 -	"""軽 自動車 クリーニング"""	 -	"""車 灯油 こぼし クリーニング"""	 -	{LOCATION(City):福岡}【地元密着】車内清掃 特急便365日24時間受付中！電話で指定場所まで清掃に出張致します	 -	期間限定キャンペーン有！ 会社のお車を2台以上は、さらに割引 お得な出張車内クリーニング	 -	どこでも出張！ マンションや、会社の駐車場まで出張して、電源無しでも車内清掃のプロが作業	 -	使用後は無害になる特殊な洗剤を使用 清掃後は赤ちゃんペットにも無害です。専用の機材を使用	 -	{LOCATION(City):福岡}清掃出張車	車内臭い														Enabled	Enabled	Enabled	Approved	Excellent	
426-779-6658	和歌山車	福岡県＿車内クリーニング																														消臭_湿気カビ																																																				https://carinteriorcleaning.jp/regions/fukuoka/shanai-nioi/					Responsive search ad	【{LOCATION(City):福岡}】出張車内クリーニング	 -	福岡 車内 カビ臭	 -	最短即日対応！プロの消臭・洗浄	 -	【電話相談】まずはお電話を	 -	見積もり無料	 -	ペット粗相洗浄業者	 -	立会不要で清掃作業で時間も有効	 -	出張車内 クリーニングの専門 店	 -	訪問特化型車内の清掃専門業者	 -	ペットうんちクリーニング	 -	車 シート 汚れ 落とし 方	 -	18000円からシート車内洗浄対応	 -	１シートのみでもOK 圧倒的洗浄	 -	"""軽 自動車 クリーニング"""	 -	福岡 車内 カビ臭 クリーニング	 -	福岡 車内 カビ臭の臭いや汚れにお困りなら。専用洗剤とプロの技術で徹底除去。	 -	福岡 車内 カビ臭は放置すると悪化します。今すぐ専門家へお任せください。	 -	出張費無料で駆けつけます！	 -	使用後は無害になる特殊な洗剤を使用 清掃後は赤ちゃんペットにも無害です。専用の機材を使用	 -	{LOCATION(City):福岡}清掃出張車	車内臭い														Enabled	Enabled	Enabled	Approved	Good	
426-779-6658	和歌山車	福岡県＿車内クリーニング																														消臭_湿気カビ																																																				https://carinteriorcleaning.jp/regions/fukuoka/shanai-nioi/					Responsive search ad	【{LOCATION(City):福岡}】出張車内クリーニング	 -	福岡 湿気 車内 臭い	 -	最短即日対応！プロの消臭・洗浄	 -	【電話相談】まずはお電話を	 -	見積もり無料	 -	"""車 シート クリーニング 業者"""	 -	立会不要で清掃作業で時間も有効	 -	出張車内 クリーニングの専門 店	 -	訪問特化型車内の清掃専門業者	 -	灯油 コーヒーこぼしおまかせ	 -	洗浄後無害になる特殊洗剤を使用	 -	18000円からシート車内洗浄対応	 -	１シートのみでもOK 圧倒的洗浄	 -	"""軽 自動車 クリーニング"""	 -	福岡湿気車内 臭いクリーニング	 -	福岡県で 湿気 車内 臭いや汚れにお困りなら。専用洗剤とプロの技術で徹底除去。	 -	福岡 湿気 車内 臭いは放置すると悪化します。今すぐ専門家へお任せください。	 -	出張費無料で駆けつけます！	 -	使用後は無害になる特殊な洗剤を使用 清掃後は赤ちゃんペットにも無害です。専用の機材を使用	 -	{LOCATION(City):福岡}清掃出張車	車内臭い														Enabled	Enabled	Enabled	Approved	Good	
426-779-6658	和歌山車	福岡県＿車内クリーニング																														エアコン_エバポレーター																																																				https://carinteriorcleaning.jp/regions/fukuoka/evaporator-senjo/					Responsive search ad	【{LOCATION(City):福岡}】出張車内クリーニング	 -	車 エアコン 臭い 取れない プロ	 -	最短即日対応！プロの消臭・洗浄	 -	【電話相談】まずはお電話を	 -	見積もり無料	 -	"""車 シート クリーニング 業者"""	 -	立会不要で清掃作業で時間も有効	 -	出張車内 クリーニングの専門 店	 -	訪問特化型車内の清掃専門業者	 -	灯油 コーヒーこぼしおまかせ	 -	洗浄後無害になる特殊洗剤を使用	 -	18000円からシート車内洗浄対応	 -	１シートのみでもOK 圧倒的洗浄	 -	"""軽 自動車 クリーニング"""	 -	車 エアコン臭取れないプロ洗浄	 -	福岡県で車 エアコン 臭い 取れないなら。専用洗剤とプロの技術で徹底除去。	 -	車 エアコン 臭い 取れない プロ。今すぐ専門家へお任せください。	 -	出張費無料で駆けつけます！	 -	使用後は無害になる特殊な洗剤を使用 清掃後は赤ちゃんペットにも無害です。専用の機材を使用	 -	{LOCATION(City):福岡}清掃出張車	エバポ洗浄														Enabled	Enabled	Enabled	Approved	Average	
426-779-6658	和歌山車	福岡県＿車内クリーニング																														エアコン_エバポレーター																																																				https://carinteriorcleaning.jp/regions/fukuoka/evaporator-senjo/					Responsive search ad	【{LOCATION(City):福岡}】出張車内クリーニング	 -	車 エアコン 咳 目が痒い 洗浄	 -	最短即日対応！プロの消臭・洗浄	 -	【電話相談】まずはお電話を	 -	見積もり無料	 -	ペット粗相洗浄業者	 -	立会不要で清掃作業で時間も有効	 -	出張車内 クリーニングの専門 店	 -	訪問特化型車内の清掃専門業者	 -	ペットうんちクリーニング	 -	車 シート 汚れ 落とし 方	 -	18000円からシート車内洗浄対応	 -	１シートのみでもOK 圧倒的洗浄	 -	"""軽 自動車 クリーニング"""	 -	車 エアコン 咳目が痒い出張洗浄	 -	福岡で車 エアコン 咳 目が痒い 洗浄にお困りなら。専用洗剤とプロの技術で徹底除去。	 -	車 エアコン 咳 目が痒い 放置すると悪化します。今すぐ専門家へお任せください。	 -	出張費無料で駆けつけます！	 -	使用後は無害になる特殊な洗剤を使用 清掃後は赤ちゃんペットにも無害です。専用の機材を使用	 -	{LOCATION(City):福岡}清掃出張車	エバポ洗浄														Enabled	Enabled	Enabled	Approved	Average	
426-779-6658	和歌山車	福岡県＿車内クリーニング																														エアコン_エバポレーター																																																				https://carinteriorcleaning.jp/regions/fukuoka/evaporator-senjo/					Responsive search ad	【{LOCATION(City):福岡}】出張車エバポレーター	 -	車内エアコンクリーニング	 -	最短即日対応！プロの消臭・洗浄	 -	【電話相談】まずはお電話を	 -	見積もり無料	 -	"""車内エアコンクリーニング業者"""	 -	立会不要で清掃作業で時間も有効	 -	出張車内エバポ清掃専門 店	 -	訪問特化型車内の清掃専門業者	 -	車エアコンクリーニングおまかせ	 -	洗浄後無害になる特殊洗剤を使用	 -	18000円から車内洗浄対応	 -	１シートのみでもOK 圧倒的洗浄	 -	"""軽 自動車 クリーニング"""	 -	"""車 エバポレーター清掃"""	 -	福岡県で車内エアコンクリーニングにお困りなら。専用洗剤とプロの技術で徹底除去。	 -	車内エアコンクリーニングします。今すぐ専門家へお任せください。	 -	出張費無料で駆けつけます！	 -	使用後は無害になる特殊な洗剤を使用 清掃後は赤ちゃんペットにも無害です。専用の機材を使用	 -	{LOCATION(City):福岡}清掃出張車	エバポ洗浄														Enabled	Enabled	Enabled	Approved	Excellent	
426-779-6658	和歌山車	福岡県＿車内クリーニング																														AG_エアコン_エバポ																																																				https://carinteriorcleaning.jp/regions/fukuoka/evaporator-senjo/					Responsive search ad	【{LOCATION(City):福岡}】出張車内クリーニング	 -	福岡 エアコン 臭い 車	 -	最短即日対応！プロの消臭・洗浄	 -	【電話相談】まずはお電話を	 -	見積もり無料	 -	"""車 シート クリーニング 業者"""	 -	立会不要で清掃作業で時間も有効	 -	出張車内 クリーニングの専門 店	 -	訪問特化型車内の清掃専門業者	 -	灯油 コーヒーこぼしおまかせ	 -	洗浄後無害になる特殊洗剤を使用	 -	18000円からシート車内洗浄対応	 -	１シートのみでもOK 圧倒的洗浄	 -	"""軽 自動車 クリーニング"""	 -	"""車 灯油 こぼし クリーニング"""	 -	福岡県で車 汗の臭いや汚れにお困りなら。専用洗剤とプロの技術で徹底除去。	 -	車内の車 汗は放置すると悪化します。今すぐ専門家へお任せください。	 -	出張費無料で駆けつけます！	 -	使用後は無害になる特殊な洗剤を使用 清掃後は赤ちゃんペットにも無害です。専用の機材を使用	 -	{LOCATION(City):福岡}清掃出張車	エバポ洗浄														Enabled	Enabled	Enabled	Approved	Average	
426-779-6658	和歌山車	福岡県＿車内クリーニング																														AG_エアコン_エバポ																																																				https://carinteriorcleaning.jp/regions/fukuoka/evaporator-senjo/					Responsive search ad	【{LOCATION(City):福岡}】出張車内クリーニング	 -	福岡 エバポレーター出張洗浄	 -	最短即日対応！プロの消臭・洗浄	 -	【電話相談】まずはお電話を	 -	見積もり無料	 -	"""車 シート クリーニング 業者"""	 -	立会不要で清掃作業で時間も有効	 -	出張車内 クリーニングの専門 店	 -	訪問特化型車内の清掃専門業者	 -	灯油 コーヒーこぼしおまかせ	 -	洗浄後無害になる特殊洗剤を使用	 -	18000円からシート車内洗浄対応	 -	１シートのみでもOK 圧倒的洗浄	 -	"""軽 自動車 クリーニング"""	 -	福岡の エバポレーター出張洗浄	 -	福岡県でエバポレーター出張洗浄や汚れにお困りなら。専用洗剤とプロの技術で徹底除去。	 -	福岡 エバポレーター出張洗浄 します。今すぐ専門家へお任せください。	 -	出張費無料で駆けつけます！	 -	使用後は無害になる特殊な洗剤を使用 清掃後は赤ちゃんペットにも無害です。専用の機材を使用	 -	{LOCATION(City):福岡}清掃出張車	エバポ洗浄														Enabled	Enabled	Enabled	Approved	Average	
426-779-6658	和歌山車	福岡県＿車内クリーニング																														条件_出張																																																				https://carinteriorcleaning.jp/regions/fukuoka/shutchou-senmon/					Responsive search ad	【{LOCATION(City):福岡}】出張車内クリーニング	 -	出張 車内クリーニング おすすめ	 -	【期間限定】今だけキャンペーン	 -	365日無休24時間受付中LINE対応	 -	{keyword:出張車内清掃}嘔吐（ゲロ）即対応	 -	"""車 シート クリーニング 業者"""	 -	立会不要で清掃作業で時間も有効	 -	出張車内 クリーニングの専門 店	 -	訪問特化型車内の清掃専門業者	 -	灯油 コーヒーこぼしおまかせ	 -	洗浄後無害になる特殊洗剤を使用	 -	18000円からシート車内洗浄対応	 -	１シートのみでもOK 圧倒的洗浄	 -	"""軽 自動車 クリーニング"""	 -	福岡出張車内クリーニングお勧め	 -	{LOCATION(City):福岡}【地元密着】車内清掃 特急便365日24時間受付中！電話で指定場所まで清掃に出張致します	 -	期間限定キャンペーン有！ 会社のお車を2台以上は、さらに割引 お得な出張車内クリーニング	 -	どこでも出張！ マンションや、会社の駐車場まで出張して、電源無しでも車内清掃のプロが作業	 -	使用後は無害になる特殊な洗剤を使用 清掃後は赤ちゃんペットにも無害です。専用の機材を使用	 -	{LOCATION(City):福岡}清掃出張車	出張専門														Enabled	Enabled	Enabled	Approved	Excellent	
426-779-6658	和歌山車	福岡県＿車内クリーニング																														条件_出張																																																				https://carinteriorcleaning.jp/regions/fukuoka/shutchou-senmon/					Responsive search ad	【{LOCATION(City):福岡}】出張車内クリーニング	 -	福岡 出張 車内清掃 即日	 -	最短即日対応！プロの消臭・洗浄	 -	【電話相談】まずはお電話を	 -	見積もり無料	 -	"""車 シート クリーニング 業者"""	 -	立会不要で清掃作業で時間も有効	 -	出張車内 クリーニングの専門 店	 -	訪問特化型車内の清掃専門業者	 -	灯油 コーヒーこぼしおまかせ	 -	洗浄後無害になる特殊洗剤を使用	 -	18000円からシート車内洗浄対応	 -	１シートのみでもOK 圧倒的洗浄	 -	"""軽 自動車 クリーニング"""	 -	福岡 出張 車内清掃 即日業者	 -	福岡県で出張 車内清掃 即日なら。専用洗剤とプロの技術で徹底除去。	 -	福岡 出張 車内清掃 即日業者 今すぐ専門家へお任せください。	 -	出張費無料で駆けつけます！	 -	使用後は無害になる特殊な洗剤を使用 清掃後は赤ちゃんペットにも無害です。専用の機材を使用	 -	{LOCATION(City):福岡}清掃出張車	出張専門														Enabled	Enabled	Enabled	Approved	Average	
426-779-6658	和歌山車	福岡県＿車内クリーニング																														条件_出張																																																				https://carinteriorcleaning.jp/regions/fukuoka/shutchou-senmon/					Responsive search ad	【{LOCATION(City):福岡}】出張車内クリーニング	 -	福岡 車内クリーニング 出張	 -	最短即日対応！プロの消臭・洗浄	 -	【電話相談】まずはお電話を	 -	見積もり無料	 -	"""車 シート クリーニング 業者"""	 -	立会不要で清掃作業で時間も有効	 -	出張車内 クリーニングの専門 店	 -	訪問特化型車内の清掃専門業者	 -	灯油 コーヒーこぼしおまかせ	 -	洗浄後無害になる特殊洗剤を使用	 -	18000円からシート車内洗浄対応	 -	１シートのみでもOK 圧倒的洗浄	 -	"""軽 自動車 クリーニング"""	 -	福岡 車内クリーニング 出張専門	 -	福岡県で車内クリーニング 出張専門 専用洗剤とプロの技術で徹底除去。	 -	福岡 車内クリーニング 出張 今すぐ専門家へお任せください。	 -	出張費無料で駆けつけます！	 -	使用後は無害になる特殊な洗剤を使用 清掃後は赤ちゃんペットにも無害です。専用の機材を使用	 -	{LOCATION(City):福岡}清掃出張車	出張専門														Enabled	Enabled	Enabled	Approved	Average	
426-779-6658	和歌山車	群馬県＿車内クリーニング																														int群馬_通常清掃	85																																										車内 クリーニング 群馬	Phrase	335				 -	 -	 -																																																												Enabled	Enabled	Paused	Approved		
426-779-6658	和歌山車	群馬県＿車内クリーニング																														int群馬_通常清掃	85																																										車 嘔吐 クリーニング 業者	Phrase	82				 -	 -	 -																																																												Enabled	Enabled	Removed	Approved		MOVE_TO:車 嘔吐 クリーニング
426-779-6658	和歌山車	群馬県＿車内クリーニング																														int群馬_通常清掃	85																																										車内 クリーニング 嘔吐 大阪	Phrase	119	132			 -	 -	 -	https://carinteriorcleaning.jp/regions/gunma/																																																											Enabled	Enabled	Removed	Approved		MOVE_TO:車 嘔吐 クリーニング
426-779-6658	和歌山車	群馬県＿車内クリーニング																														int群馬_通常清掃	85																																										車内 クリーニング 嘔吐	Phrase	138				 -	 -	 -																																																												Enabled	Enabled	Removed	Approved		MOVE_TO:車 嘔吐 クリーニング
426-779-6658	和歌山車	群馬県＿車内クリーニング																														int群馬_通常清掃	85																																										車 ゲロ クリーニング	Phrase	137				 -	 -	 -																																																												Enabled	Enabled	Removed	Approved		MOVE_TO:車 嘔吐 クリーニング
426-779-6658	和歌山車	群馬県＿車内クリーニング																														int群馬_通常清掃	85																																										車 嘔吐 臭い 取れ ない	Phrase	117				 -	 -	 -																																																												Enabled	Enabled	Removed	Approved		MOVE_TO:車 嘔吐 クリーニング
426-779-6658	和歌山車	群馬県＿車内クリーニング																														int群馬_通常清掃	85																																										ゲロ 臭い 消し 車	Phrase	212				 -	 -	 -																																																												Enabled	Enabled	Removed	Approved		MOVE_TO:車 嘔吐 クリーニング
426-779-6658	和歌山車	群馬県＿車内クリーニング																														int群馬_通常清掃	85																																										車内 クリーニング 群馬 安い	Broad	92				 -	 -	 -																																																												Enabled	Enabled	Paused	Approved		
426-779-6658	和歌山車	群馬県＿車内クリーニング																														int群馬_通常清掃	85																																										シート ベルト 嘔吐 臭い	Phrase	340	450			 -	 -	 -	https://carinteriorcleaning.jp/regions/gunma/																																																											Enabled	Enabled	Removed	Approved		MOVE_TO:車 嘔吐 クリーニング
426-779-6658	和歌山車	群馬県＿車内クリーニング																														int群馬_通常清掃	85																																										群馬 車内 清掃	Phrase	81				 -	 -	 -																																																												Enabled	Enabled	Paused	Approved		
426-779-6658	和歌山車	群馬県＿車内クリーニング																														int群馬_通常清掃	85																																										車内 清掃 プロ	Phrase	125	152	152	8	Average	Above average	Above average	https://carinteriorcleaning.jp/regions/gunma/interior-cleaning/																																																											Enabled	Enabled	Enabled	Approved		
426-779-6658	和歌山車	群馬県＿車内クリーニング																														int群馬_通常清掃	85																																										車内 クリーニング 嘔吐 どこに 頼む	Phrase	142				 -	 -	 -																																																												Enabled	Enabled	Removed	Approved		MOVE_TO:車 嘔吐 クリーニング
426-779-6658	和歌山車	群馬県＿車内クリーニング																														int群馬_通常清掃	85																																										車 吐瀉 物 掃除	Phrase	668				 -	 -	 -																																																												Enabled	Enabled	Removed	Approved		MOVE_TO:車 嘔吐 クリーニング
426-779-6658	和歌山車	群馬県＿車内クリーニング																														int群馬_通常清掃	85																																										車内 ゲロ クリーニング	Phrase	223				 -	 -	 -																																																												Enabled	Enabled	Removed	Approved		MOVE_TO:車 嘔吐 クリーニング
426-779-6658	和歌山車	群馬県＿車内クリーニング																														int群馬_通常清掃	85																																										車内 嘔吐	Phrase	181				 -	 -	 -																																																												Enabled	Enabled	Removed	Approved		MOVE_TO:車 嘔吐 クリーニング
426-779-6658	和歌山車	群馬県＿車内クリーニング																														int群馬_通常清掃	85																																										車内 クリーニング 専門 業者	Phrase	116	173	242	1	Below average	Below average	Below average	https://carinteriorcleaning.jp/regions/gunma/interior-cleaning/																																																											Enabled	Enabled	Enabled	Approved		
426-779-6658	和歌山車	群馬県＿車内クリーニング																														int群馬_通常清掃	85																																										車内 ゲロ 掃除	Phrase	157				 -	 -	 -																																																												Enabled	Enabled	Removed	Approved		MOVE_TO:車 嘔吐 クリーニング
426-779-6658	和歌山車	群馬県＿車内クリーニング																														int群馬_通常清掃	85																																										車 クリーニング 嘔吐	Phrase	148				 -	 -	 -																																																												Enabled	Enabled	Removed	Approved		MOVE_TO:車 嘔吐 クリーニング
426-779-6658	和歌山車	群馬県＿車内クリーニング																														int群馬_通常清掃	85																																										車 嘔吐 クリーニング	Phrase	114				 -	 -	 -																																																												Enabled	Enabled	Removed	Approved		MOVE_TO:車 嘔吐 クリーニング
426-779-6658	和歌山車	群馬県＿車内クリーニング																														int群馬_通常清掃	85																																										シート ベルト 嘔吐 掃除	Phrase	297				 -	 -	 -																																																												Enabled	Enabled	Removed	Approved		MOVE_TO:車 嘔吐 クリーニング
426-779-6658	和歌山車	群馬県＿車内クリーニング																														int群馬_通常清掃	85																																										車 ゲロ 掃除	Phrase	193				 -	 -	 -																																																												Enabled	Enabled	Removed	Approved		MOVE_TO:車 嘔吐 クリーニング
426-779-6658	和歌山車	群馬県＿車内クリーニング																														int群馬_通常清掃	85																																										車内 クリーニング 専門 店 群馬	Broad	472	472			 -	 -	 -	https://carinteriorcleaning.jp/regions/gunma/interior-cleaning/																																																											Enabled	Enabled	Enabled	Approved		
426-779-6658	和歌山車	群馬県＿車内クリーニング																														int群馬_通常清掃	85																																										車内 嘔吐 臭い 消し	Phrase	202	800	800	3	Below average	Below average	Above average																																																												Enabled	Enabled	Removed	Approved		MOVE_TO:車 嘔吐 クリーニング
426-779-6658	和歌山車	群馬県＿車内クリーニング																														int群馬_通常清掃	85																																										車内 吐い た 掃除	Phrase	396	546	580		 -	 -	 -																																																												Enabled	Enabled	Removed	Approved		MOVE_TO:車 嘔吐 クリーニング
426-779-6658	和歌山車	群馬県＿車内クリーニング																														int群馬_通常清掃																																																				https://carinteriorcleaning.jp/regions/gunma/interior-cleaning/					Responsive search ad	【{LOCATION(City):群馬}】出張車内クリーニング	 -	【92%満足】出張車内清掃	 -	【期間限定】今だけキャンペーン	 -	365日無休24時間受付中LINE対応	 -	{keyword:出張車内清掃}嘔吐（ゲロ）即対応	 -	"""車 シート クリーニング 業者"""	 -	立会不要で清掃作業で時間も有効	 -	出張車内 クリーニングの専門 店	 -	訪問特化型車内の清掃専門業者	 -	灯油 コーヒーこぼしおまかせ	 -	洗浄後無害になる特殊洗剤を使用	 -	18000円からシート車内洗浄対応	 -	１シートのみでもOK 圧倒的洗浄	 -	"""軽 自動車 クリーニング"""	 -	"""車 灯油 こぼし クリーニング"""	 -	{LOCATION(City):群馬}【地元密着】車内清掃 特急便365日24時間受付中！電話で指定場所まで清掃に出張致します	 -	期間限定キャンペーン有！ 会社のお車を2台以上は、さらに割引 お得な出張車内クリーニング	 -	どこでも出張！ マンションや、会社の駐車場まで出張して、電源無しでも車内清掃のプロが作業	 -	使用後は無害になる特殊な洗剤を使用 清掃後は赤ちゃんペットにも無害です。専用の機材を使用	 -	{LOCATION(City):群馬}清掃出張車	車内清掃														Enabled	Enabled	Enabled	Approved	Excellent	
426-779-6658	和歌山車	群馬県＿車内クリーニング																														車内の臭い																																																				https://carinteriorcleaning.jp/regions/gunma/shanai-nioi/					Responsive search ad	【{LOCATION(City):群馬}】出張車内クリーニング	 -	群馬府の車内の臭いクリーニング	 -	最短即日対応！プロの消臭・洗浄	 -	【電話相談】まずはお電話を	 -	見積もり無料	 -	"""車 シート クリーニング 業者"""	 -	立会不要で清掃作業で時間も有効	 -	出張車内 クリーニングの専門 店	 -	訪問特化型車内の清掃専門業者	 -	灯油 コーヒーこぼしおまかせ	 -	洗浄後無害になる特殊洗剤を使用	 -	18000円からシート車内洗浄対応	 -	１シートのみでもOK 圧倒的洗浄	 -	"""軽 自動車 クリーニング"""	 -	"""車 灯油 こぼし クリーニング"""	 -	群馬県で車内の臭いの臭いや汚れにお困りなら。専用洗剤とプロの技術で徹底除去。	 -	車内の車内の臭いは放置すると悪化します。今すぐ専門家へお任せください。	 -	出張費無料で駆けつけます！	 -	使用後は無害になる特殊な洗剤を使用 清掃後は赤ちゃんペットにも無害です。専用の機材を使用	 -	{LOCATION(City):群馬}清掃出張車	車内臭い														Enabled	Enabled	Enabled	Approved	Excellent	
426-779-6658	和歌山車	群馬県＿車内クリーニング																														車　 汗																																										None	"嘔吐""""灯油""""エアコン"	Negative Phrase																																																																			Enabled	Enabled	Removed			SPLIT_TO:嘔吐/灯油/エアコン
426-779-6658	和歌山車	群馬県＿車内クリーニング																														車　 汗																																																				https://carinteriorcleaning.jp/regions/gunma/ase/					Responsive search ad	【{LOCATION(City):群馬}】出張車内クリーニング	 -	群馬の車 汗クリーニング	 -	最短即日対応！プロの消臭・洗浄	 -	【電話相談】まずはお電話を	 -	見積もり無料	 -	"""車 シート クリーニング 業者"""	 -	立会不要で清掃作業で時間も有効	 -	出張車内 クリーニングの専門 店	 -	訪問特化型車内の清掃専門業者	 -	灯油 コーヒーこぼしおまかせ	 -	洗浄後無害になる特殊洗剤を使用	 -	18000円からシート車内洗浄対応	 -	１シートのみでもOK 圧倒的洗浄	 -	"""軽 自動車 クリーニング"""	 -	"""車 灯油 こぼし クリーニング"""	 -	群馬県で車 汗の臭いや汚れにお困りなら。専用洗剤とプロの技術で徹底除去。	 -	車内の車 汗は放置すると悪化します。今すぐ専門家へお任せください。	 -	出張費無料で駆けつけます！	 -	使用後は無害になる特殊な洗剤を使用 清掃後は赤ちゃんペットにも無害です。専用の機材を使用	 -	{LOCATION(City):群馬}清掃出張車	汗ニオイ清掃														Enabled	Enabled	Enabled	Approved	Excellent	
426-779-6658	和歌山車	群馬県＿車内クリーニング																														中古車タバコ臭																																																				https://carinteriorcleaning.jp/regions/gunma/chuko-tabako/					Responsive search ad	【{LOCATION(City):群馬}】出張車内クリーニング	 -	中古車タバコ臭クリーニング	 -	最短即日対応！プロの消臭・洗浄	 -	【電話相談】まずはお電話を	 -	見積もり無料	 -	"""車 シート クリーニング 業者"""	 -	立会不要で清掃作業で時間も有効	 -	出張車内 クリーニングの専門 店	 -	訪問特化型車内の清掃専門業者	 -	灯油 コーヒーこぼしおまかせ	 -	洗浄後無害になる特殊洗剤を使用	 -	18000円からシート車内洗浄対応	 -	１シートのみでもOK 圧倒的洗浄	 -	"""軽 自動車 クリーニング"""	 -	"""車 灯油 こぼし クリーニング"""	 -	群馬県で中古車タバコ臭の臭いや汚れにお困りなら。専用洗剤とプロの技術で徹底除去。	 -	車内の中古車タバコ臭は放置すると悪化します。今すぐ専門家へお任せください。	 -	出張費無料で駆けつけます！	 -	使用後は無害になる特殊な洗剤を使用 清掃後は赤ちゃんペットにも無害です。専用の機材を使用	 -	{LOCATION(City):群馬}清掃出張車	タバコ臭清掃														Enabled	Enabled	Enabled	Approved	Excellent	
426-779-6658	和歌山車	群馬県＿車内クリーニング																														中古車加齢臭																																																				https://carinteriorcleaning.jp/regions/gunma/chuko-kareisyu/					Responsive search ad	【{LOCATION(City):群馬}】出張車内クリーニング	 -	中古車加齢臭クリーニング	 -	最短即日対応！プロの消臭・洗浄	 -	【電話相談】まずはお電話を	 -	見積もり無料	 -	"""車 シート クリーニング 業者"""	 -	立会不要で清掃作業で時間も有効	 -	出張車内 クリーニングの専門 店	 -	訪問特化型車内の清掃専門業者	 -	灯油 コーヒーこぼしおまかせ	 -	洗浄後無害になる特殊洗剤を使用	 -	18000円からシート車内洗浄対応	 -	１シートのみでもOK 圧倒的洗浄	 -	"""軽 自動車 クリーニング"""	 -	"""車 灯油 こぼし クリーニング"""	 -	群馬県で中古車加齢臭の臭いや汚れにお困りなら。専用洗剤とプロの技術で徹底除去。	 -	車内の中古車加齢臭は放置すると悪化します。今すぐ専門家へお任せください。	 -	出張費無料で駆けつけます！	 -	使用後は無害になる特殊な洗剤を使用 清掃後は赤ちゃんペットにも無害です。専用の機材を使用	 -	{LOCATION(City):群馬}清掃出張車	加齢臭消臭														Enabled	Enabled	Enabled	Approved	Excellent	
426-779-6658	和歌山車	群馬県＿車内クリーニング																														車ペット毛																																																				https://carinteriorcleaning.jp/regions/gunma/pet-ke/					Responsive search ad	【{LOCATION(City):群馬}】出張車内クリーニング	 -	群馬府の車ペット毛クリーニング	 -	最短即日対応！プロの消臭・洗浄	 -	【電話相談】まずはお電話を	 -	見積もり無料	 -	"""車 シート クリーニング 業者"""	 -	立会不要で清掃作業で時間も有効	 -	出張車内 クリーニングの専門 店	 -	訪問特化型車内の清掃専門業者	 -	灯油 コーヒーこぼしおまかせ	 -	洗浄後無害になる特殊洗剤を使用	 -	18000円からシート車内洗浄対応	 -	１シートのみでもOK 圧倒的洗浄	 -	"""軽 自動車 クリーニング"""	 -	"""車 灯油 こぼし クリーニング"""	 -	群馬県で車ペット毛の臭いや汚れにお困りなら。専用洗剤とプロの技術で徹底除去。	 -	車内の車ペット毛は放置すると悪化します。今すぐ専門家へお任せください。	 -	出張費無料で駆けつけます！	 -	使用後は無害になる特殊な洗剤を使用 清掃後は赤ちゃんペットにも無害です。専用の機材を使用	 -	{LOCATION(City):群馬}清掃出張車	ペット毛清掃														Enabled	Enabled	Enabled	Approved	Excellent	
426-779-6658	和歌山車	群馬県＿車内クリーニング																														車 嘔吐 クリーニング	85																																										車 嘔吐 クリーニング 群馬	Phrase	359	648			 -	 -	 -	https://carinteriorcleaning.jp/regions/gunma/kyuto-cleaning/																																																											Enabled	Enabled	Enabled	Approved		
426-779-6658	和歌山車	群馬県＿車内クリーニング																														車 嘔吐 クリーニング	85																																										車 クリーニング 群馬	Phrase	113	162			 -	 -	 -	https://carinteriorcleaning.jp/regions/gunma/kyuto-cleaning/																																																											Enabled	Enabled	Enabled	Approved		
426-779-6658	和歌山車	群馬県＿車内クリーニング																														車 嘔吐 クリーニング																																																				https://carinteriorcleaning.jp/regions/gunma/kyuto-cleaning/					Responsive search ad	【{LOCATION(City):群馬}】出張車内クリーニング	 -	車 嘔吐 クリーニング	 -	最短即日対応！プロの消臭・洗浄	 -	【電話相談】まずはお電話を	 -	見積もり無料	 -	"""車 シート クリーニング 業者"""	 -	立会不要で清掃作業で時間も有効	 -	出張車内 クリーニングの専門 店	 -	訪問特化型車内の清掃専門業者	 -	灯油 コーヒーこぼしおまかせ	 -	車 シート 汚れ 落とし 方	 -	18000円からシート車内洗浄対応	 -	１シートのみでもOK 圧倒的洗浄	 -	"""軽 自動車 クリーニング"""	 -	車 の嘔吐の クリーニング	 -	群馬で車 嘔吐 クリーニング 臭いや汚れにお困りなら。専用洗剤とプロの技術で徹底除去。	 -	車 嘔吐 クリーニングする。今すぐ専門家へお任せください。	 -	出張費無料で駆けつけます！	 -	使用後は無害になる特殊な洗剤を使用 清掃後は赤ちゃんペットにも無害です。専用の機材を使用	 -	{LOCATION(City):愛知}清掃出張車	嘔吐ニオイ清掃														Enabled	Enabled	Enabled	Approved	Good	
426-779-6658	和歌山車	群馬県＿車内クリーニング																														車 匂い 消し・消臭洗浄																																																				https://carinteriorcleaning.jp/regions/gunma/kuruma-nioi-keshi/					Responsive search ad	【{LOCATION(City):群馬}】出張車内クリーニング	 -	車 匂い 消し・消臭洗浄	 -	最短即日対応！プロの消臭・洗浄	 -	【電話相談】まずはお電話を	 -	見積もり無料	 -	"""車 匂い 消し消臭洗浄 業者"""	 -	立会不要で清掃作業で時間も有効	 -	車 匂い 消し消臭洗浄の専門 店	 -	訪問特化型車内の清掃専門業者	 -	灯油 コーヒーこぼしもおまかせ	 -	車 シート 汚れ 落とし	 -	18000円からシート車内洗浄対応	 -	１シートのみでもOK 圧倒的洗浄	 -	"""軽 自動車 クリーニング"""	 -	"""車 灯油 こぼし クリーニング"""	 -	群馬県で車の臭いや汚れにお困りなら。専用洗剤とプロの技術で徹底除去。	 -	車内の臭いや汚れは放置すると悪化します。今すぐ専門家へお任せください。	 -	出張費無料で駆けつけます！	 -	使用後は無害になる特殊な洗剤を使用 清掃後は赤ちゃんペットにも無害です。専用の機材を使用	 -	{LOCATION(City):群馬}清掃出張車	匂い消し														Enabled	Enabled	Enabled	Approved	Excellent	
426-779-6658	和歌山車	群馬県＿車内クリーニング																														車　 おもらし																																										None	"嘔吐""""灯油""""エアコン"	Negative Phrase																																																																			Enabled	Enabled	Removed			SPLIT_TO:嘔吐/灯油/エアコン
426-779-6658	和歌山車	群馬県＿車内クリーニング																														車　 おもらし	85																																										車 おもらし	Phrase	421				 -	 -	 -	https://carinteriorcleaning.jp/regions/gunma/omorashi/																																																											Enabled	Enabled	Enabled	Approved		
426-779-6658	和歌山車	群馬県＿車内クリーニング																														車　 おもらし																																																				https://carinteriorcleaning.jp/regions/gunma/omorashi/					Responsive search ad	【{LOCATION(City):群馬}】出張車内クリーニング	 -	群馬の車 おもらしクリーニング	 -	最短即日対応！プロの消臭・洗浄	 -	【電話相談】まずはお電話を	 -	見積もり無料	 -	"""車 シート クリーニング 業者"""	 -	立会不要で清掃作業で時間も有効	 -	出張車内 クリーニングの専門 店	 -	訪問特化型車内の清掃専門業者	 -	灯油 コーヒーこぼしおまかせ	 -	洗浄後無害になる特殊洗剤を使用	 -	18000円からシート車内洗浄対応	 -	１シートのみでもOK 圧倒的洗浄	 -	"""軽 自動車 クリーニング"""	 -	"""群馬の車おしっこクリーニング"""	 -	群馬県で車 おしっこクリーニングの臭いや汚れにお困りなら。専用洗剤とプロの技術で徹底除去。	 -	群馬の車 おしっこクリーニング おもらし放置すると悪化します。今すぐ専門家へお任せください。	 -	出張費無料で駆けつけます！	 -	使用後は無害になる特殊な洗剤を使用 清掃後は赤ちゃんペットにも無害です。専用の機材を使用	 -	{LOCATION(City):群馬}清掃出張車	おもらし清掃														Enabled	Enabled	Enabled	Approved	Excellent	
426-779-6658	和歌山車	群馬県＿車内クリーニング																														車　 エアコン臭い																																																				https://carinteriorcleaning.jp/regions/gunma/ac-nioi/					Responsive search ad	【{LOCATION(City):群馬}】出張車内クリーニング	 -	車 エアコン臭いクリーニング	 -	最短即日対応！プロの消臭・洗浄	 -	【電話相談】まずはお電話を	 -	見積もり無料	 -	"""車 シート クリーニング 業者"""	 -	立会不要で清掃作業で時間も有効	 -	出張車内 クリーニングの専門 店	 -	訪問特化型車内の清掃専門業者	 -	灯油 コーヒーこぼしおまかせ	 -	洗浄後無害になる特殊洗剤を使用	 -	18000円からシート車内洗浄対応	 -	１シートのみでもOK 圧倒的洗浄	 -	"""軽 自動車 クリーニング"""	 -	車 エアコンの臭いクリーニング	 -	群馬県で車 エアコンの臭いクリーニング 汚れにお困りなら。専用洗剤とプロの技術で徹底除去。	 -	車内の エアコンの臭いは放置すると悪化します。今すぐ専門家へお任せください。	 -	出張費無料で駆けつけます！	 -	使用後は無害になる特殊な洗剤を使用 清掃後は赤ちゃんペットにも無害です。専用の機材を使用	 -	{LOCATION(City):群馬}清掃出張車	エアコン臭い														Enabled	Enabled	Enabled	Approved	Excellent	
426-779-6658	和歌山車	群馬県＿車内クリーニング																														車　加齢臭																																																				https://carinteriorcleaning.jp/regions/gunma/kareisyu/					Responsive search ad	【{LOCATION(City):群馬}】出張車内クリーニング	 -	群馬の車 加齢臭クリーニング	 -	最短即日対応！プロの消臭・洗浄	 -	【電話相談】まずはお電話を	 -	見積もり無料	 -	"""車 シート クリーニング 業者"""	 -	立会不要で清掃作業で時間も有効	 -	出張車内 クリーニングの専門 店	 -	訪問特化型車内の清掃専門業者	 -	灯油 コーヒーこぼしおまかせ	 -	洗浄後無害になる特殊洗剤を使用	 -	18000円からシート車内洗浄対応	 -	１シートのみでもOK 圧倒的洗浄	 -	"""軽 自動車 クリーニング"""	 -	"""車 灯油 こぼし クリーニング"""	 -	群馬県で車 加齢臭の臭いや汚れにお困りなら。専用洗剤とプロの技術で徹底除去。	 -	車内の車 加齢臭は放置すると悪化します。今すぐ専門家へお任せください。	 -	出張費無料で駆けつけます！	 -	使用後は無害になる特殊な洗剤を使用 清掃後は赤ちゃんペットにも無害です。専用の機材を使用	 -	{LOCATION(City):群馬}清掃出張車	加齢臭消臭														Enabled	Enabled	Enabled	Approved	Excellent	
426-779-6658	和歌山車	群馬県＿車内クリーニング																														車　 ペット臭																																																				https://carinteriorcleaning.jp/regions/gunma/pet-nioi/					Responsive search ad	【{LOCATION(City):群馬}】出張車内クリーニング	 -	群馬の車 ペット臭クリーニング	 -	最短即日対応！プロの消臭・洗浄	 -	【電話相談】まずはお電話を	 -	見積もり無料	 -	"""車 シート クリーニング 業者"""	 -	立会不要で清掃作業で時間も有効	 -	出張車内 クリーニングの専門 店	 -	訪問特化型車内の清掃専門業者	 -	灯油 コーヒーこぼしおまかせ	 -	洗浄後無害になる特殊洗剤を使用	 -	18000円からシート車内洗浄対応	 -	１シートのみでもOK 圧倒的洗浄	 -	"""軽 自動車 クリーニング"""	 -	"""車 灯油 こぼし クリーニング"""	 -	群馬県で車 ペット臭の臭いや汚れにお困りなら。専用洗剤とプロの技術で徹底除去。	 -	車内の車 ペット臭は放置すると悪化します。今すぐ専門家へお任せください。	 -	出張費無料で駆けつけます！	 -	使用後は無害になる特殊な洗剤を使用 清掃後は赤ちゃんペットにも無害です。専用の機材を使用	 -	{LOCATION(City):群馬}清掃出張車	ペット臭消臭														Enabled	Enabled	Enabled	Approved	Excellent	
426-779-6658	和歌山車	群馬県＿車内クリーニング																														出張 車内クリーニング 専門店																																																				https://carinteriorcleaning.jp/regions/gunma/shutchou-senmon/					Responsive search ad	【{LOCATION(City):群馬}】出張車内クリーニング	 -	出張 車内クリーニング 専門店	 -	最短即日対応！プロの消臭・洗浄	 -	【電話相談】まずはお電話を	 -	見積もり無料	 -	"""車 シート クリーニング 業者"""	 -	立会不要で清掃作業で時間も有効	 -	出張車内 クリーニングの専門 店	 -	訪問特化型車内の清掃専門業者	 -	車 シート 汚れ 落とし	 -	18000円からシート車内洗浄対応	 -	1シート車内洗浄対応	 -	１シートのみでもOK 圧倒的洗浄	 -	"""軽 自動車 クリーニング"""	 -	"""車 灯油 こぼし クリーニング"""	 -	群馬県で出張の車内クリーニング。1席対応も可能。専用洗剤で徹底除去。	 -	車内の臭いや汚れは放置すると悪化します。今すぐ専門家へお任せください。	 -	出張費無料で駆けつけます！	 -	使用後は無害になる特殊な洗剤を使用 清掃後は赤ちゃんペットにも無害です。専用の機材を使用	 -	{LOCATION(City):群馬}出張清掃	専門店														Enabled	Enabled	Enabled	Approved	Excellent	
426-779-6658	和歌山車	群馬県＿車内クリーニング																														車シート 洗浄																																																				https://carinteriorcleaning.jp/regions/gunma/seat-senjo/					Responsive search ad	【{LOCATION(City):群馬}】出張車内クリーニング	 -	群馬車シート 洗浄クリーニング	 -	最短即日対応！プロの消臭・洗浄	 -	【電話相談】まずはお電話を	 -	見積もり無料	 -	"""車 シート クリーニング 業者"""	 -	立会不要で清掃作業で時間も有効	 -	出張車内 クリーニングの専門 店	 -	訪問特化型車内の清掃専門業者	 -	灯油 コーヒーこぼしおまかせ	 -	洗浄後無害になる特殊洗剤を使用	 -	18000円からシート車内洗浄対応	 -	１シートのみでもOK 圧倒的洗浄	 -	"""軽 自動車 クリーニング"""	 -	"""車 灯油 こぼし クリーニング"""	 -	群馬県で車シート 洗浄の臭いや汚れにお困りなら。専用洗剤とプロの技術で徹底除去。	 -	車内の車シート 洗浄は放置すると悪化します。今すぐ専門家へお任せください。	 -	出張費無料で駆けつけます！	 -	使用後は無害になる特殊な洗剤を使用 清掃後は赤ちゃんペットにも無害です。専用の機材を使用	 -	{LOCATION(City):群馬}清掃出張車	シート洗浄														Enabled	Enabled	Enabled	Approved	Excellent	
426-779-6658	和歌山車	群馬県＿車内クリーニング																														車シート クリーニング																																										None	"嘔吐""""灯油""""エアコン"	Negative Phrase																																																																			Enabled	Enabled	Removed			SPLIT_TO:嘔吐/灯油/エアコン
426-779-6658	和歌山車	群馬県＿車内クリーニング																														車シート クリーニング																																																				https://carinteriorcleaning.jp/regions/gunma/seat-cleaning/					Responsive search ad	【{LOCATION(City):群馬}】出張車内クリーニング	 -	群馬車シート クリーニング	 -	最短即日対応！プロの消臭・洗浄	 -	【電話相談】まずはお電話を	 -	見積もり無料	 -	"""車 シート クリーニング 業者"""	 -	立会不要で清掃作業で時間も有効	 -	出張車内 クリーニングの専門 店	 -	訪問特化型車内の清掃専門業者	 -	灯油 コーヒーこぼしおまかせ	 -	洗浄後無害になる特殊洗剤を使用	 -	18000円からシート車内洗浄対応	 -	１シートのみでもOK 圧倒的洗浄	 -	"""軽 自動車 クリーニング"""	 -	"""車 灯油 こぼし クリーニング"""	 -	群馬県で車シート クリーニングの臭いや汚れにお困りなら。専用洗剤とプロの技術で徹底除去。	 -	車内の車シート クリーニングは放置すると悪化します。今すぐ専門家へお任せください。	 -	出張費無料で駆けつけます！	 -	使用後は無害になる特殊な洗剤を使用 清掃後は赤ちゃんペットにも無害です。専用の機材を使用	 -	{LOCATION(City):群馬}清掃出張車	シート清掃														Enabled	Enabled	Enabled	Approved	Excellent	
426-779-6658	和歌山車	群馬県＿車内クリーニング																														車　 おしっこ																																																				https://carinteriorcleaning.jp/regions/gunma/oshikko/					Responsive search ad	【{LOCATION(City):群馬}】出張車内クリーニング	 -	群馬の車 おしっこクリーニング	 -	最短即日対応！プロの消臭・洗浄	 -	【電話相談】まずはお電話を	 -	見積もり無料	 -	"""車 シート クリーニング 業者"""	 -	立会不要で清掃作業で時間も有効	 -	出張車内 クリーニングの専門 店	 -	訪問特化型車内の清掃専門業者	 -	灯油 コーヒーこぼしおまかせ	 -	洗浄後無害になる特殊洗剤を使用	 -	18000円からシート車内洗浄対応	 -	１シートのみでもOK 圧倒的洗浄	 -	"""軽 自動車 クリーニング"""	 -	"""車 こぼし クリーニング"""	 -	群馬県で車 おしっこの臭いや汚れにお困りなら。専用洗剤とプロの技術で徹底除去。	 -	車内の車 おしっこは放置すると悪化します。今すぐ専門家へお任せください。	 -	出張費無料で駆けつけます！	 -	使用後は無害になる特殊な洗剤を使用 清掃後は赤ちゃんペットにも無害です。専用の機材を使用	 -	{LOCATION(City):群馬}清掃出張車	おしっこ消臭														Enabled	Enabled	Enabled	Approved	Excellent	
426-779-6658	和歌山車	群馬県＿車内クリーニング																														車　 うんこ																																																				https://carinteriorcleaning.jp/regions/gunma/unko/					Responsive search ad	【{LOCATION(City):群馬}】出張車内クリーニング	 -	群馬の車 うんこクリーニング	 -	最短即日対応！プロの消臭・洗浄	 -	【電話相談】まずはお電話を	 -	見積もり無料	 -	"""車 シート クリーニング 業者"""	 -	立会不要で清掃作業で時間も有効	 -	出張車内 クリーニングの専門 店	 -	訪問特化型車内の清掃専門業者	 -	灯油 コーヒーこぼしおまかせ	 -	洗浄後無害になる特殊洗剤を使用	 -	18000円からシート車内洗浄対応	 -	１シートのみでもOK 圧倒的洗浄	 -	"""軽 自動車 クリーニング"""	 -	車うんこの クリーニング	 -	群馬県で車 うんこの臭いや汚れにお困りなら。専用洗剤とプロの技術で徹底除去。	 -	車内の車 うんこは放置すると悪化します。今すぐ専門家へお任せください。	 -	出張費無料で駆けつけます！	 -	使用後は無害になる特殊な洗剤を使用 清掃後は赤ちゃんペットにも無害です。専用の機材を使用	 -	{LOCATION(City):群馬}清掃出張車	うんこ清掃														Enabled	Enabled	Enabled	Approved	Average	
426-779-6658	和歌山車	群馬県＿車内クリーニング																														車の匂い取り																																										None	"嘔吐""""灯油""""エアコン"	Negative Phrase																																																																			Enabled	Enabled	Removed			SPLIT_TO:嘔吐/灯油/エアコン
426-779-6658	和歌山車	群馬県＿車内クリーニング																														車の匂い取り																																																				https://carinteriorcleaning.jp/regions/gunma/kuruma-nioitori/					Responsive search ad	【{LOCATION(City):群馬}】出張車内クリーニング	 -	群馬の車の匂い取りクリーニング	 -	最短即日対応！プロの消臭・洗浄	 -	【電話相談】まずはお電話を	 -	見積もり無料	 -	"""車 シート クリーニング 業者"""	 -	立会不要で清掃作業で時間も有効	 -	出張車内 クリーニングの専門 店	 -	訪問特化型車内の清掃専門業者	 -	灯油 コーヒーこぼしおまかせ	 -	洗浄後無害になる特殊洗剤を使用	 -	18000円からシート車内洗浄対応	 -	１シートのみでもOK 圧倒的洗浄	 -	"""軽 自動車 クリーニング"""	 -	"""車 灯油 こぼし クリーニング"""	 -	群馬県で車の匂い取りの臭いや汚れにお困りなら。専用洗剤とプロの技術で徹底除去。	 -	車内の車の匂い取りは放置すると悪化します。今すぐ専門家へお任せください。	 -	出張費無料で駆けつけます！	 -	使用後は無害になる特殊な洗剤を使用 清掃後は赤ちゃんペットにも無害です。専用の機材を使用	 -	{LOCATION(City):群馬}清掃出張車	匂い取り														Enabled	Enabled	Enabled	Approved	Excellent	
426-779-6658	和歌山車	群馬県＿車内クリーニング																														車　 タバコの匂い汚れ・タバコのヤニ																																																				https://carinteriorcleaning.jp/regions/gunma/tabako-yani/					Responsive search ad	【{LOCATION(City):群馬}】出張車内クリーニング	 -	車 タバコ匂い汚れクリーニング	 -	最短即日対応！プロの消臭・洗浄	 -	【電話相談】まずはお電話を	 -	見積もり無料	 -	"""車 シート クリーニング 業者"""	 -	立会不要で清掃作業で時間も有効	 -	出張車内 クリーニングの専門 店	 -	訪問特化型車内の清掃専門業者	 -	灯油 コーヒーこぼしおまかせ	 -	洗浄後無害になる特殊洗剤を使用	 -	18000円からシート車内洗浄対応	 -	１シートのみでもOK 圧倒的洗浄	 -	"""軽 自動車 クリーニング"""	 -	"""車 灯油 こぼし クリーニング"""	 -	群馬県で車 タバコの匂い汚れの臭いや汚れにお困りなら。専用洗剤とプロの技術で徹底除去。	 -	車内の車 タバコの匂い汚れは放置すると悪化します。今すぐ専門家へお任せください。	 -	出張費無料で駆けつけます！	 -	使用後は無害になる特殊な洗剤を使用 清掃後は赤ちゃんペットにも無害です。専用の機材を使用	 -	{LOCATION(City):群馬}清掃出張車	タバコヤニ清掃														Enabled	Enabled	Enabled	Approved	Good	
426-779-6658	和歌山車	群馬県＿車内クリーニング																														車内 灯油 こぼし																																																				https://carinteriorcleaning.jp/regions/gunma/touyu-kobosi/					Responsive search ad	【{LOCATION(City):群馬}】出張車内クリーニング	 -	車内 灯油 こぼしクリーニング	 -	最短即日対応！プロの消臭・洗浄	 -	【電話相談】まずはお電話を	 -	見積もり無料	 -	"""車 シート クリーニング 業者"""	 -	立会不要で清掃作業で時間も有効	 -	出張車内 クリーニングの専門 店	 -	訪問特化型車内の清掃専門業者	 -	灯油 コーヒーこぼしおまかせ	 -	洗浄後無害になる特殊洗剤を使用	 -	18000円からシート車内洗浄対応	 -	１シートのみでもOK 圧倒的洗浄	 -	"""軽 自動車 クリーニング"""	 -	"""車 灯油 こぼし クリーニング"""	 -	群馬県で車内 灯油 こぼしの臭いや汚れにお困りなら。専用洗剤とプロの技術で徹底除去。	 -	車内の車内 灯油 こぼしは放置すると悪化します。今すぐ専門家へお任せください。	 -	出張費無料で駆けつけます！	 -	使用後は無害になる特殊な洗剤を使用 清掃後は赤ちゃんペットにも無害です。専用の機材を使用	 -	{LOCATION(City):群馬}清掃出張車	灯油清掃														Enabled	Enabled	Enabled	Approved	Excellent	
426-779-6658	和歌山車	群馬県＿車内クリーニング																														int トラック群馬	85																																										車内 クリーニング 群馬	Phrase	335				 -	 -	 -	https://carinteriorcleaning.jp/regions/gunma-truck/																																																											Enabled	Enabled	Paused	Approved		
426-779-6658	和歌山車	群馬県＿車内クリーニング																														int トラック群馬	85																																										車内 クリーニング 専門 店 群馬	Phrase	400				 -	 -	 -	https://carinteriorcleaning.jp/regions/gunma-truck/																																																											Enabled	Enabled	Paused	Approved		
426-779-6658	和歌山車	群馬県＿車内クリーニング																														int トラック群馬	85																																										群馬 車内 清掃	Phrase	81				 -	 -	 -	https://carinteriorcleaning.jp/regions/gunma-truck/																																																											Enabled	Enabled	Paused	Approved		
426-779-6658	和歌山車	群馬県＿車内クリーニング																														int トラック群馬	85																																										車内 クリーニング 嘔吐 群馬	Phrase	119				 -	 -	 -	https://carinteriorcleaning.jp/regions/gunma-truck/																																																											Enabled	Enabled	Paused	Approved		
426-779-6658	和歌山車	群馬県＿車内クリーニング																														AG_緊急_嘔吐	85																																										群馬 車内 嘔吐 出張	Phrase	85				 -	 -	 -	https://carinteriorcleaning.jp/regions/gunma/kyuto-cleaning/																																																											Enabled	Enabled	Enabled	Approved		
426-779-6658	和歌山車	群馬県＿車内クリーニング																														AG_緊急_嘔吐	85																																										群馬 嘔吐 車内清掃	Phrase	65				 -	 -	 -	https://carinteriorcleaning.jp/regions/gunma/kyuto-cleaning/																																																											Enabled	Enabled	Enabled	Approved		
426-779-6658	和歌山車	群馬県＿車内クリーニング																														AG_緊急_嘔吐																																																				https://carinteriorcleaning.jp/regions/gunma/kyuto-cleaning/					Responsive search ad	【{LOCATION(City):群馬}】出張車内クリーニング	 -	車 ゲロ 消臭 即日	 -	最短即日対応！プロの消臭・洗浄	 -	【電話相談】まずはお電話を	 -	見積もり無料	 -	ペット粗相洗浄業者	 -	立会不要で清掃作業で時間も有効	 -	出張車内 クリーニングの専門 店	 -	訪問特化型車内の清掃専門業者	 -	ペットうんちクリーニング	 -	車 シート 汚れ 落とし 方	 -	18000円からシート車内洗浄対応	 -	１シートのみでもOK 圧倒的洗浄	 -	"""軽 自動車 クリーニング"""	 -	車 ゲロ 消臭 即日クリーニング	 -	群馬で車 ゲロ 消臭 即日にお困りなら。専用洗剤とプロの技術で徹底除去。	 -	車内の車 ゲロ 消臭 即日します。今すぐ専門家へお任せください。	 -	出張費無料で駆けつけます！	 -	使用後は無害になる特殊な洗剤を使用 清掃後は赤ちゃんペットにも無害です。専用の機材を使用	 -	{LOCATION(City):群馬}清掃出張車	嘔吐ニオイ清掃														Enabled	Enabled	Enabled	Approved	Average	
426-779-6658	和歌山車	群馬県＿車内クリーニング																														AG_緊急_子供嘔吐	85																																										群馬 子供 嘔吐 車内	Phrase	85				 -	 -	 -	https://carinteriorcleaning.jp/regions/gunma/kodomo-kyuto/																																																											Enabled	Enabled	Enabled	Approved		
426-779-6658	和歌山車	群馬県＿車内クリーニング																														AG_緊急_灯油	85																																										群馬 灯油 こぼし 車	Phrase	85				 -	 -	 -	https://carinteriorcleaning.jp/regions/gunma/touyu-kobosi/																																																											Enabled	Enabled	Enabled	Approved		
426-779-6658	和歌山車	群馬県＿車内クリーニング																														AG_緊急_灯油																																																				https://carinteriorcleaning.jp/regions/gunma/touyu-kobosi/					Responsive search ad	【{LOCATION(City):群馬}】出張車内クリーニング	 -	車 灯油 こぼし 出張	 -	最短即日対応！プロの消臭・洗浄	 -	【電話相談】まずはお電話を	 -	見積もり無料	 -	"""車 シート クリーニング 業者"""	 -	立会不要で清掃作業で時間も有効	 -	出張車内 クリーニングの専門 店	 -	訪問特化型車内の清掃専門業者	 -	灯油 コーヒーこぼしおまかせ	 -	洗浄後無害になる特殊洗剤を使用	 -	18000円からシート車内洗浄対応	 -	１シートのみでもOK 圧倒的洗浄	 -	"""軽 自動車 クリーニング"""	 -	"""車 灯油 こぼし クリーニング"""	 -	群馬県で車内 灯油 こぼしの臭いや汚れにお困りなら。専用洗剤とプロの技術で徹底除去。	 -	車内の車 灯油 こぼしは放置すると悪化します。今すぐ専門家へお任せください。	 -	出張費無料で駆けつけます！	 -	使用後は無害になる特殊な洗剤を使用 清掃後は赤ちゃんペットにも無害です。専用の機材を使用	 -	{LOCATION(City):群馬}清掃出張車	灯油清掃														Enabled	Enabled	Enabled	Approved	Good	
426-779-6658	和歌山車	群馬県＿車内クリーニング																														AG_緊急_灯油																																																				https://carinteriorcleaning.jp/regions/gunma/touyu-kobosi/					Responsive search ad	【{LOCATION(City):群馬}】出張車内クリーニング	 -	車 灯油 臭い 取れない 業者	 -	最短即日対応！プロの消臭・洗浄	 -	【電話相談】まずはお電話を	 -	見積もり無料	 -	"""車 シート クリーニング 業者"""	 -	立会不要で清掃作業で時間も有効	 -	出張車内 クリーニングの専門 店	 -	訪問特化型車内の清掃専門業者	 -	灯油 コーヒーこぼしおまかせ	 -	洗浄後無害になる特殊洗剤を使用	 -	18000円からシート車内洗浄対応	 -	１シートのみでもOK 圧倒的洗浄	 -	"""軽 自動車 クリーニング"""	 -	車 灯油臭い取業者クリーニング	 -	群馬県で車 灯油 臭い 取れない 業者探しにお困りなら。専用洗剤とプロの技術で徹底除去。	 -	車内の車 灯油 臭いは放置すると悪化します。今すぐ専門家へお任せください。	 -	出張費無料で駆けつけます！	 -	使用後は無害になる特殊な洗剤を使用 清掃後は赤ちゃんペットにも無害です。専用の機材を使用	 -	{LOCATION(City):群馬}清掃出張車	灯油清掃														Enabled	Enabled	Enabled	Approved	Excellent	
426-779-6658	和歌山車	群馬県＿車内クリーニング																														AG_緊急_灯油																																																				https://carinteriorcleaning.jp/regions/gunma/touyu-kobosi/					Responsive search ad	【{LOCATION(City):群馬}】出張車内クリーニング	 -	車 灯油 こぼした 消臭 出張	 -	最短即日対応！プロの消臭・洗浄	 -	【電話相談】まずはお電話を	 -	見積もり無料	 -	"""車 シート クリーニング 業者"""	 -	立会不要で清掃作業で時間も有効	 -	出張車内 クリーニングの専門 店	 -	訪問特化型車内の清掃専門業者	 -	灯油 コーヒーこぼしおまかせ	 -	洗浄後無害になる特殊洗剤を使用	 -	18000円からシート車内洗浄対応	 -	１シートのみでもOK 圧倒的洗浄	 -	"""軽 自動車 クリーニング"""	 -	"""車 灯油 こぼし クリーニング"""	 -	群馬県で車 灯油 こぼしの臭いや汚れにお困りなら。専用洗剤とプロの技術で徹底除去。	 -	車内の車 灯油 こぼした 消臭 出張します。今すぐ専門家へお任せください。	 -	出張費無料で駆けつけます！	 -	使用後は無害になる特殊な洗剤を使用 清掃後は赤ちゃんペットにも無害です。専用の機材を使用	 -	{LOCATION(City):群馬}清掃出張車	灯油清掃														Enabled	Enabled	Enabled	Approved	Good	
426-779-6658	和歌山車	群馬県＿車内クリーニング																														AG_緊急_ペット	85																																										車 おもらし シート 洗浄	Phrase	85				 -	 -	 -	https://carinteriorcleaning.jp/regions/gunma/omorashi/																																																											Enabled	Enabled	Enabled	Approved		
426-779-6658	和歌山車	群馬県＿車内クリーニング																														AG_緊急_ペット	85																																										犬 車 お漏らし 消臭 業者	Phrase	85				 -	 -	 -	https://carinteriorcleaning.jp/regions/gunma/omorashi/																																																											Enabled	Enabled	Enabled	Approved		
426-779-6658	和歌山車	群馬県＿車内クリーニング																														AG_緊急_ペット	85																																										群馬 ペット 車内 清掃	Phrase	85				 -	 -	 -	https://carinteriorcleaning.jp/regions/gunma/oshikko/																																																											Enabled	Enabled	Enabled	Approved		
426-779-6658	和歌山車	群馬県＿車内クリーニング																														AG_緊急_ペット																																																				https://carinteriorcleaning.jp/regions/gunma/oshikko/					Responsive search ad	【{LOCATION(City):群馬}】出張車内クリーニング	 -	車 おしっこ シート 洗浄 出張	 -	最短即日対応！プロの消臭・洗浄	 -	【電話相談】まずはお電話を	 -	見積もり無料	 -	"""車 シート クリーニング 業者"""	 -	立会不要で清掃作業で時間も有効	 -	出張車内 クリーニングの専門 店	 -	訪問特化型車内の清掃専門業者	 -	灯油 コーヒーこぼしおまかせ	 -	洗浄後無害になる特殊洗剤を使用	 -	18000円からシート車内洗浄対応	 -	１シートのみでもOK 圧倒的洗浄	 -	"""軽 自動車 クリーニング"""	 -	"""車のおしっこ シート 洗浄出張"""	 -	おしっこの臭いや汚れにお困りなら。専用洗剤とプロの技術で徹底除去。	 -	車内の おしっこ シートの臭いは放置すると悪化します。今すぐ専門家へお任せください。	 -	出張費無料で駆けつけます！	 -	使用後は無害になる特殊な洗剤を使用 清掃後は赤ちゃんペットにも無害です。専用の機材を使用	 -	{LOCATION(City):群馬}清掃出張車	おしっこ消臭														Enabled	Enabled	Enabled	Approved	Average	
426-779-6658	和歌山車	群馬県＿車内クリーニング																														AG_緊急_ペット																																																				https://carinteriorcleaning.jp/regions/gunma/oshikko/					Responsive search ad	【{LOCATION(City):群馬}】出張車内クリーニング	 -	車 おもらし シート 洗浄	 -	最短即日対応！プロの消臭・洗浄	 -	【電話相談】まずはお電話を	 -	見積もり無料	 -	"""車 シート クリーニング 業者"""	 -	立会不要で清掃作業で時間も有効	 -	出張車内 クリーニングの専門 店	 -	訪問特化型車内の清掃専門業者	 -	灯油 コーヒーこぼしおまかせ	 -	洗浄後無害になる特殊洗剤を使用	 -	18000円からシート車内洗浄対応	 -	１シートのみでもOK 圧倒的洗浄	 -	"""軽 自動車 クリーニング"""	 -	"""車 おもらし シート 洗浄"""	 -	車 おもらし シート 洗浄 臭いや汚れにお困りなら。専用洗剤とプロの技術で徹底除去。	 -	車内の車 おもらし シート 洗浄は放置すると悪化します。今すぐ専門家へお任せください。	 -	出張費無料で駆けつけます！	 -	使用後は無害になる特殊な洗剤を使用 清掃後は赤ちゃんペットにも無害です。専用の機材を使用	 -	{LOCATION(City):群馬}清掃出張車	おしっこ消臭														Enabled	Enabled	Enabled	Approved	Average	
426-779-6658	和歌山車	群馬県＿車内クリーニング																														AG_緊急_ペット																																																				https://carinteriorcleaning.jp/regions/gunma/oshikko/					Responsive search ad	【{LOCATION(City):群馬}】出張車内クリーニング	 -	ペット 粗相 車 消臭	 -	最短即日対応！プロの消臭・洗浄	 -	【電話相談】まずはお電話を	 -	見積もり無料	 -	"""車 シート クリーニング 業者"""	 -	立会不要で清掃作業で時間も有効	 -	出張車内 クリーニングの専門 店	 -	訪問特化型車内の清掃専門業者	 -	灯油 コーヒーこぼしおまかせ	 -	洗浄後無害になる特殊洗剤を使用	 -	18000円からシート車内洗浄対応	 -	１シートのみでもOK 圧倒的洗浄	 -	"""軽 自動車 クリーニング"""	 -	"""車ペット粗相消臭クリーニング"""	 -	群馬県で車ペット粗相消臭や汚れにお困りなら。専用洗剤とプロの技術で徹底除去。	 -	車内の車ペット粗相は放置すると悪化します。今すぐ専門家へお任せください。	 -	出張費無料で駆けつけます！	 -	使用後は無害になる特殊な洗剤を使用 清掃後は赤ちゃんペットにも無害です。専用の機材を使用	 -	{LOCATION(City):群馬}清掃出張車	おしっこ消臭														Enabled	Enabled	Enabled	Approved	Good	
426-779-6658	和歌山車	群馬県＿車内クリーニング																														AG_消臭_口語	85																																										群馬 車内 消臭 出張	Phrase	85				 -	 -	 -	https://carinteriorcleaning.jp/regions/gunma/kuruma-nioi-keshi/																																																											Enabled	Enabled	Enabled	Approved		
426-779-6658	和歌山車	群馬県＿車内クリーニング																														AG_消臭_口語																																																				https://carinteriorcleaning.jp/regions/gunma/kuruma-nioi-keshi/					Responsive search ad	【{LOCATION(City):群馬}】出張車内クリーニング	 -	車 匂い 消し 業者	 -	【期間限定】今だけキャンペーン	 -	365日無休24時間受付中LINE対応	 -	{keyword:出張車内清掃}嘔吐（ゲロ）即対応	 -	"""車 シート クリーニング 業者"""	 -	立会不要で清掃作業で時間も有効	 -	出張車内 クリーニングの専門 店	 -	訪問特化型車内の清掃専門業者	 -	灯油 コーヒーこぼしおまかせ	 -	洗浄後無害になる特殊洗剤を使用	 -	18000円からシート車内洗浄対応	 -	１シートのみでもOK 圧倒的洗浄	 -	"""軽 自動車 クリーニング"""	 -	"""車 灯油 こぼし クリーニング"""	 -	{LOCATION(City):群馬}【地元密着】車内清掃 特急便365日24時間受付中！電話で指定場所まで清掃に出張致します	 -	期間限定キャンペーン有！ 会社のお車を2台以上は、さらに割引 お得な出張車内クリーニング	 -	どこでも出張！ マンションや、会社の駐車場まで出張して、電源無しでも車内清掃のプロが作業	 -	使用後は無害になる特殊な洗剤を使用 清掃後は赤ちゃんペットにも無害です。専用の機材を使用	 -	{LOCATION(City):群馬}清掃出張車	匂い消し														Enabled	Enabled	Enabled	Approved	Average	
426-779-6658	和歌山車	群馬県＿車内クリーニング																														AG_消臭_口語																																																				https://carinteriorcleaning.jp/regions/gunma/kuruma-nioi-keshi/					Responsive search ad	【{LOCATION(City):群馬}】出張車内クリーニング	 -	車内 クサイ 消臭	 -	最短即日対応！プロの消臭・洗浄	 -	【電話相談】まずはお電話を	 -	見積もり無料	 -	ペット粗相洗浄業者	 -	立会不要で清掃作業で時間も有効	 -	出張車内 クリーニングの専門 店	 -	訪問特化型車内の清掃専門業者	 -	ペットうんちクリーニング	 -	車 シート 汚れ 落とし 方	 -	18000円からシート車内洗浄対応	 -	１シートのみでもOK 圧倒的洗浄	 -	"""軽 自動車 クリーニング"""	 -	"""車内 クサイ 消臭クリーニング"""	 -	群馬で車内 クサイ 臭いや汚れにお困りなら。専用洗剤とプロの技術で徹底除去。	 -	車内の車内 クサイ 消臭します おまかせください	 -	出張費無料で駆けつけます！	 -	使用後は無害になる特殊な洗剤を使用 清掃後は赤ちゃんペットにも無害です。専用の機材を使用	 -	{LOCATION(City):群馬}清掃出張車	匂い消し														Enabled	Enabled	Enabled	Approved	Average	
426-779-6658	和歌山車	群馬県＿車内クリーニング																														AG_消臭_口語																																																				https://carinteriorcleaning.jp/regions/gunma/kuruma-nioi-keshi/					Responsive search ad	【{LOCATION(City):群馬}】出張車内クリーニング	 -	車 臭い 取れない プロ	 -	最短即日対応！プロの消臭・洗浄	 -	【電話相談】まずはお電話を	 -	見積もり無料	 -	"""車 シート クリーニング 業者"""	 -	立会不要で清掃作業で時間も有効	 -	出張車内 クリーニングの専門 店	 -	訪問特化型車内の清掃専門業者	 -	灯油 コーヒーこぼしおまかせ	 -	洗浄後無害になる特殊洗剤を使用	 -	18000円からシート車内洗浄対応	 -	１シートのみでもOK 圧倒的洗浄	 -	"""軽 自動車 クリーニング"""	 -	"""車 灯油 こぼし クリーニング"""	 -	群馬県で車内の臭いの臭いや汚れにお困りなら。専用洗剤とプロの技術で徹底除去。	 -	車内の車内の臭いは放置すると悪化します。今すぐ専門家へお任せください。	 -	出張費無料で駆けつけます！	 -	使用後は無害になる特殊な洗剤を使用 清掃後は赤ちゃんペットにも無害です。専用の機材を使用	 -	{LOCATION(City):群馬}清掃出張車	匂い消し														Enabled	Enabled	Enabled	Approved	Average	
426-779-6658	和歌山車	群馬県＿車内クリーニング																														AG_消臭_中古車	85																																										群馬 中古車 臭い 車内	Phrase	85				 -	 -	 -	https://carinteriorcleaning.jp/regions/gunma/chuko-tabako/																																																											Enabled	Enabled	Enabled	Approved		
426-779-6658	和歌山車	群馬県＿車内クリーニング																														AG_消臭_中古車																																																				https://carinteriorcleaning.jp/regions/gunma/chuko-tabako/					Responsive search ad	【{LOCATION(City):群馬}】出張車内クリーニング	 -	中古車 加齢臭 車内	 -	最短即日対応！プロの消臭・洗浄	 -	【電話相談】まずはお電話を	 -	見積もり無料	 -	ペット粗相洗浄業者	 -	立会不要で清掃作業で時間も有効	 -	出張車内 クリーニングの専門 店	 -	訪問特化型車内の清掃専門業者	 -	ペットうんちクリーニング	 -	車 シート 汚れ 落とし 方	 -	18000円からシート車内洗浄対応	 -	１シートのみでもOK 圧倒的洗浄	 -	"""軽 自動車 クリーニング"""	 -	"""車 灯油 こぼし クリーニング"""	 -	群馬で車 加齢臭の臭いや汚れにお困りなら。専用洗剤とプロの技術で徹底除去。	 -	車内の車 加齢臭は放置すると悪化します。今すぐ専門家へお任せください。	 -	出張費無料で駆けつけます！	 -	使用後は無害になる特殊な洗剤を使用 清掃後は赤ちゃんペットにも無害です。専用の機材を使用	 -	{LOCATION(City):群馬}清掃出張車	タバコ臭清掃														Enabled	Enabled	Enabled	Approved	Average	
426-779-6658	和歌山車	群馬県＿車内クリーニング																														AG_消臭_湿気カビ	85																																										群馬 車内 カビ臭	Phrase	85				 -	 -	 -	https://carinteriorcleaning.jp/regions/gunma/shanai-nioi/																																																											Enabled	Enabled	Enabled	Approved		
426-779-6658	和歌山車	群馬県＿車内クリーニング																														AG_消臭_湿気カビ	85																																										群馬 湿気 車内 臭い	Phrase	85				 -	 -	 -	https://carinteriorcleaning.jp/regions/gunma/shanai-nioi/																																																											Enabled	Enabled	Enabled	Approved		
426-779-6658	和歌山車	群馬県＿車内クリーニング																														AG_消臭_湿気カビ																																																				https://carinteriorcleaning.jp/regions/gunma/shanai-nioi/					Responsive search ad	【{LOCATION(City):群馬}】出張車内クリーニング	 -	車内 カビ臭 取り方 業者	 -	最短即日対応！プロの消臭・洗浄	 -	【電話相談】まずはお電話を	 -	見積もり無料	 -	"""車 シート クリーニング 業者"""	 -	立会不要で清掃作業で時間も有効	 -	出張車内 クリーニングの専門 店	 -	訪問特化型車内の清掃専門業者	 -	灯油 コーヒーこぼしおまかせ	 -	洗浄後無害になる特殊洗剤を使用	 -	18000円からシート車内洗浄対応	 -	１シートのみでもOK 圧倒的洗浄	 -	"""軽 自動車 クリーニング"""	 -	"""車 車内 カビ臭 取り方 業者"""	 -	群馬県で車内 カビ臭 取り方 業者にお困りなら。専用洗剤とプロの技術で徹底除去。	 -	車内の車内 カビ臭は放置すると悪化します。今すぐ専門家へお任せください。	 -	出張費無料で駆けつけます！	 -	使用後は無害になる特殊な洗剤を使用 清掃後は赤ちゃんペットにも無害です。専用の機材を使用	 -	{LOCATION(City):群馬}清掃出張車	車内臭い														Enabled	Enabled	Enabled	Approved	Average	
426-779-6658	和歌山車	群馬県＿車内クリーニング																														AG_消臭_湿気カビ																																																				https://carinteriorcleaning.jp/regions/gunma/shanai-nioi/					Responsive search ad	【{LOCATION(City):群馬}】出張車内クリーニング	 -	車 湿気 臭い シート 洗浄	 -	最短即日対応！プロの消臭・洗浄	 -	【電話相談】まずはお電話を	 -	見積もり無料	 -	"""車 シート クリーニング 業者"""	 -	立会不要で清掃作業で時間も有効	 -	出張車内 クリーニングの専門 店	 -	訪問特化型車内の清掃専門業者	 -	灯油 コーヒーこぼしおまかせ	 -	洗浄後無害になる特殊洗剤を使用	 -	18000円からシート車内洗浄対応	 -	１シートのみでもOK 圧倒的洗浄	 -	"""軽 自動車 クリーニング"""	 -	車の湿気臭シートの洗浄	 -	群馬県で車 湿気の臭いや汚れにお困りなら。専用洗剤とプロの技術で徹底除去。	 -	車内車 湿気 臭い シートは放置すると悪化します。今すぐ専門家へお任せください。	 -	出張費無料で駆けつけます！	 -	使用後は無害になる特殊な洗剤を使用 清掃後は赤ちゃんペットにも無害です。専用の機材を使用	 -	{LOCATION(City):群馬}清掃出張車	車内臭い														Enabled	Enabled	Enabled	Approved	Average	
426-779-6658	和歌山車	群馬県＿車内クリーニング																														AG_消臭_湿気カビ																																																				https://carinteriorcleaning.jp/regions/gunma/shanai-nioi/					Responsive search ad	【{LOCATION(City):群馬}】出張車内クリーニング	 -	車 原因不明 臭い 消臭 業者	 -	最短即日対応！プロの消臭・洗浄	 -	【電話相談】まずはお電話を	 -	見積もり無料	 -	"""車 シート クリーニング 業者"""	 -	立会不要で清掃作業で時間も有効	 -	出張車内 クリーニングの専門 店	 -	訪問特化型車内の清掃専門業者	 -	灯油 コーヒーこぼしおまかせ	 -	洗浄後無害になる特殊洗剤を使用	 -	18000円からシート車内洗浄対応	 -	１シートのみでもOK 圧倒的洗浄	 -	"""軽 自動車 クリーニング"""	 -	車原因不明臭い消臭クリーニング	 -	群馬県で車原因不明臭や汚れにお困りなら。専用洗剤とプロの技術で徹底除去。	 -	車内の車 原因不明 臭は放置すると悪化します。今すぐ専門家へお任せください。	 -	出張費無料で駆けつけます！	 -	使用後は無害になる特殊な洗剤を使用 清掃後は赤ちゃんペットにも無害です。専用の機材を使用	 -	{LOCATION(City):群馬}清掃出張車	車内臭い														Enabled	Enabled	Enabled	Approved	Average	
426-779-6658	和歌山車	群馬県＿車内クリーニング																														AG_エアコン_エバポレーター	85																																										群馬 エアコン 臭い 車	Phrase	322				 -	 -	 -	https://carinteriorcleaning.jp/regions/gunma/evaporator-senjo/																																																											Enabled	Enabled	Enabled	Approved		
426-779-6658	和歌山車	群馬県＿車内クリーニング																														AG_エアコン_エバポレーター	85																																										群馬 エバポレーター洗浄 出張	Phrase	85				 -	 -	 -	https://carinteriorcleaning.jp/regions/gunma/evaporator-senjo/																																																											Enabled	Enabled	Enabled	Approved		
426-779-6658	和歌山車	群馬県＿車内クリーニング																														AG_エアコン_エバポレーター																																																				https://carinteriorcleaning.jp/regions/gunma/evaporator-senjo/					Responsive search ad	【{LOCATION(City):群馬}】車内のエアコン洗浄	 -	エバポレーター洗浄 出張	 -	最短即日対応！プロの消臭・洗浄	 -	【電話相談】まずはお電話を	 -	見積もり無料	 -	"""車 エバポレーター洗浄 業者"""	 -	立会不要で清掃作業で時間も有効	 -	出張エバポレーター洗浄専門 店	 -	訪問特化型車内の清掃専門業者	 -	エバポレーター洗浄 おまかせ	 -	洗浄後無害になる特殊洗剤を使用	 -	18000円からシート車内洗浄対応	 -	１シートのみでもOK 圧倒的洗浄	 -	"""軽 自動車 クリーニング"""	 -	車 エバポレータークリーニング	 -	群馬県で車 エバポレーター洗浄お困りなら。専用洗剤とプロの技術で徹底除去。	 -	エバポレーター洗浄は放置すると悪化します。今すぐ専門家へお任せください。	 -	出張費無料で駆けつけます！	 -	使用後は無害になる特殊な洗剤を使用 清掃後は赤ちゃんペットにも無害です。専用の機材を使用	 -	{LOCATION(City):群馬}清掃出張車	エバポ洗浄														Enabled	Enabled	Enabled	Approved	Average	
426-779-6658	和歌山車	群馬県＿車内クリーニング																														AG_エアコン_エバポレーター																																																				https://carinteriorcleaning.jp/regions/gunma/evaporator-senjo/					Responsive search ad	【{LOCATION(City):群馬}】出張車内クリーニング	 -	車 エアコン 酸っぱい 臭い 業者	 -	最短即日対応！プロの消臭・洗浄	 -	【電話相談】まずはお電話を	 -	見積もり無料	 -	"""車 シート クリーニング 業者"""	 -	立会不要で清掃作業で時間も有効	 -	出張車内 クリーニングの専門 店	 -	訪問特化型車内の清掃専門業者	 -	灯油 コーヒーこぼしおまかせ	 -	洗浄後無害になる特殊洗剤を使用	 -	18000円からシート車内洗浄対応	 -	１シートのみでもOK 圧倒的洗浄	 -	"""軽 自動車 クリーニング"""	 -	"""車 エアコン 酸っぱい臭い業者"""	 -	群馬県で車 エアコン 酸っぱい 臭い 業者なら。専用洗剤とプロの技術で徹底除去。	 -	車内の車 エアコン 酸っぱい 臭い は放置すると悪化します。今すぐ専門家へお任せください。	 -	出張費無料で駆けつけます！	 -	使用後は無害になる特殊な洗剤を使用 清掃後は赤ちゃんペットにも無害です。専用の機材を使用	 -	{LOCATION(City):群馬}清掃出張車	エバポ洗浄														Enabled	Enabled	Enabled	Approved	Average	
426-779-6658	和歌山車	群馬県＿車内クリーニング																														AG_エアコン_エバポレーター																																																				https://carinteriorcleaning.jp/regions/gunma/evaporator-senjo/					Responsive search ad	【{LOCATION(City):群馬}】出張車内クリーニング	 -	カーエアコン カビ臭 エバポレー	 -	最短即日対応！プロの消臭・洗浄	 -	【電話相談】まずはお電話を	 -	見積もり無料	 -	"""車 シート クリーニング 業者"""	 -	立会不要で清掃作業で時間も有効	 -	出張車内 クリーニングの専門 店	 -	訪問特化型車内の清掃専門業者	 -	灯油 コーヒーこぼしおまかせ	 -	洗浄後無害になる特殊洗剤を使用	 -	18000円からシート車内洗浄対応	 -	１シートのみでもOK 圧倒的洗浄	 -	"""軽 自動車 クリーニング"""	 -	"""車 灯油 こぼし クリーニング"""	 -	群馬県エアコン臭いの臭いや汚れにお困りなら。専用洗剤とプロの技術で徹底除去。	 -	車内のカーエアコン カビ臭 エバポレーは放置すると悪化します。今すぐ専門家へお任せください。	 -	出張費無料で駆けつけます！	 -	使用後は無害になる特殊な洗剤を使用 清掃後は赤ちゃんペットにも無害です。専用の機材を使用	 -	{LOCATION(City):群馬}清掃出張車	エバポ洗浄														Enabled	Enabled	Enabled	Approved	Average	
426-779-6658	和歌山車	群馬県＿車内クリーニング																														AG_条件_出張	85																																										群馬 出張 車内清掃 即日	Phrase	85				 -	 -	 -	https://carinteriorcleaning.jp/regions/gunma/shutchou-senmon/																																																											Enabled	Enabled	Enabled	Approved		
426-779-6658	和歌山車	群馬県＿車内クリーニング																														AG_条件_出張	85																																										群馬 車内クリーニング 出張	Phrase	75				 -	 -	 -	https://carinteriorcleaning.jp/regions/gunma/shutchou-senmon/																																																											Enabled	Enabled	Enabled	Approved		
426-779-6658	和歌山車	群馬県＿車内クリーニング																														AG_条件_出張																																																				https://carinteriorcleaning.jp/regions/gunma/shutchou-senmon/					Responsive search ad	【{LOCATION(City):群馬}】出張車内クリーニング	 -	車内クリーニング 即日 出張	 -	最短即日対応！プロの消臭・洗浄	 -	【電話相談】まずはお電話を	 -	見積もり無料	 -	"""車 シート クリーニング 業者"""	 -	立会不要で清掃作業で時間も有効	 -	出張車内 クリーニングの専門 店	 -	訪問特化型車内の清掃専門業者	 -	灯油 コーヒーこぼしおまかせ	 -	洗浄後無害になる特殊洗剤を使用	 -	18000円からシート車内洗浄対応	 -	１シートのみでもOK 圧倒的洗浄	 -	"""軽 自動車 クリーニング"""	 -	車内クリーニング 即日 出張対応	 -	群馬県で車内クリーニング 即日 出張にお困りなら。専用洗剤とプロの技術で徹底除去。	 -	車内のクリーニングは 今すぐ専門家へお任せください。	 -	出張費無料で駆けつけます！	 -	使用後は無害になる特殊な洗剤を使用 清掃後は赤ちゃんペットにも無害です。専用の機材を使用	 -	{LOCATION(City):群馬}清掃出張車	出張専門														Enabled	Enabled	Enabled	Approved	Good	
426-779-6658	和歌山車	群馬県＿車内クリーニング																														AG_条件_出張																																																				https://carinteriorcleaning.jp/regions/gunma/shutchou-senmon/					Responsive search ad	【{LOCATION(City):群馬}】出張車内クリーニング	 -	車内清掃 1席 出張	 -	最短即日対応！プロの消臭・洗浄	 -	【電話相談】まずはお電話を	 -	見積もり無料	 -	"""車 シート クリーニング 業者"""	 -	立会不要で清掃作業で時間も有効	 -	出張車内 クリーニングの専門 店	 -	訪問特化型車内の清掃専門業者	 -	灯油 コーヒーこぼしおまかせ	 -	洗浄後無害になる特殊洗剤を使用	 -	18000円からシート車内洗浄対応	 -	１シートのみでもOK 圧倒的洗浄	 -	"""軽 自動車 クリーニング"""	 -	車内清掃 1席 出張クリーニング	 -	群馬県で車内清掃 1席 出張でも対応。専用洗剤とプロの技術で徹底除去。	 -	車内の車内清掃 1席 出張します。今すぐ専門家へお任せください。	 -	出張費無料で駆けつけます！	 -	使用後は無害になる特殊な洗剤を使用 清掃後は赤ちゃんペットにも無害です。専用の機材を使用	 -	{LOCATION(City):群馬}清掃出張車	出張専門														Enabled	Enabled	Enabled	Approved	Good	
426-779-6658	和歌山車	群馬県＿車内クリーニング																														AG_条件_電源不要	85																																										群馬 車内清掃 電源不要	Phrase	85				 -	 -	 -	https://carinteriorcleaning.jp/regions/gunma/dengen-fuyou/																																																											Enabled	Enabled	Enabled	Approved		
426-779-6658	和歌山車	群馬県＿車内クリーニング																														AG_条件_電源不要																																																				https://carinteriorcleaning.jp/regions/gunma/dengen-fuyou/					Responsive search ad	【{LOCATION(City):群馬}】出張車内クリーニング	 -	マンション 車内クリーニング	 -	最短即日対応！プロの消臭・洗浄	 -	【電話相談】まずはお電話を	 -	見積もり無料	 -	"""車 シート クリーニング 業者"""	 -	立会不要で清掃作業で時間も有効	 -	出張車内 クリーニングの専門 店	 -	訪問特化型車内の清掃専門業者	 -	灯油 コーヒーこぼしおまかせ	 -	洗浄後無害になる特殊洗剤を使用	 -	18000円からシート車内洗浄対応	 -	１シートのみでもOK 圧倒的洗浄	 -	"""軽 自動車 クリーニング"""	 -	車 マンション 車内クリーニング	 -	群馬県でマンションでの車内洗浄 専用洗剤とプロの技術で徹底除去。	 -	車内のマンション 車内クリーニングします。今すぐ専門家へお任せください。	 -	出張費無料で駆けつけます！	 -	使用後は無害になる特殊な洗剤を使用 清掃後は赤ちゃんペットにも無害です。専用の機材を使用	 -	{LOCATION(City):群馬}清掃出張車	電源持込不要														Enabled	Enabled	Enabled	Approved	Good	
426-779-6658	和歌山車	群馬県＿車内クリーニング																														AG_保険_B2B	85																																										群馬 車内 嘔吐 保険	Phrase	85				 -	 -	 -	https://carinteriorcleaning.jp/regions/gunma/hoken-kyuto/																																																											Enabled	Enabled	Enabled	Approved		
426-779-6658	和歌山車	群馬県＿車内クリーニング																														AG_バス_トラック																																																				https://carinteriorcleaning.jp/regions/gunma/bus-senmon/					Responsive search ad	{LOCATION(City):群馬}出張車内バス クリーニング	 -	バス 嘔吐 清掃 即日	 -	最短即日対応！プロの消臭・洗浄	 -	【電話相談】まずはお電話を	 -	見積もり無料	 -	"""車 シート クリーニング 業者"""	 -	立会不要で清掃作業で時間も有効	 -	出張車内 クリーニングの専門 店	 -	訪問特化型車内の清掃専門業者	 -	バス 嘔吐 清掃 おまかせ	 -	洗浄後無害になる特殊洗剤を使用	 -	18000円からシート車内洗浄対応	 -	１シートのみでもOK 圧倒的洗浄	 -					群馬県でバスで嘔吐の臭いや汚れにお困りなら。専用洗剤とプロの技術で徹底除去。	 -	車内のバス 嘔吐 は放置すると悪化します。今すぐ専門家へお任せください。	 -	出張費無料で駆けつけます！	 -	使用後は無害になる特殊な洗剤を使用 清掃後は赤ちゃんペットにも無害です。専用の機材を使用	 -	{LOCATION(City):群馬}清掃出張車	バス清掃														Enabled	Enabled	Enabled	Approved	Excellent	
426-779-6658	和歌山車	群馬県＿車内クリーニング																														緊急_子供嘔吐																																																				https://carinteriorcleaning.jp/regions/gunma/kodomo-kyuto/					Responsive search ad	【{LOCATION(City):群馬}】子供嘔吐清掃	 -	車酔い 嘔吐 出張専門業者	 -	最短即日対応！プロの消臭・洗浄	 -	【電話相談】車嘔吐はお電話を	 -	見積もり無料	 -	子供おうと洗浄業者	 -	立会不要で清掃作業で時間も有効	 -	子供おうと洗浄の専門 店	 -	訪問特化型車内の清掃専門業者	 -	子供おうと洗浄クリーニング	 -	車 シート 汚れ 落とし 方	 -	18000円からシート車内洗浄対応	 -	１シートのみでもOK 圧倒的洗浄	 -	"""軽 自動車 クリーニング"""	 -	"""車こどもおうとクリーニング"""	 -	群馬で車酔い 嘔吐 出張専門業者にお困りなら。専用洗剤とプロの技術で徹底除去。	 -	車内の車酔い 嘔吐 出張専門業者。今すぐ専門家へお任せください。	 -	出張費無料で駆けつけます！	 -	使用後は無害になる特殊な洗剤を使用 清掃後は赤ちゃんペットにも無害です。専用の機材を使用	 -	{LOCATION(City):群馬}清掃出張車	子供嘔吐清掃														Enabled	Enabled	Enabled	Approved	Average	
426-779-6658	和歌山車	群馬県＿車内クリーニング																														緊急_灯油																																																				https://carinteriorcleaning.jp/regions/gunma/touyu-kobosi/					Responsive search ad	【{LOCATION(City):群馬}】出張車内クリーニング	 -	車内 灯油 こぼし 消臭	 -	最短即日対応！プロの消臭・洗浄	 -	【電話相談】まずはお電話を	 -	見積もり無料	 -	"""車 シート クリーニング 業者"""	 -	立会不要で清掃作業で時間も有効	 -	出張車内 クリーニングの専門 店	 -	訪問特化型車内の清掃専門業者	 -	灯油 コーヒーこぼしおまかせ	 -	洗浄後無害になる特殊洗剤を使用	 -	18000円からシート車内洗浄対応	 -	１シートのみでもOK 圧倒的洗浄	 -	"""軽 自動車 クリーニング"""	 -	車灯油 こぼし消臭クリーニング	 -	群馬県で車内 灯油 こぼし 消臭にお困りなら。専用洗剤とプロの技術で徹底除去。	 -	車内の車内 灯油 こぼしは放置すると悪化します。今すぐ専門家へお任せください。	 -	出張費無料で駆けつけます！	 -	使用後は無害になる特殊な洗剤を使用 清掃後は赤ちゃんペットにも無害です。専用の機材を使用	 -	{LOCATION(City):群馬}清掃出張車	灯油清掃														Enabled	Enabled	Enabled	Approved	Average	
426-779-6658	和歌山車	群馬県＿車内クリーニング																														緊急_灯油																																																				https://carinteriorcleaning.jp/regions/gunma/touyu-kobosi/					Responsive search ad	【{LOCATION(City):群馬}】出張車内クリーニング	 -	群馬 灯油 こぼし 車	 -	最短即日対応！プロの消臭・洗浄	 -	【電話相談】まずはお電話を	 -	見積もり無料	 -	ペット粗相洗浄業者	 -	立会不要で清掃作業で時間も有効	 -	出張車内 クリーニングの専門 店	 -	訪問特化型車内の清掃専門業者	 -	ペットうんちクリーニング	 -	車 シート 汚れ 落とし 方	 -	18000円からシート車内洗浄対応	 -	１シートのみでもOK 圧倒的洗浄	 -	"""軽 自動車 クリーニング"""	 -	"""車 灯油 こぼし クリーニング"""	 -	群馬で車 灯油の臭いや汚れにお困りなら。専用洗剤とプロの技術で徹底除去。	 -	車内の灯油 こぼし 車は放置すると悪化します。今すぐ専門家へお任せください。	 -	出張費無料で駆けつけます！	 -	使用後は無害になる特殊な洗剤を使用 清掃後は赤ちゃんペットにも無害です。専用の機材を使用	 -	{LOCATION(City):群馬}清掃出張車	灯油清掃														Enabled	Enabled	Enabled	Approved	Average	
426-779-6658	和歌山車	群馬県＿車内クリーニング																														緊急_ペット																																																				https://carinteriorcleaning.jp/regions/gunma/oshikko/					Responsive search ad	【{LOCATION(City):群馬}】ペットおもらし	 -	犬 車 お漏らし 消臭 業者	 -	最短即日対応！プロの消臭・洗浄	 -	【電話相談】まずはお電話を	 -	見積もり無料	 -	"""猫 車 お漏らし 消臭 業者"""	 -	立会不要で清掃作業で時間も有効	 -	車 ペットお漏らしの専門 店	 -	訪問特化型車内の清掃専門業者	 -	車 ペット うんちの専門 店	 -	洗浄後無害になる特殊洗剤を使用	 -	18000円からシート車内洗浄対応	 -	１シートのみでもOK 圧倒的洗浄	 -	"""軽 自動車 クリーニング"""	 -	犬猫うんちの専門 店	 -	群馬県で犬猫のうんち汚れにお困りなら。専用洗剤とプロの技術で徹底除去。	 -	車内の犬猫のうんち汚れは放置すると悪化します。今すぐ専門家へお任せください。	 -	出張費無料で駆けつけ 即クリーニングでキレイにします	 -	使用後は無害になる特殊な洗剤を使用 清掃後は赤ちゃんペットにも無害です。専用の機材を使用	 -	{LOCATION(City):群馬}清掃出張車	おしっこ消臭														Enabled	Enabled	Enabled	Approved	Average	
426-779-6658	和歌山車	群馬県＿車内クリーニング																														緊急_ペット																																																				https://carinteriorcleaning.jp/regions/gunma/oshikko/					Responsive search ad	【{LOCATION(City):群馬}】出張車内クリーニング	 -	群馬 ペット 車内 清掃	 -	最短即日対応！プロの消臭・洗浄	 -	【電話相談】まずはお電話を	 -	見積もり無料	 -	"""車 シート クリーニング 業者"""	 -	立会不要で清掃作業で時間も有効	 -	出張車内 クリーニングの専門 店	 -	訪問特化型車内の清掃専門業者	 -	灯油 コーヒーこぼしおまかせ	 -	洗浄後無害になる特殊洗剤を使用	 -	18000円からシート車内洗浄対応	 -	１シートのみでもOK 圧倒的洗浄	 -	"""軽 自動車 クリーニング"""	 -	"""車 ペット 清掃 クリーニング"""	 -	群馬県で ペット 車内 清掃にお困りなら。専用洗剤とプロの技術で徹底除去。	 -	車内の ペット 車内 清掃は放置すると悪化します。今すぐ専門家へお任せください。	 -	出張費無料で駆けつけます！	 -	使用後は無害になる特殊な洗剤を使用 清掃後は赤ちゃんペットにも無害です。専用の機材を使用	 -	{LOCATION(City):群馬}清掃出張車	おしっこ消臭														Enabled	Enabled	Enabled	Approved	Average	
426-779-6658	和歌山車	群馬県＿車内クリーニング																														消臭_口語																																																				https://carinteriorcleaning.jp/regions/gunma/kuruma-nioi-keshi/					Responsive search ad	【{LOCATION(City):群馬}】出張トラック車内洗浄	 -	消臭スプレー 効かない 車	 -	最短即日対応！プロの消臭・洗浄	 -	【電話相談】まずはお電話を	 -	見積もり無料	 -	"""車 シート クリーニング 業者"""	 -	立会不要で清掃作業で時間も有効	 -	出張車内 クリーニングの専門 店	 -	訪問特化型車内の清掃専門業者	 -	灯油 コーヒーこぼしおまかせ	 -	洗浄後無害になる特殊洗剤を使用	 -	18000円からシート車内洗浄対応	 -	１シートのみでもOK 圧倒的洗浄	 -	"""軽 自動車 クリーニング"""	 -	"""車 灯油 こぼし クリーニング"""	 -	群馬県で車 消臭にお困りなら。専用洗剤とプロの技術で徹底除去。	 -	車内の車 消臭にお困り。今すぐ専門家へお任せください。	 -	出張費無料で駆けつけます！	 -	使用後は無害になる特殊な洗剤を使用 清掃後は赤ちゃんペットにも無害です。専用の機材を使用	 -	{LOCATION(City):群馬}清掃出張車	匂い消し														Enabled	Enabled	Enabled	Approved	Excellent	
426-779-6658	和歌山車	群馬県＿車内クリーニング																														消臭_口語																																																				https://carinteriorcleaning.jp/regions/gunma/kuruma-nioi-keshi/					Responsive search ad	{LOCATION(City):群馬}出張車内消臭 特急便	 -	車 芳香剤 臭い 取れない	 -	最短即日対応！プロの消臭・洗浄	 -	【電話相談】まずはお電話を	 -	見積もり無料	 -	"""車 シート クリーニング 業者"""	 -	立会不要で清掃作業で時間も有効	 -	出張車内 クリーニングの専門 店	 -	訪問特化型車内の清掃専門業者	 -	灯油 コーヒーこぼしおまかせ	 -	洗浄後無害になる特殊洗剤を使用	 -	18000円からシート車内洗浄対応	 -	１シートのみでもOK 圧倒的洗浄	 -	"""軽 自動車 クリーニング"""	 -	"""車 灯油 こぼし クリーニング"""	 -	群馬県で車芳香剤の臭いにお困りなら。専用洗剤とプロの技術で徹底除去。	 -	車内の車芳香剤の臭は放置すると悪化します。今すぐ専門家へお任せください。	 -	出張費無料で駆けつけます！	 -	使用後は無害になる特殊な洗剤を使用 清掃後は赤ちゃんペットにも無害です。専用の機材を使用	 -	{LOCATION(City):群馬}清掃出張車	匂い消し														Enabled	Enabled	Enabled	Approved	Excellent	
426-779-6658	和歌山車	群馬県＿車内クリーニング																														消臭_口語																																																				https://carinteriorcleaning.jp/regions/gunma/kuruma-nioi-keshi/					Responsive search ad	{LOCATION(City):群馬}出張車内消臭 特急便	 -	群馬 車内 消臭 出張	 -	最短即日対応！プロの消臭・洗浄	 -	【電話相談】まずはお電話を	 -	見積もり無料	 -	"""車 シート クリーニング 業者"""	 -	立会不要で清掃作業で時間も有効	 -	出張車内 クリーニングの専門 店	 -	訪問特化型車内の清掃専門業者	 -	灯油 コーヒーこぼしおまかせ	 -	洗浄後無害になる特殊洗剤を使用	 -	18000円からシート車内洗浄対応	 -	１シートのみでもOK 圧倒的洗浄	 -	"""軽 自動車 クリーニング"""	 -	"""車 灯油 こぼし クリーニング"""	 -	群馬県で車の臭いや汚れにお困りなら。専用洗剤とプロの技術で徹底除去。	 -	群馬 車内 消臭 出張です。今すぐ専門家へお任せください。	 -	出張費無料で駆けつけます！	 -	使用後は無害になる特殊な洗剤を使用 清掃後は赤ちゃんペットにも無害です。専用の機材を使用	 -	{LOCATION(City):群馬}清掃出張車	匂い消し														Enabled	Enabled	Enabled	Approved	Excellent	
426-779-6658	和歌山車	群馬県＿車内クリーニング																														消臭_中古車																																																				https://carinteriorcleaning.jp/regions/gunma/chuko-tabako/					Responsive search ad	【{LOCATION(City):群馬}】出張車内クリーニング	 -	群馬 中古車 臭い 車内	 -	最短即日対応！プロの消臭・洗浄	 -	【電話相談】まずはお電話を	 -	見積もり無料	 -	"""車 シート クリーニング 業者"""	 -	立会不要で清掃作業で時間も有効	 -	出張車内 クリーニングの専門 店	 -	訪問特化型車内の清掃専門業者	 -	灯油 コーヒーこぼしおまかせ	 -	洗浄後無害になる特殊洗剤を使用	 -	18000円からシート車内洗浄対応	 -	１シートのみでもOK 圧倒的洗浄	 -	"""軽 自動車 クリーニング"""	 -	"""車 灯油 こぼし クリーニング"""	 -	群馬県で中古車の臭いや汚れにお困りなら。専用洗剤とプロの技術で徹底除去。	 -	車内の車 汗は放置すると悪化します。今すぐ専門家へお任せください。	 -	出張費無料で駆けつけます！	 -	使用後は無害になる特殊な洗剤を使用 清掃後は赤ちゃんペットにも無害です。専用の機材を使用	 -	{LOCATION(City):群馬}清掃出張車	タバコ臭清掃														Enabled	Enabled	Enabled	Approved	Excellent	
426-779-6658	和歌山車	群馬県＿車内クリーニング																														消臭_湿気カビ																																																				https://carinteriorcleaning.jp/regions/gunma/shanai-nioi/					Responsive search ad	【{LOCATION(City):群馬}】出張車内クリーニング	 -	車 ペット臭 消臭 プロ 出張	 -	【期間限定】今だけキャンペーン	 -	365日無休24時間受付中LINE対応	 -	{keyword:出張車内清掃}嘔吐（ゲロ）即対応	 -	"""車 シート クリーニング 業者"""	 -	立会不要で清掃作業で時間も有効	 -	出張車内 クリーニングの専門 店	 -	訪問特化型車内の清掃専門業者	 -	灯油 コーヒーこぼしおまかせ	 -	洗浄後無害になる特殊洗剤を使用	 -	18000円からシート車内洗浄対応	 -	１シートのみでもOK 圧倒的洗浄	 -	"""軽 自動車 クリーニング"""	 -	"""車 灯油 こぼし クリーニング"""	 -	{LOCATION(City):群馬}【地元密着】車内清掃 特急便365日24時間受付中！電話で指定場所まで清掃に出張致します	 -	期間限定キャンペーン有！ 会社のお車を2台以上は、さらに割引 お得な出張車内クリーニング	 -	どこでも出張！ マンションや、会社の駐車場まで出張して、電源無しでも車内清掃のプロが作業	 -	使用後は無害になる特殊な洗剤を使用 清掃後は赤ちゃんペットにも無害です。専用の機材を使用	 -	{LOCATION(City):群馬}清掃出張車	車内臭い														Enabled	Enabled	Enabled	Approved	Excellent	
426-779-6658	和歌山車	群馬県＿車内クリーニング																														消臭_湿気カビ																																																				https://carinteriorcleaning.jp/regions/gunma/shanai-nioi/					Responsive search ad	【{LOCATION(City):群馬}】出張車内クリーニング	 -	群馬 車内 カビ臭	 -	最短即日対応！プロの消臭・洗浄	 -	【電話相談】まずはお電話を	 -	見積もり無料	 -	ペット粗相洗浄業者	 -	立会不要で清掃作業で時間も有効	 -	出張車内 クリーニングの専門 店	 -	訪問特化型車内の清掃専門業者	 -	ペットうんちクリーニング	 -	車 シート 汚れ 落とし 方	 -	18000円からシート車内洗浄対応	 -	１シートのみでもOK 圧倒的洗浄	 -	"""軽 自動車 クリーニング"""	 -	"""車 灯油 こぼし クリーニング"""	 -	群馬で車カビの臭いや汚れにお困りなら。専用洗剤とプロの技術で徹底除去。	 -	車内の車カビの臭いや汚れには放置すると悪化します。今すぐ専門家へお任せください。	 -	出張費無料で駆けつけます！	 -	使用後は無害になる特殊な洗剤を使用 清掃後は赤ちゃんペットにも無害です。専用の機材を使用	 -	{LOCATION(City):群馬}清掃出張車	車内臭い														Enabled	Enabled	Enabled	Approved	Good	
426-779-6658	和歌山車	群馬県＿車内クリーニング																														消臭_湿気カビ																																																				https://carinteriorcleaning.jp/regions/gunma/shanai-nioi/					Responsive search ad	【{LOCATION(City):群馬}】出張車内クリーニング	 -	群馬 湿気 車内 臭い	 -	最短即日対応！プロの消臭・洗浄	 -	【電話相談】まずはお電話を	 -	見積もり無料	 -	"""車 シート クリーニング 業者"""	 -	立会不要で清掃作業で時間も有効	 -	出張車内 クリーニングの専門 店	 -	訪問特化型車内の清掃専門業者	 -	灯油 コーヒーこぼしおまかせ	 -	洗浄後無害になる特殊洗剤を使用	 -	18000円からシート車内洗浄対応	 -	１シートのみでもOK 圧倒的洗浄	 -	"""軽 自動車 クリーニング"""	 -	"""車 灯油 こぼし クリーニング"""	 -	群馬県で車内湿気の臭いや汚れにお困りなら。専用洗剤とプロの技術で徹底除去。	 -	車内の車内湿気の臭いは放置すると悪化します。今すぐ専門家へお任せください。	 -	出張費無料で駆けつけます！	 -	使用後は無害になる特殊な洗剤を使用 清掃後は赤ちゃんペットにも無害です。専用の機材を使用	 -	{LOCATION(City):群馬}清掃出張車	車内臭い														Enabled	Enabled	Enabled	Approved	Good	
426-779-6658	和歌山車	群馬県＿車内クリーニング																														エアコン_エバポレーター																																																				https://carinteriorcleaning.jp/regions/gunma/evaporator-senjo/					Responsive search ad	【{LOCATION(City):群馬}】出張車内クリーニング	 -	車 エアコン 臭い 取れない プロ	 -	最短即日対応！プロの消臭・洗浄	 -	【電話相談】まずはお電話を	 -	見積もり無料	 -	"""車 シート クリーニング 業者"""	 -	立会不要で清掃作業で時間も有効	 -	出張車内 クリーニングの専門 店	 -	訪問特化型車内の清掃専門業者	 -	灯油 コーヒーこぼしおまかせ	 -	洗浄後無害になる特殊洗剤を使用	 -	18000円からシート車内洗浄対応	 -	１シートのみでもOK 圧倒的洗浄	 -	"""軽 自動車 クリーニング"""	 -	車 エアコン内部の臭い 取る業者	 -	群馬県エアコン クサイ臭いや汚れにお困りなら。専用洗剤とプロの技術で徹底除去。	 -	車内のエアコン臭いは放置すると悪化します。今すぐ専門家へお任せください。	 -	出張費無料で駆けつけます！	 -	使用後は無害になる特殊な洗剤を使用 清掃後は赤ちゃんペットにも無害です。専用の機材を使用	 -	{LOCATION(City):群馬}清掃出張車	エバポ洗浄														Enabled	Enabled	Enabled	Approved	Average	
426-779-6658	和歌山車	群馬県＿車内クリーニング																														エアコン_エバポレーター																																																				https://carinteriorcleaning.jp/regions/gunma/evaporator-senjo/					Responsive search ad	【{LOCATION(City):群馬}】出張車内クリーニング	 -	車 エアコン 咳 目が痒い 洗浄	 -	最短即日対応！プロの消臭・洗浄	 -	【電話相談】まずはお電話を	 -	見積もり無料	 -	ペット粗相洗浄業者	 -	立会不要で清掃作業で時間も有効	 -	出張車内 クリーニングの専門 店	 -	訪問特化型車内の清掃専門業者	 -	ペットうんちクリーニング	 -	車 シート 汚れ 落とし 方	 -	18000円からシート車内洗浄対応	 -	１シートのみでもOK 圧倒的洗浄	 -	"""軽 自動車 クリーニング"""	 -	車 エアコンで咳 目が痒い 洗浄	 -	群馬で車 エアコン 咳 目が痒いにお困りなら。専用洗剤とプロの技術で徹底除去。	 -	車内の車 エアコン 咳 目が痒い 放置すると悪化します。今すぐ専門家へお任せください。	 -	出張費無料で駆けつけます！	 -	使用後は無害になる特殊な洗剤を使用 清掃後は赤ちゃんペットにも無害です。専用の機材を使用	 -	{LOCATION(City):群馬}清掃出張車	エバポ洗浄														Enabled	Enabled	Enabled	Approved	Average	
426-779-6658	和歌山車	群馬県＿車内クリーニング																														エアコン_エバポレーター																																																				https://carinteriorcleaning.jp/regions/gunma/evaporator-senjo/					Responsive search ad	【{LOCATION(City):群馬}】出張車エバポレーター	 -	車内エアコンクリーニング	 -	最短即日対応！プロの消臭・洗浄	 -	【電話相談】まずはお電話を	 -	見積もり無料	 -	"""車内エアコンクリーニング業者"""	 -	立会不要で清掃作業で時間も有効	 -	出張車内エバポ清掃専門 店	 -	訪問特化型車内の清掃専門業者	 -	車エアコンクリーニングおまかせ	 -	洗浄後無害になる特殊洗剤を使用	 -	18000円から車内洗浄対応	 -	１シートのみでもOK 圧倒的洗浄	 -	"""軽 自動車 クリーニング"""	 -	"""車 エバポレーター清掃"""	 -	群馬県エアコン クサイ臭いや汚れにお困りなら。専用洗剤とプロの技術で徹底除去。	 -	車内のエアコン クサイ臭いは放置すると悪化します。今すぐ専門家へお任せください。	 -	出張費無料で駆けつけます！	 -	使用後は無害になる特殊な洗剤を使用 清掃後は赤ちゃんペットにも無害です。専用の機材を使用	 -	{LOCATION(City):群馬}清掃出張車	エバポ洗浄														Enabled	Enabled	Enabled	Approved	Excellent	
426-779-6658	和歌山車	群馬県＿車内クリーニング																														AG_エアコン_エバポ																																																				https://carinteriorcleaning.jp/regions/gunma/evaporator-senjo/					Responsive search ad	【{LOCATION(City):群馬}】出張車内クリーニング	 -	群馬 エアコン 臭い 車	 -	最短即日対応！プロの消臭・洗浄	 -	【電話相談】まずはお電話を	 -	見積もり無料	 -	"""車 シート クリーニング 業者"""	 -	立会不要で清掃作業で時間も有効	 -	出張車内 クリーニングの専門 店	 -	訪問特化型車内の清掃専門業者	 -	灯油 コーヒーこぼしおまかせ	 -	洗浄後無害になる特殊洗剤を使用	 -	18000円からシート車内洗浄対応	 -	１シートのみでもOK 圧倒的洗浄	 -	"""軽 自動車 クリーニング"""	 -	"""車 灯油 こぼし クリーニング"""	 -	群馬県エアコン臭いの臭いや汚れにお困りなら。専用洗剤とプロの技術で徹底除去。	 -	群馬県エアコン臭いは放置すると悪化します。今すぐ専門家へお任せください。	 -	出張費無料で駆けつけます！	 -	使用後は無害になる特殊な洗剤を使用 清掃後は赤ちゃんペットにも無害です。専用の機材を使用	 -	{LOCATION(City):群馬}清掃出張車	エバポ洗浄														Enabled	Enabled	Enabled	Approved	Average	
426-779-6658	和歌山車	群馬県＿車内クリーニング																														AG_エアコン_エバポ																																																				https://carinteriorcleaning.jp/regions/gunma/evaporator-senjo/					Responsive search ad	【{LOCATION(City):群馬}】出張車内クリーニング	 -	群馬 エバポレーター洗浄 出張	 -	最短即日対応！プロの消臭・洗浄	 -	【電話相談】まずはお電話を	 -	見積もり無料	 -	"""車 シート クリーニング 業者"""	 -	立会不要で清掃作業で時間も有効	 -	出張車内 クリーニングの専門 店	 -	訪問特化型車内の清掃専門業者	 -	灯油 コーヒーこぼしおまかせ	 -	洗浄後無害になる特殊洗剤を使用	 -	18000円からシート車内洗浄対応	 -	１シートのみでもOK 圧倒的洗浄	 -	"""軽 自動車 クリーニング"""	 -	"""車エバポレーター洗浄 出張"""	 -	群馬県エバポレーター洗浄 出張にお困りなら。専用洗剤とプロの技術で徹底除去。	 -	車内のエバポレーター洗浄 は放置すると悪化します。今すぐ専門家へお任せください。	 -	出張費無料で駆けつけます！	 -	使用後は無害になる特殊な洗剤を使用 清掃後は赤ちゃんペットにも無害です。専用の機材を使用	 -	{LOCATION(City):群馬}清掃出張車	エバポ洗浄														Enabled	Enabled	Enabled	Approved	Average	
426-779-6658	和歌山車	群馬県＿車内クリーニング																														条件_出張																																																				https://carinteriorcleaning.jp/regions/gunma/shutchou-senmon/					Responsive search ad	【{LOCATION(City):群馬}】出張車内クリーニング	 -	出張 車内クリーニング おすすめ	 -	【期間限定】今だけキャンペーン	 -	365日無休24時間受付中LINE対応	 -	{keyword:出張車内清掃}嘔吐（ゲロ）即対応	 -	"""車 シート クリーニング 業者"""	 -	立会不要で清掃作業で時間も有効	 -	出張車内 クリーニングの専門 店	 -	訪問特化型車内の清掃専門業者	 -	灯油 コーヒーこぼしおまかせ	 -	洗浄後無害になる特殊洗剤を使用	 -	18000円からシート車内洗浄対応	 -	１シートのみでもOK 圧倒的洗浄	 -	"""軽 自動車 クリーニング"""	 -	"""車 灯油 こぼし クリーニング"""	 -	{LOCATION(City):群馬}【地元密着】車内清掃 特急便365日24時間受付中！電話で指定場所まで清掃に出張致します	 -	期間限定キャンペーン有！ 会社のお車を2台以上は、さらに割引 お得な出張車内クリーニング	 -	どこでも出張！ マンションや、会社の駐車場まで出張して、電源無しでも車内清掃のプロが作業	 -	使用後は無害になる特殊な洗剤を使用 清掃後は赤ちゃんペットにも無害です。専用の機材を使用	 -	{LOCATION(City):群馬}清掃出張車	出張専門														Enabled	Enabled	Enabled	Approved	Excellent	
426-779-6658	和歌山車	群馬県＿車内クリーニング																														条件_出張																																																				https://carinteriorcleaning.jp/regions/gunma/shutchou-senmon/					Responsive search ad	【{LOCATION(City):群馬}】出張車内クリーニング	 -	群馬 出張 車内清掃 即日	 -	最短即日対応！プロの消臭・洗浄	 -	【電話相談】まずはお電話を	 -	見積もり無料	 -	"""車 シート クリーニング 業者"""	 -	立会不要で清掃作業で時間も有効	 -	出張車内 クリーニングの専門 店	 -	訪問特化型車内の清掃専門業者	 -	灯油 コーヒーこぼしおまかせ	 -	洗浄後無害になる特殊洗剤を使用	 -	18000円からシート車内洗浄対応	 -	１シートのみでもOK 圧倒的洗浄	 -	"""軽 自動車 クリーニング"""	 -	"""車 灯油 こぼし クリーニング"""	 -	群馬県で出張車内クリーニングなら。専用洗剤とプロの技術で徹底除去。	 -	車内の出張車内クリーニングします。今すぐ専門家へお任せください。	 -	出張費無料で駆けつけます！	 -	使用後は無害になる特殊な洗剤を使用 清掃後は赤ちゃんペットにも無害です。専用の機材を使用	 -	{LOCATION(City):群馬}清掃出張車	出張専門														Enabled	Enabled	Enabled	Approved	Average	
426-779-6658	和歌山車	群馬県＿車内クリーニング																														条件_出張																																																				https://carinteriorcleaning.jp/regions/gunma/shutchou-senmon/					Responsive search ad	【{LOCATION(City):群馬}】出張車内クリーニング	 -	群馬 車内クリーニング 出張	 -	最短即日対応！プロの消臭・洗浄	 -	【電話相談】まずはお電話を	 -	見積もり無料	 -	"""車 シート クリーニング 業者"""	 -	立会不要で清掃作業で時間も有効	 -	出張車内 クリーニングの専門 店	 -	訪問特化型車内の清掃専門業者	 -	灯油 コーヒーこぼしおまかせ	 -	洗浄後無害になる特殊洗剤を使用	 -	18000円からシート車内洗浄対応	 -	１シートのみでもOK 圧倒的洗浄	 -	"""軽 自動車 クリーニング"""	 -	"""車 灯油 こぼし クリーニング"""	 -	群馬県で車内クリーニングなら。専用洗剤とプロの技術で徹底除去。	 -	車内クリーニングなら。今すぐ専門家へお任せください。	 -	出張費無料で駆けつけます！	 -	使用後は無害になる特殊な洗剤を使用 清掃後は赤ちゃんペットにも無害です。専用の機材を使用	 -	{LOCATION(City):群馬}清掃出張車	出張専門														Enabled	Enabled	Enabled	Approved	Average	
426-779-6658	和歌山車	栃木県＿車内クリーニング																														int栃木_通常清掃	90																																										車 嘔吐 クリーニング 業者	Phrase	82				 -	 -	 -																																																												Enabled	Enabled	Removed	Approved		MOVE_TO:車 嘔吐 クリーニング
426-779-6658	和歌山車	栃木県＿車内クリーニング																														int栃木_通常清掃	90																																										車内 クリーニング 嘔吐 栃木	Phrase	85				 -	 -	 -	https://carinteriorcleaning.jp/regions/tochigi/kyuto-cleaning/																																																											Enabled	Enabled	Removed	Approved		MOVE_TO:車 嘔吐 クリーニング
426-779-6658	和歌山車	栃木県＿車内クリーニング																														int栃木_通常清掃	90																																										車内 クリーニング 嘔吐	Phrase	138				 -	 -	 -																																																												Enabled	Enabled	Removed	Approved		MOVE_TO:車 嘔吐 クリーニング
426-779-6658	和歌山車	栃木県＿車内クリーニング																														int栃木_通常清掃	90																																										車 ゲロ クリーニング	Phrase	137				 -	 -	 -																																																												Enabled	Enabled	Removed	Approved		MOVE_TO:車 嘔吐 クリーニング
426-779-6658	和歌山車	栃木県＿車内クリーニング																														int栃木_通常清掃	90																																										車 嘔吐 臭い 取れ ない	Phrase	117				 -	 -	 -																																																												Enabled	Enabled	Removed	Approved		MOVE_TO:車 嘔吐 クリーニング
426-779-6658	和歌山車	栃木県＿車内クリーニング																														int栃木_通常清掃	90																																										ゲロ 臭い 消し 車	Phrase	212				 -	 -	 -																																																												Enabled	Enabled	Removed	Approved		MOVE_TO:車 嘔吐 クリーニング
426-779-6658	和歌山車	栃木県＿車内クリーニング																														int栃木_通常清掃	90																																										シート ベルト 嘔吐 臭い	Phrase	340	450			 -	 -	 -	https://carinteriorcleaning.jp/regions/tochigi/kuruma-nioi-keshi/																																																											Enabled	Enabled	Removed	Approved		MOVE_TO:車 嘔吐 クリーニング
426-779-6658	和歌山車	栃木県＿車内クリーニング																														int栃木_通常清掃	90																																										車内 清掃 プロ	Phrase	47			1	Below average	Below average	Below average	https://carinteriorcleaning.jp/regions/tochigi/interior-cleaning/																																																											Enabled	Enabled	Enabled	Approved		
426-779-6658	和歌山車	栃木県＿車内クリーニング																														int栃木_通常清掃	90																																										車内 クリーニング 嘔吐 どこに 頼む	Phrase	142				 -	 -	 -																																																												Enabled	Enabled	Removed	Approved		MOVE_TO:車 嘔吐 クリーニング
426-779-6658	和歌山車	栃木県＿車内クリーニング																														int栃木_通常清掃	90																																										車 吐瀉 物 掃除	Phrase	668				 -	 -	 -																																																												Enabled	Enabled	Removed	Approved		MOVE_TO:車 嘔吐 クリーニング
426-779-6658	和歌山車	栃木県＿車内クリーニング																														int栃木_通常清掃	90																																										車内 ゲロ クリーニング	Phrase	223				 -	 -	 -																																																												Enabled	Enabled	Removed	Approved		MOVE_TO:車 嘔吐 クリーニング
426-779-6658	和歌山車	栃木県＿車内クリーニング																														int栃木_通常清掃	90																																										車内 嘔吐	Phrase	181				 -	 -	 -																																																												Enabled	Enabled	Removed	Approved		MOVE_TO:車 嘔吐 クリーニング
426-779-6658	和歌山車	栃木県＿車内クリーニング																														int栃木_通常清掃	90																																										車内 クリーニング 専門 業者	Phrase	89	104	171	7	Average	Above average	Average	https://carinteriorcleaning.jp/regions/tochigi/interior-cleaning/																																																											Enabled	Enabled	Enabled	Approved		
426-779-6658	和歌山車	栃木県＿車内クリーニング																														int栃木_通常清掃	90																																										車内 ゲロ 掃除	Phrase	157				 -	 -	 -																																																												Enabled	Enabled	Removed	Approved		MOVE_TO:車 嘔吐 クリーニング
426-779-6658	和歌山車	栃木県＿車内クリーニング																														int栃木_通常清掃	90																																										車 クリーニング 嘔吐	Phrase	148				 -	 -	 -																																																												Enabled	Enabled	Removed	Approved		MOVE_TO:車 嘔吐 クリーニング
426-779-6658	和歌山車	栃木県＿車内クリーニング																														int栃木_通常清掃	90																																										車 嘔吐 クリーニング	Phrase	114				 -	 -	 -																																																												Enabled	Enabled	Removed	Approved		MOVE_TO:車 嘔吐 クリーニング
426-779-6658	和歌山車	栃木県＿車内クリーニング																														int栃木_通常清掃	90																																										シート ベルト 嘔吐 掃除	Phrase	297				 -	 -	 -																																																												Enabled	Enabled	Removed	Approved		MOVE_TO:車 嘔吐 クリーニング
426-779-6658	和歌山車	栃木県＿車内クリーニング																														int栃木_通常清掃	90																																										車 ゲロ 掃除	Phrase	193				 -	 -	 -																																																												Enabled	Enabled	Removed	Approved		MOVE_TO:車 嘔吐 クリーニング
426-779-6658	和歌山車	栃木県＿車内クリーニング																														int栃木_通常清掃	90																																										車内 クリーニング 専門 店 栃木	Broad	85				 -	 -	 -	https://carinteriorcleaning.jp/regions/tochigi/interior-cleaning/																																																											Enabled	Enabled	Enabled	Approved		
426-779-6658	和歌山車	栃木県＿車内クリーニング																														int栃木_通常清掃	90																																										車内 嘔吐 臭い 消し	Phrase	183	322	322		 -	 -	 -																																																												Enabled	Enabled	Removed	Approved		MOVE_TO:車 嘔吐 クリーニング
426-779-6658	和歌山車	栃木県＿車内クリーニング																														int栃木_通常清掃	90																																										車内 吐い た 掃除	Phrase	273	446	446		 -	 -	 -																																																												Enabled	Enabled	Removed	Approved		MOVE_TO:車 嘔吐 クリーニング
426-779-6658	和歌山車	栃木県＿車内クリーニング																														int栃木_通常清掃																																																				https://carinteriorcleaning.jp/regions/tochigi/interior-cleaning/					Responsive search ad	【{LOCATION(City):栃木}】出張車内クリーニング	 -	【92%満足】出張車内清掃	 -	【期間限定】今だけキャンペーン	 -	365日無休24時間受付中LINE対応	 -	{keyword:出張車内清掃}嘔吐（ゲロ）即対応	 -	"""車 シート クリーニング 業者"""	 -	立会不要で清掃作業で時間も有効	 -	出張車内 クリーニングの専門 店	 -	訪問特化型車内の清掃専門業者	 -	灯油 コーヒーこぼしおまかせ	 -	洗浄後無害になる特殊洗剤を使用	 -	18000円からシート車内洗浄対応	 -	１シートのみでもOK 圧倒的洗浄	 -	"""軽 自動車 クリーニング"""	 -	"""車 灯油 こぼし クリーニング"""	 -	{LOCATION(City):栃木}【地元密着】車内清掃 特急便365日24時間受付中！電話で指定場所まで清掃に出張致します	 -	期間限定キャンペーン有！ 会社のお車を2台以上は、さらに割引 お得な出張車内クリーニング	 -	どこでも出張！ マンションや、会社の駐車場まで出張して、電源無しでも車内清掃のプロが作業	 -	使用後は無害になる特殊な洗剤を使用 清掃後は赤ちゃんペットにも無害です。専用の機材を使用	 -	{LOCATION(City):栃木}清掃出張車	車内清掃														Enabled	Enabled	Enabled	Approved	Excellent	
426-779-6658	和歌山車	栃木県＿車内クリーニング																														車内の臭い																																																				https://carinteriorcleaning.jp/regions/tochigi/shanai-nioi/					Responsive search ad	【{LOCATION(City):栃木}】出張車内クリーニング	 -	栃木の車内の臭いクリーニング	 -	最短即日対応！プロの消臭・洗浄	 -	【電話相談】まずはお電話を	 -	見積もり無料	 -	"""車 シート クリーニング 業者"""	 -	立会不要で清掃作業で時間も有効	 -	出張車内 クリーニングの専門 店	 -	訪問特化型車内の清掃専門業者	 -	灯油 コーヒーこぼしおまかせ	 -	洗浄後無害になる特殊洗剤を使用	 -	18000円からシート車内洗浄対応	 -	１シートのみでもOK 圧倒的洗浄	 -	"""軽 自動車 クリーニング"""	 -	栃木車内の臭い出張クリーニング	 -	栃木県で車内の臭い出張クリーニング汚れにお困りなら。専用洗剤とプロの技術で徹底除去。	 -	車内の臭い出張クリーニングします。今すぐ専門家へお任せください。	 -	出張費無料で駆けつけます！	 -	使用後は無害になる特殊な洗剤を使用 清掃後は赤ちゃんペットにも無害です。専用の機材を使用	 -	{LOCATION(City):栃木}清掃出張車	車内臭い														Enabled	Enabled	Enabled	Approved	Excellent	
426-779-6658	和歌山車	栃木県＿車内クリーニング																														車　 汗																																										None	"嘔吐""""灯油""""エアコン"	Negative Phrase																																																																			Enabled	Enabled	Removed			SPLIT_TO:嘔吐/灯油/エアコン
426-779-6658	和歌山車	栃木県＿車内クリーニング																														車　 汗																																																				https://carinteriorcleaning.jp/regions/tochigi/ase/					Responsive search ad	【{LOCATION(City):栃木}】出張車内クリーニング	 -	栃木の車 汗クリーニング	 -	最短即日対応！プロの消臭・洗浄	 -	【電話相談】まずはお電話を	 -	見積もり無料	 -	"""車 シート クリーニング 業者"""	 -	立会不要で清掃作業で時間も有効	 -	出張車内 クリーニングの専門 店	 -	訪問特化型車内の清掃専門業者	 -	灯油 コーヒーこぼしおまかせ	 -	洗浄後無害になる特殊洗剤を使用	 -	18000円からシート車内洗浄対応	 -	１シートのみでもOK 圧倒的洗浄	 -	"""軽 自動車 クリーニング"""	 -	栃木の車 汗出張クリーニング	 -	栃木県で栃木の車 汗出張クリーニングなら。専用洗剤とプロの技術で徹底除去。	 -	栃木の車 汗出張クリーニングします。今すぐ専門家へお任せください。	 -	出張費無料で駆けつけます！	 -	使用後は無害になる特殊な洗剤を使用 清掃後は赤ちゃんペットにも無害です。専用の機材を使用	 -	{LOCATION(City):栃木}清掃出張車	汗ニオイ清掃														Enabled	Enabled	Enabled	Approved	Excellent	
426-779-6658	和歌山車	栃木県＿車内クリーニング																														中古車タバコ臭																																																				https://carinteriorcleaning.jp/regions/tochigi/chuko-tabako/					Responsive search ad	【{LOCATION(City):栃木}】出張車内クリーニング	 -	中古車タバコ臭クリーニング	 -	最短即日対応！プロの消臭・洗浄	 -	【電話相談】まずはお電話を	 -	見積もり無料	 -	"""車 シート クリーニング 業者"""	 -	立会不要で清掃作業で時間も有効	 -	出張車内 クリーニングの専門 店	 -	訪問特化型車内の清掃専門業者	 -	灯油 コーヒーこぼしおまかせ	 -	洗浄後無害になる特殊洗剤を使用	 -	18000円からシート車内洗浄対応	 -	１シートのみでもOK 圧倒的洗浄	 -	"""軽 自動車 クリーニング"""	 -	中古車タバコ臭出張クリーニング	 -	栃木県で中古車タバコ臭の臭いや汚れにお困りなら。専用洗剤とプロの技術で徹底除去。	 -	車内の中古車タバコ臭は放置すると悪化します。今すぐ専門家へお任せください。	 -	出張費無料で駆けつけます！	 -	使用後は無害になる特殊な洗剤を使用 清掃後は赤ちゃんペットにも無害です。専用の機材を使用	 -	{LOCATION(City):栃木}清掃出張車	タバコ臭清掃														Enabled	Enabled	Enabled	Approved	Excellent	
426-779-6658	和歌山車	栃木県＿車内クリーニング																														中古車加齢臭																																																				https://carinteriorcleaning.jp/regions/tochigi/chuko-kareisyu/					Responsive search ad	【{LOCATION(City):栃木}】出張車内クリーニング	 -	中古車加齢臭クリーニング	 -	最短即日対応！プロの消臭・洗浄	 -	【電話相談】まずはお電話を	 -	見積もり無料	 -	"""車 シート クリーニング 業者"""	 -	立会不要で清掃作業で時間も有効	 -	出張車内 クリーニングの専門 店	 -	訪問特化型車内の清掃専門業者	 -	灯油 コーヒーこぼしおまかせ	 -	洗浄後無害になる特殊洗剤を使用	 -	18000円からシート車内洗浄対応	 -	１シートのみでもOK 圧倒的洗浄	 -	"""軽 自動車 クリーニング"""	 -	中古車加齢臭出張クリーニング	 -	栃木県で中古車加齢臭クリーニングなら。専用洗剤とプロの技術で徹底除去。	 -	中古車加齢臭クリーニングします 今すぐ専門家へお任せください。	 -	出張費無料で駆けつけます！	 -	使用後は無害になる特殊な洗剤を使用 清掃後は赤ちゃんペットにも無害です。専用の機材を使用	 -	{LOCATION(City):栃木}清掃出張車	加齢臭消臭														Enabled	Enabled	Enabled	Approved	Excellent	
426-779-6658	和歌山車	栃木県＿車内クリーニング																														車ペット毛																																																				https://carinteriorcleaning.jp/regions/tochigi/pet-ke/					Responsive search ad	【{LOCATION(City):栃木}】出張車内クリーニング	 -	栃木の車ペット毛クリーニング	 -	最短即日対応！プロの消臭・洗浄	 -	【電話相談】まずはお電話を	 -	見積もり無料	 -	"""車 シート クリーニング 業者"""	 -	立会不要で清掃作業で時間も有効	 -	出張車内 クリーニングの専門 店	 -	訪問特化型車内の清掃専門業者	 -	灯油 コーヒーこぼしおまかせ	 -	洗浄後無害になる特殊洗剤を使用	 -	18000円からシート車内洗浄対応	 -	１シートのみでもOK 圧倒的洗浄	 -	"""軽 自動車 クリーニング"""	 -	栃木車ペット毛出張クリーニング	 -	栃木県で車ペット毛出張クリーニング臭いや汚れにお困りなら。専用洗剤とプロの技術で徹底除去。	 -	車ペット毛出張クリーニングします 今すぐ専門家へお任せください。	 -	出張費無料で駆けつけます！	 -	使用後は無害になる特殊な洗剤を使用 清掃後は赤ちゃんペットにも無害です。専用の機材を使用	 -	{LOCATION(City):栃木}清掃出張車	ペット毛清掃														Enabled	Enabled	Enabled	Approved	Excellent	
426-779-6658	和歌山車	栃木県＿車内クリーニング																														車 嘔吐 クリーニング																																																				https://carinteriorcleaning.jp/regions/tochigi/kyuto-cleaning/					Responsive search ad	【{LOCATION(City):栃木}】出張車内クリーニング	 -	車 嘔吐 クリーニング	 -	最短即日対応！プロの消臭・洗浄	 -	【電話相談】まずはお電話を	 -	見積もり無料	 -	"""車 シート クリーニング 業者"""	 -	立会不要で清掃作業で時間も有効	 -	出張車内 クリーニングの専門 店	 -	訪問特化型車内の清掃専門業者	 -	灯油 コーヒーこぼしおまかせ	 -	車 シート 汚れ 落とし 方	 -	18000円からシート車内洗浄対応	 -	１シートのみでもOK 圧倒的洗浄	 -	"""軽 自動車 クリーニング"""	 -	車 嘔吐出張クリーニング	 -	栃木県で車 嘔吐 クリーニング お困りなら。専用洗剤とプロの技術で徹底除去。	 -	車 嘔吐 クリーニングします。今すぐ専門家へお任せください。	 -	出張費無料で駆けつけます！	 -	使用後は無害になる特殊な洗剤を使用 清掃後は赤ちゃんペットにも無害です。専用の機材を使用	 -	{LOCATION(City):栃木}清掃出張車	嘔吐ニオイ清掃														Enabled	Enabled	Enabled	Approved	Excellent	
426-779-6658	和歌山車	栃木県＿車内クリーニング																														車内 消臭・脱臭洗浄																																											自動車 車内 消 臭	Phrase	614	614	614		 -	 -	 -	https://carinteriorcleaning.jp/regions/tochigi/shanai-shoshu/																																																											Enabled	Enabled	Enabled	Approved		
426-779-6658	和歌山車	栃木県＿車内クリーニング																														車 匂い 消し・消臭洗浄																																																				https://carinteriorcleaning.jp/regions/tochigi/kuruma-nioi-keshi/					Responsive search ad	【{LOCATION(City):栃木}】出張車内クリーニング	 -	車 匂い 消し 消臭洗浄	 -	最短即日対応！プロの消臭・洗浄	 -	【電話相談】まずはお電話を	 -	見積もり無料	 -	"""車 匂い 消し消臭洗浄 業者"""	 -	立会不要で清掃作業で時間も有効	 -	車 匂い 消し消臭洗浄の専門 店	 -	訪問特化型車内の清掃専門業者	 -	灯油 コーヒーこぼしもおまかせ	 -	車 シート 汚れ 落とし	 -	18000円からシート車内洗浄対応	 -	１シートのみでもOK 圧倒的洗浄	 -	"""軽 自動車 クリーニング"""	 -	車 匂い 消し消臭出張洗浄	 -	栃木県で車 匂い 消し消臭洗浄なら。専用洗剤とプロの技術で徹底除去。	 -	車 匂い 消し消臭洗浄します。今すぐ専門家へお任せください。	 -	出張費無料で駆けつけます！	 -	使用後は無害になる特殊な洗剤を使用 清掃後は赤ちゃんペットにも無害です。専用の機材を使用	 -	{LOCATION(City):栃木}清掃出張車	匂い消し														Enabled	Enabled	Enabled	Approved	Excellent	
426-779-6658	和歌山車	栃木県＿車内クリーニング																														車　 おもらし																																										None	"嘔吐""""灯油""""エアコン"	Negative Phrase																																																																			Enabled	Enabled	Removed			SPLIT_TO:嘔吐/灯油/エアコン
426-779-6658	和歌山車	栃木県＿車内クリーニング																														車　 おもらし	90																																										車 おもらし	Phrase	446	446	446	1	Below average	Below average	Below average	https://carinteriorcleaning.jp/regions/tochigi/omorashi/																																																											Enabled	Enabled	Enabled	Approved		
426-779-6658	和歌山車	栃木県＿車内クリーニング																														車　 おもらし																																																				https://carinteriorcleaning.jp/regions/tochigi/omorashi/					Responsive search ad	【{LOCATION(City):栃木}】出張車内クリーニング	 -	栃木の車 おもらしくリーニング	 -	最短即日対応！プロの消臭・洗浄	 -	【電話相談】まずはお電話を	 -	見積もり無料	 -	"""車 シート クリーニング 業者"""	 -	立会不要で清掃作業で時間も有効	 -	出張車内 クリーニングの専門 店	 -	訪問特化型車内の清掃専門業者	 -	灯油 コーヒーこぼしおまかせ	 -	洗浄後無害になる特殊洗剤を使用	 -	18000円からシート車内洗浄対応	 -	１シートのみでもOK 圧倒的洗浄	 -	"""軽 自動車 クリーニング"""	 -	車おもらしこぼし クリーニング	 -	栃木県で車 おもらしの臭いや汚れにお困りなら。専用洗剤とプロの技術で徹底除去。	 -	車内の車 おもらしは放置すると悪化します。今すぐ専門家へお任せください。	 -	出張費無料で駆けつけます！	 -	使用後は無害になる特殊な洗剤を使用 清掃後は赤ちゃんペットにも無害です。専用の機材を使用	 -	{LOCATION(City):栃木}清掃出張車	おもらし清掃														Enabled	Enabled	Enabled	Approved	Excellent	
426-779-6658	和歌山車	栃木県＿車内クリーニング																														車　 エアコン臭い																																																				https://carinteriorcleaning.jp/regions/tochigi/ac-nioi/					Responsive search ad	【{LOCATION(City):栃木}】出張車内クリーニング	 -	車 エアコン臭いクリーニング	 -	最短即日対応！プロの消臭・洗浄	 -	【電話相談】まずはお電話を	 -	見積もり無料	 -	"""車 シート クリーニング 業者"""	 -	立会不要で清掃作業で時間も有効	 -	出張車内 クリーニングの専門 店	 -	訪問特化型車内の清掃専門業者	 -	灯油 コーヒーこぼしおまかせ	 -	洗浄後無害になる特殊洗剤を使用	 -	18000円からシート車内洗浄対応	 -	１シートのみでもOK 圧倒的洗浄	 -	"""軽 自動車 クリーニング"""	 -	車エアコン臭い出張クリーニング	 -	栃木県で車 エアコン臭いの臭いや汚れにお困りなら。専用洗剤とプロの技術で徹底除去。	 -	車内の車 エアコン臭いは放置すると悪化します。今すぐ専門家へお任せください。	 -	出張費無料で駆けつけます！	 -	使用後は無害になる特殊な洗剤を使用 清掃後は赤ちゃんペットにも無害です。専用の機材を使用	 -	{LOCATION(City):栃木}清掃出張車	エアコン臭い														Enabled	Enabled	Enabled	Approved	Pending	
426-779-6658	和歌山車	栃木県＿車内クリーニング																														車　加齢臭																																																				https://carinteriorcleaning.jp/regions/tochigi/kareisyu/					Responsive search ad	【{LOCATION(City):栃木}】出張車内クリーニング	 -	栃木の車 加齢臭クリーニング	 -	最短即日対応！プロの消臭・洗浄	 -	【電話相談】まずはお電話を	 -	見積もり無料	 -	"""車 シート クリーニング 業者"""	 -	立会不要で清掃作業で時間も有効	 -	出張車内 クリーニングの専門 店	 -	訪問特化型車内の清掃専門業者	 -	灯油 コーヒーこぼしおまかせ	 -	洗浄後無害になる特殊洗剤を使用	 -	18000円からシート車内洗浄対応	 -	１シートのみでもOK 圧倒的洗浄	 -	"""軽 自動車 クリーニング"""	 -	栃木車 加齢臭出張クリーニング	 -	栃木県で車 加齢臭の臭いや汚れにお困りなら。専用洗剤とプロの技術で徹底除去。	 -	車内の車 加齢臭は放置すると悪化します。今すぐ専門家へお任せください。	 -	出張費無料で駆けつけます！	 -	使用後は無害になる特殊な洗剤を使用 清掃後は赤ちゃんペットにも無害です。専用の機材を使用	 -	{LOCATION(City):栃木}清掃出張車	加齢臭消臭														Enabled	Enabled	Enabled	Approved	Excellent	
426-779-6658	和歌山車	栃木県＿車内クリーニング																														車　 ペット臭																																																				https://carinteriorcleaning.jp/regions/tochigi/pet-nioi/					Responsive search ad	【{LOCATION(City):栃木}】出張車内クリーニング	 -	栃木の車 ペット臭クリーニング	 -	最短即日対応！プロの消臭・洗浄	 -	【電話相談】まずはお電話を	 -	見積もり無料	 -	"""車 シート クリーニング 業者"""	 -	立会不要で清掃作業で時間も有効	 -	出張車内 クリーニングの専門 店	 -	訪問特化型車内の清掃専門業者	 -	灯油 コーヒーこぼしおまかせ	 -	洗浄後無害になる特殊洗剤を使用	 -	18000円からシート車内洗浄対応	 -	１シートのみでもOK 圧倒的洗浄	 -	"""軽 自動車 クリーニング"""	 -	"""車 ペット臭 クリーニング"""	 -	栃木県で車 ペット臭の臭いや汚れにお困りなら。専用洗剤とプロの技術で徹底除去。	 -	車内の車 ペット臭は放置すると悪化します。今すぐ専門家へお任せください。	 -	出張費無料で駆けつけます！	 -	使用後は無害になる特殊な洗剤を使用 清掃後は赤ちゃんペットにも無害です。専用の機材を使用	 -	{LOCATION(City):栃木}清掃出張車	ペット臭消臭														Enabled	Enabled	Enabled	Approved	Excellent	
426-779-6658	和歌山車	栃木県＿車内クリーニング																														車シート 洗浄																																																				https://carinteriorcleaning.jp/regions/tochigi/seat-senjo/					Responsive search ad	【{LOCATION(City):栃木}】出張車内クリーニング	 -	栃木車シート 洗浄クリーニング	 -	最短即日対応！プロの消臭・洗浄	 -	【電話相談】まずはお電話を	 -	見積もり無料	 -	"""車 シート クリーニング 業者"""	 -	立会不要で清掃作業で時間も有効	 -	出張車内 クリーニングの専門 店	 -	訪問特化型車内の清掃専門業者	 -	灯油 コーヒーこぼしおまかせ	 -	洗浄後無害になる特殊洗剤を使用	 -	18000円からシート車内洗浄対応	 -	１シートのみでもOK 圧倒的洗浄	 -	"""軽 自動車 クリーニング"""	 -	栃木シート洗浄出張クリーニング	 -	栃木県で車シート 洗浄の臭いや汚れにお困りなら。専用洗剤とプロの技術で徹底除去。	 -	車内の車シート 洗浄は放置すると悪化します。今すぐ専門家へお任せください。	 -	出張費無料で駆けつけます！	 -	使用後は無害になる特殊な洗剤を使用 清掃後は赤ちゃんペットにも無害です。専用の機材を使用	 -	{LOCATION(City):栃木}清掃出張車	シート洗浄														Enabled	Enabled	Enabled	Approved	Excellent	
426-779-6658	和歌山車	栃木県＿車内クリーニング																														車シート クリーニング																																										None	"嘔吐""""灯油""""エアコン"	Negative Phrase																																																																			Enabled	Enabled	Removed			SPLIT_TO:嘔吐/灯油/エアコン
426-779-6658	和歌山車	栃木県＿車内クリーニング																														車シート クリーニング																																																				https://carinteriorcleaning.jp/regions/tochigi/seat-cleaning/					Responsive search ad	【{LOCATION(City):栃木}】出張車内クリーニング	 -	栃木車シート クリーニング	 -	最短即日対応！プロの消臭・洗浄	 -	【電話相談】まずはお電話を	 -	見積もり無料	 -	"""車 シート クリーニング 業者"""	 -	立会不要で清掃作業で時間も有効	 -	出張車内 クリーニングの専門 店	 -	訪問特化型車内の清掃専門業者	 -	灯油 コーヒーこぼしおまかせ	 -	洗浄後無害になる特殊洗剤を使用	 -	18000円からシート車内洗浄対応	 -	１シートのみでもOK 圧倒的洗浄	 -	"""軽 自動車 クリーニング"""	 -	栃木車シート出張クリーニング	 -	栃木県で車シート出張クリーニング 臭いや汚れにお困りなら。専用洗剤とプロの技術で徹底除去。	 -	車シート出張クリーニングします。今すぐ専門家へお任せください。	 -	出張費無料で駆けつけます！	 -	使用後は無害になる特殊な洗剤を使用 清掃後は赤ちゃんペットにも無害です。専用の機材を使用	 -	{LOCATION(City):栃木}清掃出張車	シート清掃														Enabled	Enabled	Enabled	Approved	Excellent	
426-779-6658	和歌山車	栃木県＿車内クリーニング																														車　 おしっこ																																																				https://carinteriorcleaning.jp/regions/tochigi/oshikko/					Responsive search ad	【{LOCATION(City):栃木}】出張車内クリーニング	 -	栃木の車 おしっこクリーニング	 -	最短即日対応！プロの消臭・洗浄	 -	【電話相談】まずはお電話を	 -	見積もり無料	 -	"""車 シート クリーニング 業者"""	 -	立会不要で清掃作業で時間も有効	 -	出張車内 クリーニングの専門 店	 -	訪問特化型車内の清掃専門業者	 -	灯油 コーヒーこぼしおまかせ	 -	洗浄後無害になる特殊洗剤を使用	 -	18000円からシート車内洗浄対応	 -	１シートのみでもOK 圧倒的洗浄	 -	"""軽 自動車 クリーニング"""	 -	車 オシッコこぼしクリーニング	 -	栃木県で車 おしっこの臭いや汚れにお困りなら。専用洗剤とプロの技術で徹底除去。	 -	車内の車 おしっこは放置すると悪化します。今すぐ専門家へお任せください。	 -	出張費無料で駆けつけます！	 -	使用後は無害になる特殊な洗剤を使用 清掃後は赤ちゃんペットにも無害です。専用の機材を使用	 -	{LOCATION(City):栃木}清掃出張車	おしっこ消臭														Enabled	Enabled	Enabled	Approved	Excellent	
426-779-6658	和歌山車	栃木県＿車内クリーニング																														車　 うんこ																																																				https://carinteriorcleaning.jp/regions/tochigi/unko/					Responsive search ad	【{LOCATION(City):栃木}】出張車内クリーニング	 -	栃木の車 うんこクリーニング	 -	最短即日対応！プロの消臭・洗浄	 -	【電話相談】まずはお電話を	 -	見積もり無料	 -	"""車 シート クリーニング 業者"""	 -	立会不要で清掃作業で時間も有効	 -	出張車内 クリーニングの専門 店	 -	訪問特化型車内の清掃専門業者	 -	灯油 コーヒーこぼしおまかせ	 -	洗浄後無害になる特殊洗剤を使用	 -	18000円からシート車内洗浄対応	 -	１シートのみでもOK 圧倒的洗浄	 -	"""軽 自動車 クリーニング"""	 -	栃木の車うんこ出張クリーニング	 -	栃木県で車 うんこの臭いや汚れにお困りなら。専用洗剤とプロの技術で徹底除去。	 -	車内の車 うんこは放置すると悪化します。今すぐ専門家へお任せください。	 -	出張費無料で駆けつけます！	 -	使用後は無害になる特殊な洗剤を使用 清掃後は赤ちゃんペットにも無害です。専用の機材を使用	 -	{LOCATION(City):栃木}清掃出張車	うんこ清掃														Enabled	Enabled	Enabled	Approved	Average	
426-779-6658	和歌山車	栃木県＿車内クリーニング																														車の匂い取り																																										None	"嘔吐""""灯油""""エアコン"	Negative Phrase																																																																			Enabled	Enabled	Removed			SPLIT_TO:嘔吐/灯油/エアコン
426-779-6658	和歌山車	栃木県＿車内クリーニング																														車の匂い取り																																																				https://carinteriorcleaning.jp/regions/tochigi/kuruma-nioitori/					Responsive search ad	【{LOCATION(City):栃木}】出張車内クリーニング	 -	栃木の車の匂い取りクリーニング	 -	最短即日対応！プロの消臭・洗浄	 -	【電話相談】まずはお電話を	 -	見積もり無料	 -	"""車 シート クリーニング 業者"""	 -	立会不要で清掃作業で時間も有効	 -	出張車内 クリーニングの専門 店	 -	訪問特化型車内の清掃専門業者	 -	灯油 コーヒーこぼしおまかせ	 -	洗浄後無害になる特殊洗剤を使用	 -	18000円からシート車内洗浄対応	 -	１シートのみでもOK 圧倒的洗浄	 -	"""軽 自動車 クリーニング"""	 -	車の匂い取り出張クリーニング	 -	栃木県で車の匂い取りの臭いや汚れにお困りなら。専用洗剤とプロの技術で徹底除去。	 -	車内の車の匂い取りは放置すると悪化します。今すぐ専門家へお任せください。	 -	出張費無料で駆けつけます！	 -	使用後は無害になる特殊な洗剤を使用 清掃後は赤ちゃんペットにも無害です。専用の機材を使用	 -	{LOCATION(City):栃木}清掃出張車	匂い取り														Enabled	Enabled	Enabled	Approved	Excellent	
426-779-6658	和歌山車	栃木県＿車内クリーニング																														車　 タバコの匂い汚れ・タバコのヤニ																																																				https://carinteriorcleaning.jp/regions/tochigi/tabako-yani/					Responsive search ad	【{LOCATION(City):栃木}】出張車内クリーニング	 -	車 タバコ匂い汚れクリーニング	 -	最短即日対応！プロの消臭・洗浄	 -	【電話相談】まずはお電話を	 -	見積もり無料	 -	"""車 シート クリーニング 業者"""	 -	立会不要で清掃作業で時間も有効	 -	出張車内 クリーニングの専門 店	 -	訪問特化型車内の清掃専門業者	 -	灯油 コーヒーこぼしおまかせ	 -	洗浄後無害になる特殊洗剤を使用	 -	18000円からシート車内洗浄対応	 -	１シートのみでもOK 圧倒的洗浄	 -	"""軽 自動車 クリーニング"""	 -	車 タバコの匂いクリーニング	 -	栃木県で車 タバコの匂い汚れの臭いや汚れにお困りなら。専用洗剤とプロの技術で徹底除去。	 -	車内の車 タバコの匂い汚れは放置すると悪化します。今すぐ専門家へお任せください。	 -	出張費無料で駆けつけます！	 -	使用後は無害になる特殊な洗剤を使用 清掃後は赤ちゃんペットにも無害です。専用の機材を使用	 -	{LOCATION(City):栃木}清掃出張車	タバコヤニ清掃														Enabled	Enabled	Enabled	Approved	Good	
426-779-6658	和歌山車	栃木県＿車内クリーニング																														車内 灯油 こぼし																																																				https://carinteriorcleaning.jp/regions/tochigi/touyu-kobosi/					Responsive search ad	【{LOCATION(City):栃木}】出張車内クリーニング	 -	車内 灯油 こぼしクリーニング	 -	最短即日対応！プロの消臭・洗浄	 -	【電話相談】まずはお電話を	 -	見積もり無料	 -	"""車 シート クリーニング 業者"""	 -	立会不要で清掃作業で時間も有効	 -	出張車内 クリーニングの専門 店	 -	訪問特化型車内の清掃専門業者	 -	灯油 コーヒーこぼしおまかせ	 -	洗浄後無害になる特殊洗剤を使用	 -	18000円からシート車内洗浄対応	 -	１シートのみでもOK 圧倒的洗浄	 -	"""軽 自動車 クリーニング"""	 -	"""車 灯油 こぼし クリーニング"""	 -	栃木県で車内 灯油 こぼしの臭いや汚れにお困りなら。専用洗剤とプロの技術で徹底除去。	 -	車内の車内 灯油 こぼしは放置すると悪化します。今すぐ専門家へお任せください。	 -	出張費無料で駆けつけます！	 -	使用後は無害になる特殊な洗剤を使用 清掃後は赤ちゃんペットにも無害です。専用の機材を使用	 -	{LOCATION(City):栃木}清掃出張車	灯油清掃														Enabled	Enabled	Enabled	Approved	Excellent	
426-779-6658	和歌山車	栃木県＿車内クリーニング																														AG_緊急_嘔吐																																																				https://carinteriorcleaning.jp/regions/tochigi/kyuto-cleaning/					Responsive search ad	【{LOCATION(City):栃木}】出張車内クリーニング	 -	車 ゲロ 消臭 即日	 -	最短即日対応！プロの消臭・洗浄	 -	【電話相談】まずはお電話を	 -	見積もり無料	 -	ペット粗相洗浄業者	 -	立会不要で清掃作業で時間も有効	 -	出張車内 クリーニングの専門 店	 -	訪問特化型車内の清掃専門業者	 -	ペットうんちクリーニング	 -	車 シート 汚れ 落とし 方	 -	18000円からシート車内洗浄対応	 -	１シートのみでもOK 圧倒的洗浄	 -	"""軽 自動車 クリーニング"""	 -	車 ゲロ 消臭 即日クリーニング	 -	栃木で車 ゲロ 消臭 即日 汚れにお困りなら。専用洗剤とプロの技術で徹底除去。	 -	車 ゲロ 消臭 即日します。今すぐ専門家へお任せください。	 -	出張費無料で駆けつけます！	 -	使用後は無害になる特殊な洗剤を使用 清掃後は赤ちゃんペットにも無害です。専用の機材を使用	 -	{LOCATION(City):栃木}清掃出張車	嘔吐ニオイ清掃														Enabled	Enabled	Enabled	Approved	Average	
426-779-6658	和歌山車	栃木県＿車内クリーニング																														AG_緊急_灯油																																																				https://carinteriorcleaning.jp/regions/tochigi/touyu-kobosi/					Responsive search ad	【{LOCATION(City):栃木}】出張車内クリーニング	 -	車 灯油 こぼし 出張	 -	最短即日対応！プロの消臭・洗浄	 -	【電話相談】まずはお電話を	 -	見積もり無料	 -	"""車 シート クリーニング 業者"""	 -	立会不要で清掃作業で時間も有効	 -	出張車内 クリーニングの専門 店	 -	訪問特化型車内の清掃専門業者	 -	灯油 コーヒーこぼしおまかせ	 -	洗浄後無害になる特殊洗剤を使用	 -	18000円からシート車内洗浄対応	 -	１シートのみでもOK 圧倒的洗浄	 -	"""軽 自動車 クリーニング"""	 -	"""車 灯油 こぼし クリーニング"""	 -	栃木県で車 車 灯油 こぼし 出張なら。専用洗剤とプロの技術で徹底除去。	 -	車 灯油 こぼしは放置すると悪化します。今すぐ専門家へお任せください。	 -	出張費無料で駆けつけます！	 -	使用後は無害になる特殊な洗剤を使用 清掃後は赤ちゃんペットにも無害です。専用の機材を使用	 -	{LOCATION(City):栃木}清掃出張車	灯油清掃														Enabled	Enabled	Enabled	Approved	Good	
426-779-6658	和歌山車	栃木県＿車内クリーニング																														AG_緊急_灯油																																																				https://carinteriorcleaning.jp/regions/tochigi/touyu-kobosi/					Responsive search ad	【{LOCATION(City):栃木}】出張車内クリーニング	 -	車 灯油 臭い 取れない 業者	 -	最短即日対応！プロの消臭・洗浄	 -	【電話相談】まずはお電話を	 -	見積もり無料	 -	"""車 シート クリーニング 業者"""	 -	立会不要で清掃作業で時間も有効	 -	出張車内 クリーニングの専門 店	 -	訪問特化型車内の清掃専門業者	 -	灯油 コーヒーこぼしおまかせ	 -	洗浄後無害になる特殊洗剤を使用	 -	18000円からシート車内洗浄対応	 -	１シートのみでもOK 圧倒的洗浄	 -	"""軽 自動車 クリーニング"""	 -	車 灯油 臭い 取れない専門業者	 -	栃木県で車 灯油 臭い 取れない 業者汚れにお困りなら。専用洗剤とプロの技術で徹底除去。	 -	車 灯油 臭い 取れない 専門業者今すぐ専門家へお任せください。	 -	出張費無料で駆けつけます！	 -	使用後は無害になる特殊な洗剤を使用 清掃後は赤ちゃんペットにも無害です。専用の機材を使用	 -	{LOCATION(City):栃木}清掃出張車	灯油清掃														Enabled	Enabled	Enabled	Approved	Excellent	
426-779-6658	和歌山車	栃木県＿車内クリーニング																														AG_緊急_灯油																																																				https://carinteriorcleaning.jp/regions/tochigi/touyu-kobosi/					Responsive search ad	【{LOCATION(City):栃木}】出張車内クリーニング	 -	車 灯油 こぼした 消臭 出張	 -	最短即日対応！プロの消臭・洗浄	 -	【電話相談】まずはお電話を	 -	見積もり無料	 -	"""車 シート クリーニング 業者"""	 -	立会不要で清掃作業で時間も有効	 -	出張車内 クリーニングの専門 店	 -	訪問特化型車内の清掃専門業者	 -	灯油 コーヒーこぼしおまかせ	 -	洗浄後無害になる特殊洗剤を使用	 -	18000円からシート車内洗浄対応	 -	１シートのみでもOK 圧倒的洗浄	 -	"""軽 自動車 クリーニング"""	 -	"""車 灯油 こぼし クリーニング"""	 -	栃木県で車 灯油 こぼした 消臭 出張なら。専用洗剤とプロの技術で徹底除去。	 -	車 灯油 こぼした 消臭 出張します。今すぐ専門家へお任せください。	 -	出張費無料で駆けつけます！	 -	使用後は無害になる特殊な洗剤を使用 清掃後は赤ちゃんペットにも無害です。専用の機材を使用	 -	{LOCATION(City):栃木}清掃出張車	灯油清掃														Enabled	Enabled	Enabled	Approved	Good	
426-779-6658	和歌山車	栃木県＿車内クリーニング																														AG_緊急_ペット	90																																										車 おもらし シート 洗浄	Phrase	85				 -	 -	 -	https://carinteriorcleaning.jp/regions/tochigi/omorashi/																																																											Enabled	Enabled	Enabled	Approved		
426-779-6658	和歌山車	栃木県＿車内クリーニング																														AG_緊急_ペット	90																																										犬 車 お漏らし 消臭 業者	Phrase	85				 -	 -	 -	https://carinteriorcleaning.jp/regions/tochigi/omorashi/																																																											Enabled	Enabled	Enabled	Approved		
426-779-6658	和歌山車	栃木県＿車内クリーニング																														AG_緊急_ペット																																																				https://carinteriorcleaning.jp/regions/tochigi/oshikko/					Responsive search ad	【{LOCATION(City):栃木}】出張車内クリーニング	 -	車 おしっこ シート 洗浄 出張	 -	最短即日対応！プロの消臭・洗浄	 -	【電話相談】まずはお電話を	 -	見積もり無料	 -	"""車 シート クリーニング 業者"""	 -	立会不要で清掃作業で時間も有効	 -	出張車内 クリーニングの専門 店	 -	訪問特化型車内の清掃専門業者	 -	灯油 コーヒーこぼしおまかせ	 -	洗浄後無害になる特殊洗剤を使用	 -	18000円からシート車内洗浄対応	 -	１シートのみでもOK 圧倒的洗浄	 -	"""軽 自動車 クリーニング"""	 -	車 おしっこシート洗浄 出張専門	 -	栃木県で車 おしっこ シート 洗浄 出張なら。専用洗剤とプロの技術で徹底除去。	 -	車 おしっこ シート 洗浄 します。今すぐ専門家へお任せください。	 -	出張費無料で駆けつけます！	 -	使用後は無害になる特殊な洗剤を使用 清掃後は赤ちゃんペットにも無害です。専用の機材を使用	 -	{LOCATION(City):栃木}清掃出張車	おしっこ消臭														Enabled	Enabled	Enabled	Approved	Good	
426-779-6658	和歌山車	栃木県＿車内クリーニング																														AG_緊急_ペット																																																				https://carinteriorcleaning.jp/regions/tochigi/oshikko/					Responsive search ad	【{LOCATION(City):栃木}】出張車内クリーニング	 -	車 おもらし シート 洗浄	 -	最短即日対応！プロの消臭・洗浄	 -	【電話相談】まずはお電話を	 -	見積もり無料	 -	"""車 シート クリーニング 業者"""	 -	立会不要で清掃作業で時間も有効	 -	出張車内 クリーニングの専門 店	 -	訪問特化型車内の清掃専門業者	 -	灯油 コーヒーこぼしおまかせ	 -	洗浄後無害になる特殊洗剤を使用	 -	18000円からシート車内洗浄対応	 -	１シートのみでもOK 圧倒的洗浄	 -	"""軽 自動車 クリーニング"""	 -	車の おもらし シート 出張洗浄	 -	栃木県で車 おもらし シート 洗浄なら。専用洗剤とプロの技術で徹底除去。	 -	車 おもらし シート 洗浄します。今すぐ専門家へお任せください。	 -	出張費無料で駆けつけます！	 -	使用後は無害になる特殊な洗剤を使用 清掃後は赤ちゃんペットにも無害です。専用の機材を使用	 -	{LOCATION(City):栃木}清掃出張車	おしっこ消臭														Enabled	Enabled	Enabled	Approved	Good	
426-779-6658	和歌山車	栃木県＿車内クリーニング																														AG_緊急_ペット																																																				https://carinteriorcleaning.jp/regions/tochigi/oshikko/					Responsive search ad	【{LOCATION(City):栃木}】出張車内クリーニング	 -	ペット 粗相 車 消臭	 -	最短即日対応！プロの消臭・洗浄	 -	【電話相談】まずはお電話を	 -	見積もり無料	 -	"""車 シート クリーニング 業者"""	 -	立会不要で清掃作業で時間も有効	 -	出張車内 クリーニングの専門 店	 -	訪問特化型車内の清掃専門業者	 -	灯油 コーヒーこぼしおまかせ	 -	洗浄後無害になる特殊洗剤を使用	 -	18000円からシート車内洗浄対応	 -	１シートのみでもOK 圧倒的洗浄	 -	"""軽 自動車 クリーニング"""	 -	ペット 粗相 車 消臭出張洗浄	 -	栃木県でペット 粗相 車 消臭にお困りなら。専用洗剤とプロの技術で徹底除去。	 -	ペット 粗相 車は放置すると悪化します。今すぐ専門家へお任せください。	 -	出張費無料で駆けつけます！	 -	使用後は無害になる特殊な洗剤を使用 清掃後は赤ちゃんペットにも無害です。専用の機材を使用	 -	{LOCATION(City):栃木}清掃出張車	おしっこ消臭														Enabled	Enabled	Enabled	Approved	Good	
426-779-6658	和歌山車	栃木県＿車内クリーニング																														AG_消臭_口語																																																				https://carinteriorcleaning.jp/regions/tochigi/kuruma-nioi-keshi/					Responsive search ad	【{LOCATION(City):栃木}】出張車内クリーニング	 -	車 匂い 消し 業者	 -	【期間限定】今だけキャンペーン	 -	365日無休24時間受付中LINE対応	 -	{keyword:出張車内清掃}嘔吐（ゲロ）即対応	 -	"""車 シート クリーニング 業者"""	 -	立会不要で清掃作業で時間も有効	 -	出張車内 クリーニングの専門 店	 -	訪問特化型車内の清掃専門業者	 -	灯油 コーヒーこぼしおまかせ	 -	洗浄後無害になる特殊洗剤を使用	 -	18000円からシート車内洗浄対応	 -	１シートのみでもOK 圧倒的洗浄	 -	"""軽 自動車 クリーニング"""	 -	車 匂い 消し 業者クリーニング	 -	{LOCATION(City):栃木}【地元密着】車内清掃 特急便365日24時間受付中！電話で指定場所まで清掃に出張致します	 -	期間限定キャンペーン有！ 会社のお車を2台以上は、さらに割引 お得な出張車内クリーニング	 -	どこでも出張！ マンションや、会社の駐車場まで出張して、電源無しでも車内清掃のプロが作業	 -	使用後は無害になる特殊な洗剤を使用 清掃後は赤ちゃんペットにも無害です。専用の機材を使用	 -	{LOCATION(City):栃木}清掃出張車	匂い消し														Enabled	Enabled	Enabled	Approved	Average	
426-779-6658	和歌山車	栃木県＿車内クリーニング																														AG_消臭_口語																																																				https://carinteriorcleaning.jp/regions/tochigi/kuruma-nioi-keshi/					Responsive search ad	【{LOCATION(City):栃木}】出張車内クリーニング	 -	車内 クサイ 消臭	 -	最短即日対応！プロの消臭・洗浄	 -	【電話相談】まずはお電話を	 -	見積もり無料	 -	ペット粗相洗浄業者	 -	立会不要で清掃作業で時間も有効	 -	出張車内 クリーニングの専門 店	 -	訪問特化型車内の清掃専門業者	 -	ペットうんちクリーニング	 -	車 シート 汚れ 落とし 方	 -	18000円からシート車内洗浄対応	 -	１シートのみでもOK 圧倒的洗浄	 -	"""軽 自動車 クリーニング"""	 -	車内 クサイ 消臭クリーニング	 -	栃木で車内 クサイ 消臭 汚れにお困りなら。専用洗剤とプロの技術で徹底除去。	 -	車内 クサイ 消臭 放置すると悪化します。今すぐ専門家へお任せください。	 -	出張費無料で駆けつけます！	 -	使用後は無害になる特殊な洗剤を使用 清掃後は赤ちゃんペットにも無害です。専用の機材を使用	 -	{LOCATION(City):栃木}清掃出張車	匂い消し														Enabled	Enabled	Enabled	Approved	Average	
426-779-6658	和歌山車	栃木県＿車内クリーニング																														AG_消臭_口語																																																				https://carinteriorcleaning.jp/regions/tochigi/kuruma-nioi-keshi/					Responsive search ad	【{LOCATION(City):栃木}】出張車内クリーニング	 -	車 臭い 取れない プロ	 -	最短即日対応！プロの消臭・洗浄	 -	【電話相談】まずはお電話を	 -	見積もり無料	 -	"""車 シート クリーニング 業者"""	 -	立会不要で清掃作業で時間も有効	 -	出張車内 クリーニングの専門 店	 -	訪問特化型車内の清掃専門業者	 -	灯油 コーヒーこぼしおまかせ	 -	洗浄後無害になる特殊洗剤を使用	 -	18000円からシート車内洗浄対応	 -	１シートのみでもOK 圧倒的洗浄	 -	"""軽 自動車 クリーニング"""	 -	車臭い取れないプロクリーニング	 -	栃木県で車 臭い 取れないお困りなら。専用洗剤とプロの技術で徹底除去。	 -	車 臭い 取れない プロ 車内の臭いは放置すると悪化します。今すぐ専門家へお任せください。	 -	出張費無料で駆けつけます！	 -	使用後は無害になる特殊な洗剤を使用 清掃後は赤ちゃんペットにも無害です。専用の機材を使用	 -	{LOCATION(City):栃木}清掃出張車	匂い消し														Enabled	Enabled	Enabled	Approved	Good	
426-779-6658	和歌山車	栃木県＿車内クリーニング																														AG_消臭_中古車																																																				https://carinteriorcleaning.jp/regions/tochigi/chuko-tabako/					Responsive search ad	【{LOCATION(City):栃木}】出張車内クリーニング	 -	中古車 加齢臭 車内	 -	最短即日対応！プロの消臭・洗浄	 -	【電話相談】まずはお電話を	 -	見積もり無料	 -	ペット粗相洗浄業者	 -	立会不要で清掃作業で時間も有効	 -	出張車内 クリーニングの専門 店	 -	訪問特化型車内の清掃専門業者	 -	ペットうんちクリーニング	 -	車 シート 汚れ 落とし 方	 -	18000円からシート車内洗浄対応	 -	１シートのみでもOK 圧倒的洗浄	 -	"""軽 自動車 クリーニング"""	 -	中古車 加齢臭 車内クリーニング	 -	栃木で中古車 加齢臭 車内の臭いや汚れにお困りなら。専用洗剤とプロの技術で徹底除去。	 -	中古車 加齢臭 車内 放置すると悪化します。今すぐ専門家へお任せください。	 -	出張費無料で駆けつけます！	 -	使用後は無害になる特殊な洗剤を使用 清掃後は赤ちゃんペットにも無害です。専用の機材を使用	 -	{LOCATION(City):栃木}清掃出張車	タバコ臭清掃														Enabled	Enabled	Enabled	Approved	Average	
426-779-6658	和歌山車	栃木県＿車内クリーニング																														AG_消臭_湿気カビ																																																				https://carinteriorcleaning.jp/regions/tochigi/shanai-nioi/					Responsive search ad	【{LOCATION(City):栃木}】出張車内クリーニング	 -	車内 カビ臭 取り 業者	 -	最短即日対応！プロの消臭・洗浄	 -	【電話相談】まずはお電話を	 -	見積もり無料	 -	"""車 シート クリーニング 業者"""	 -	立会不要で清掃作業で時間も有効	 -	出張車内 クリーニングの専門 店	 -	訪問特化型車内の清掃専門業者	 -	灯油 コーヒーこぼしおまかせ	 -	洗浄後無害になる特殊洗剤を使用	 -	18000円からシート車内洗浄対応	 -	１シートのみでもOK 圧倒的洗浄	 -	"""軽 自動車 クリーニング"""	 -	車内 カビ臭 取り専門業者	 -	栃木県で車内 カビ臭 取り業者 臭いや汚れにお困りなら。専用洗剤とプロの技術で徹底除去。	 -	車内 カビ臭 取り 業者 放置すると悪化します。今すぐ専門家へお任せください。	 -	出張費無料で駆けつけます！	 -	使用後は無害になる特殊な洗剤を使用 清掃後は赤ちゃんペットにも無害です。専用の機材を使用	 -	{LOCATION(City):栃木}清掃出張車	車内臭い														Enabled	Enabled	Enabled	Approved	Average	
426-779-6658	和歌山車	栃木県＿車内クリーニング																														AG_消臭_湿気カビ																																																				https://carinteriorcleaning.jp/regions/tochigi/shanai-nioi/					Responsive search ad	【{LOCATION(City):栃木}】出張車内クリーニング	 -	車 湿気 臭い シート 洗浄	 -	最短即日対応！プロの消臭・洗浄	 -	【電話相談】まずはお電話を	 -	見積もり無料	 -	"""車 シート クリーニング 業者"""	 -	立会不要で清掃作業で時間も有効	 -	出張車内 クリーニングの専門 店	 -	訪問特化型車内の清掃専門業者	 -	灯油 コーヒーこぼしおまかせ	 -	洗浄後無害になる特殊洗剤を使用	 -	18000円からシート車内洗浄対応	 -	１シートのみでもOK 圧倒的洗浄	 -	"""軽 自動車 クリーニング"""	 -	車湿気臭シート洗浄クリーニング	 -	栃木県で車 湿気 臭い シート 洗浄汚れにお困りなら。専用洗剤とプロの技術で徹底除去。	 -	車 湿気 臭い シート 洗浄 今すぐ専門家へお任せください。	 -	出張費無料で駆けつけます！	 -	使用後は無害になる特殊な洗剤を使用 清掃後は赤ちゃんペットにも無害です。専用の機材を使用	 -	{LOCATION(City):栃木}清掃出張車	車内臭い														Enabled	Enabled	Enabled	Approved	Good	
426-779-6658	和歌山車	栃木県＿車内クリーニング																														AG_消臭_湿気カビ																																																				https://carinteriorcleaning.jp/regions/tochigi/shanai-nioi/					Responsive search ad	【{LOCATION(City):栃木}】出張車内クリーニング	 -	車 原因不明 臭い 消臭 業者	 -	最短即日対応！プロの消臭・洗浄	 -	【電話相談】まずはお電話を	 -	見積もり無料	 -	"""車 シート クリーニング 業者"""	 -	立会不要で清掃作業で時間も有効	 -	出張車内 クリーニングの専門 店	 -	訪問特化型車内の清掃専門業者	 -	灯油 コーヒーこぼしおまかせ	 -	洗浄後無害になる特殊洗剤を使用	 -	18000円からシート車内洗浄対応	 -	１シートのみでもOK 圧倒的洗浄	 -	"""軽 自動車 クリーニング"""	 -	車 原因不明な臭い 消臭専門業者	 -	栃木県で車 原因不明 臭い 消臭 業者 汚れにお困りなら。専用洗剤とプロの技術で徹底除去。	 -	車 原因不明 臭い 消臭 業者 今すぐ専門家へお任せください。	 -	出張費無料で駆けつけます！	 -	使用後は無害になる特殊な洗剤を使用 清掃後は赤ちゃんペットにも無害です。専用の機材を使用	 -	{LOCATION(City):栃木}清掃出張車	車内臭い														Enabled	Enabled	Enabled	Approved	Good	
426-779-6658	和歌山車	栃木県＿車内クリーニング																														AG_エアコン_エバポレーター																																																				https://carinteriorcleaning.jp/regions/tochigi/evaporator-senjo/					Responsive search ad	【{LOCATION(City):栃木}】車内のエアコン洗浄	 -	エバポレーター洗浄 出張	 -	最短即日対応！プロの消臭・洗浄	 -	【電話相談】まずはお電話を	 -	見積もり無料	 -	"""車 エバポレーター洗浄 業者"""	 -	立会不要で清掃作業で時間も有効	 -	出張エバポレーター洗浄専門 店	 -	訪問特化型車内の清掃専門業者	 -	エバポレーター洗浄 おまかせ	 -	洗浄後無害になる特殊洗剤を使用	 -	18000円からシート車内洗浄対応	 -	１シートのみでもOK 圧倒的洗浄	 -	"""軽 自動車 クリーニング"""	 -	車 エバポレータークリーニング	 -	栃木県でエバポレーター洗浄 出張なら。専用洗剤とプロの技術で徹底除去。	 -	車内のエバポレーター洗浄 出張します。今すぐ専門家へお任せください。	 -	出張費無料で駆けつけます！	 -	使用後は無害になる特殊な洗剤を使用 清掃後は赤ちゃんペットにも無害です。専用の機材を使用	 -	{LOCATION(City):栃木}清掃出張車	エバポ洗浄														Enabled	Enabled	Enabled	Approved	Good	
426-779-6658	和歌山車	栃木県＿車内クリーニング																														AG_エアコン_エバポレーター																																																				https://carinteriorcleaning.jp/regions/tochigi/evaporator-senjo/					Responsive search ad	【{LOCATION(City):栃木}】出張車内クリーニング	 -	車 エアコン 酸っぱい 臭い 業者	 -	最短即日対応！プロの消臭・洗浄	 -	【電話相談】まずはお電話を	 -	見積もり無料	 -	"""車 シート クリーニング 業者"""	 -	立会不要で清掃作業で時間も有効	 -	出張車内 クリーニングの専門 店	 -	訪問特化型車内の清掃専門業者	 -	灯油 コーヒーこぼしおまかせ	 -	洗浄後無害になる特殊洗剤を使用	 -	18000円からシート車内洗浄対応	 -	１シートのみでもOK 圧倒的洗浄	 -	"""軽 自動車 クリーニング"""	 -	車 エアコンの酸っぱい臭い業者	 -	栃木県で車 エアコン 酸っぱい 臭いや汚れにお困りなら。専用洗剤とプロの技術で徹底除去。	 -	車 エアコン 酸っぱい 臭い 放置すると悪化します。今すぐ専門家へお任せください。	 -	出張費無料で駆けつけます！	 -	使用後は無害になる特殊な洗剤を使用 清掃後は赤ちゃんペットにも無害です。専用の機材を使用	 -	{LOCATION(City):栃木}清掃出張車	エバポ洗浄														Enabled	Enabled	Enabled	Approved	Average	
426-779-6658	和歌山車	栃木県＿車内クリーニング																														AG_エアコン_エバポレーター																																																				https://carinteriorcleaning.jp/regions/tochigi/evaporator-senjo/					Responsive search ad	【{LOCATION(City):栃木}】出張車内クリーニング	 -	カーエアコン カビ臭 エバポレー	 -	最短即日対応！プロの消臭・洗浄	 -	【電話相談】まずはお電話を	 -	見積もり無料	 -	"""車 シート クリーニング 業者"""	 -	立会不要で清掃作業で時間も有効	 -	出張車内 クリーニングの専門 店	 -	訪問特化型車内の清掃専門業者	 -	灯油 コーヒーこぼしおまかせ	 -	洗浄後無害になる特殊洗剤を使用	 -	18000円からシート車内洗浄対応	 -	１シートのみでもOK 圧倒的洗浄	 -	"""軽 自動車 クリーニング"""	 -	カーエアコンカビ臭エバポレー洗	 -	栃木県でカーエアコン カビ臭 エバポレーター洗浄なら。専用洗剤とプロの技術で徹底除去。	 -	カーエアコン カビ臭 エバポレーター臭は放置すると悪化します。今すぐ専門家へお任せください。	 -	出張費無料で駆けつけます！	 -	使用後は無害になる特殊な洗剤を使用 清掃後は赤ちゃんペットにも無害です。専用の機材を使用	 -	{LOCATION(City):栃木}清掃出張車	エバポ洗浄														Enabled	Enabled	Enabled	Approved	Average	
426-779-6658	和歌山車	栃木県＿車内クリーニング																														AG_条件_出張																																																				https://carinteriorcleaning.jp/regions/tochigi/shutchou-senmon/					Responsive search ad	【{LOCATION(City):栃木}】出張車内クリーニング	 -	車内クリーニング 即日 出張	 -	最短即日対応！プロの消臭・洗浄	 -	【電話相談】まずはお電話を	 -	見積もり無料	 -	"""車 シート クリーニング 業者"""	 -	立会不要で清掃作業で時間も有効	 -	出張車内 クリーニングの専門 店	 -	訪問特化型車内の清掃専門業者	 -	灯油 コーヒーこぼしおまかせ	 -	洗浄後無害になる特殊洗剤を使用	 -	18000円からシート車内洗浄対応	 -	１シートのみでもOK 圧倒的洗浄	 -	"""軽 自動車 クリーニング"""	 -	車内クリーニング 即日 出張専門	 -	栃木県で車内クリーニング 即日 出張 お困りなら。専用洗剤とプロの技術で徹底除去。	 -	車内クリーニング 即日 出張 放置すると悪化します。今すぐ専門家へお任せください。	 -	出張費無料で駆けつけます！	 -	使用後は無害になる特殊な洗剤を使用 清掃後は赤ちゃんペットにも無害です。専用の機材を使用	 -	{LOCATION(City):栃木}清掃出張車	出張専門														Enabled	Enabled	Enabled	Approved	Good	
426-779-6658	和歌山車	栃木県＿車内クリーニング																														AG_条件_出張																																																				https://carinteriorcleaning.jp/regions/tochigi/shutchou-senmon/					Responsive search ad	【{LOCATION(City):栃木}】出張車内クリーニング	 -	車内清掃 1席 出張	 -	最短即日対応！プロの消臭・洗浄	 -	【電話相談】まずはお電話を	 -	見積もり無料	 -	"""車 シート クリーニング 業者"""	 -	立会不要で清掃作業で時間も有効	 -	出張車内 クリーニングの専門 店	 -	訪問特化型車内の清掃専門業者	 -	灯油 コーヒーこぼしおまかせ	 -	洗浄後無害になる特殊洗剤を使用	 -	18000円からシート車内洗浄対応	 -	１シートのみでもOK 圧倒的洗浄	 -	"""軽 自動車 クリーニング"""	 -	車内清掃 1席 出張クリーニング	 -	栃木県で車内清掃 1席 出張。専用洗剤とプロの技術で徹底除去。	 -	車内清掃 1席 出張します。今すぐ専門家へお任せください。	 -	出張費無料で駆けつけます！	 -	使用後は無害になる特殊な洗剤を使用 清掃後は赤ちゃんペットにも無害です。専用の機材を使用	 -	{LOCATION(City):栃木}清掃出張車	出張専門														Enabled	Enabled	Enabled	Approved	Good	
426-779-6658	和歌山車	栃木県＿車内クリーニング																														AG_条件_電源不要																																																				https://carinteriorcleaning.jp/regions/tochigi/dengen-fuyou/					Responsive search ad	【{LOCATION(City):栃木}】出張車内クリーニング	 -	車内清掃 電源不要 出張	 -	最短即日対応！プロの消臭・洗浄	 -	【電話相談】まずはお電話を	 -	見積もり無料	 -	"""車 シート クリーニング 業者"""	 -	立会不要で清掃作業で時間も有効	 -	出張車内 クリーニングの専門 店	 -	訪問特化型車内の清掃専門業者	 -	灯油 コーヒーこぼしおまかせ	 -	洗浄後無害になる特殊洗剤を使用	 -	18000円からシート車内洗浄対応	 -	１シートのみでもOK 圧倒的洗浄	 -	"""軽 自動車 クリーニング"""	 -	車内清掃の電源不要で出張専門	 -	栃木県で車内清掃 電源不要 出張なら。専用洗剤とプロの技術で徹底除去。	 -	車内清掃 電源不要 出張します。今すぐ専門家へお任せください。	 -	出張費無料で駆けつけます！	 -	使用後は無害になる特殊な洗剤を使用 清掃後は赤ちゃんペットにも無害です。専用の機材を使用	 -	{LOCATION(City):栃木}清掃出張車	電源持込不要														Enabled	Enabled	Enabled	Approved	Excellent	
426-779-6658	和歌山車	栃木県＿車内クリーニング																														AG_条件_電源不要																																																				https://carinteriorcleaning.jp/regions/tochigi/dengen-fuyou/					Responsive search ad	【{LOCATION(City):栃木}】出張車内クリーニング	 -	マンション 車内クリーニング	 -	最短即日対応！プロの消臭・洗浄	 -	【電話相談】まずはお電話を	 -	見積もり無料	 -	"""車 シート クリーニング 業者"""	 -	立会不要で清掃作業で時間も有効	 -	出張車内 クリーニングの専門 店	 -	訪問特化型車内の清掃専門業者	 -	灯油 コーヒーこぼしおまかせ	 -	洗浄後無害になる特殊洗剤を使用	 -	18000円からシート車内洗浄対応	 -	１シートのみでもOK 圧倒的洗浄	 -	"""軽 自動車 クリーニング"""	 -	マンションで 車内クリーニング	 -	栃木県でマンション 車内クリーニング。専用洗剤とプロの技術で徹底除去。	 -	マンション 車内クリーニング 放置すると悪化します。今すぐ専門家へお任せください。	 -	出張費無料で駆けつけます！	 -	使用後は無害になる特殊な洗剤を使用 清掃後は赤ちゃんペットにも無害です。専用の機材を使用	 -	{LOCATION(City):栃木}清掃出張車	電源持込不要														Enabled	Enabled	Enabled	Approved	Good	
426-779-6658	和歌山車	栃木県＿車内クリーニング																														AG_条件_電源不要																																																				https://carinteriorcleaning.jp/regions/tochigi/dengen-fuyou/					Responsive search ad	【{LOCATION(City):栃木}】出張車内クリーニング	 -	栃木 車内清掃 電源不要	 -	最短即日対応！プロの消臭・洗浄	 -	【電話相談】まずはお電話を	 -	見積もり無料	 -	"""車 シート クリーニング 業者"""	 -	立会不要で清掃作業で時間も有効	 -	出張車内 クリーニングの専門 店	 -	訪問特化型車内の清掃専門業者	 -	灯油 コーヒーこぼしおまかせ	 -	洗浄後無害になる特殊洗剤を使用	 -	18000円からシート車内洗浄対応	 -	１シートのみでもOK 圧倒的洗浄	 -	"""軽 自動車 クリーニング"""	 -	車内清掃電源不要クリーニング	 -	栃木県で栃木 車内清掃 電源不要。専用洗剤とプロの技術で徹底除去。	 -	栃木 車内清掃 電源不要 放置すると悪化します。今すぐ専門家へお任せください。	 -	出張費無料で駆けつけます！	 -	使用後は無害になる特殊な洗剤を使用 清掃後は赤ちゃんペットにも無害です。専用の機材を使用	 -	{LOCATION(City):栃木}清掃出張車	電源持込不要														Enabled	Enabled	Enabled	Approved	Excellent	
426-779-6658	和歌山車	栃木県＿車内クリーニング																														AG_バス_トラック																																																				https://carinteriorcleaning.jp/regions/tochigi/bus-senmon/					Responsive search ad	{LOCATION(City):栃木}出張車内バス クリーニング	 -	バス 嘔吐 清掃	 -	最短即日対応！プロの消臭・洗浄	 -	【電話相談】まずはお電話を	 -	見積もり無料	 -	"""車 シート クリーニング 業者"""	 -	立会不要で清掃作業で時間も有効	 -	出張車内 クリーニングの専門 店	 -	訪問特化型車内の清掃専門業者	 -	コーヒーこぼしおまかせ	 -	洗浄後無害になる特殊洗剤を使用	 -	22000円からシート車内洗浄対応	 -	１シートのみでもOK 圧倒的洗浄	 -	バス 嘔吐出張 清掃	 -			栃木県でバス 嘔吐 清掃 臭いや汚れにお困りなら。専用洗剤とプロの技術で徹底除去。	 -	バス 嘔吐 清掃は放置すると悪化します。今すぐ専門家へお任せください。	 -	出張費無料で駆けつけます！	 -	使用後は無害になる特殊な洗剤を使用 清掃後は赤ちゃんペットにも無害です。専用の機材を使用	 -	{LOCATION(City):栃木}清掃出張車	バス清掃														Enabled	Enabled	Enabled	Approved	Excellent	
426-779-6658	和歌山車	栃木県＿車内クリーニング																														緊急_子供嘔吐																																																				https://carinteriorcleaning.jp/regions/tochigi/kodomo-kyuto/					Responsive search ad	【{LOCATION(City):栃木}】子供嘔吐清掃	 -	車酔い 嘔吐 出張専門業者	 -	最短即日対応！プロの消臭・洗浄	 -	【電話相談】車嘔吐はお電話を	 -	見積もり無料	 -	子供おうと洗浄業者	 -	立会不要で清掃作業で時間も有効	 -	子供おうと洗浄の専門 店	 -	訪問特化型車内の清掃専門業者	 -	子供おうと洗浄クリーニング	 -	車 シート 汚れ 落とし 方	 -	18000円からシート車内洗浄対応	 -	１シートのみでもOK 圧倒的洗浄	 -	"""軽 自動車 クリーニング"""	 -	栃木車酔い 嘔吐の出張専門業者	 -	栃木で車酔い 嘔吐 出張専門業者なら。専用洗剤とプロの技術で徹底除去。	 -	車酔い 嘔吐 出張専門業者 今すぐ専門家へお任せください。	 -	出張費無料で駆けつけます！	 -	使用後は無害になる特殊な洗剤を使用 清掃後は赤ちゃんペットにも無害です。専用の機材を使用	 -	{LOCATION(City):栃木}清掃出張車	子供嘔吐清掃														Enabled	Enabled	Enabled	Approved	Average	
426-779-6658	和歌山車	栃木県＿車内クリーニング																														緊急_灯油																																																				https://carinteriorcleaning.jp/regions/tochigi/touyu-kobosi/					Responsive search ad	【{LOCATION(City):栃木}】出張車内クリーニング	 -	車内 灯油 こぼし 消臭	 -	最短即日対応！プロの消臭・洗浄	 -	【電話相談】まずはお電話を	 -	見積もり無料	 -	"""車 シート クリーニング 業者"""	 -	立会不要で清掃作業で時間も有効	 -	出張車内 クリーニングの専門 店	 -	訪問特化型車内の清掃専門業者	 -	灯油 コーヒーこぼしおまかせ	 -	洗浄後無害になる特殊洗剤を使用	 -	18000円からシート車内洗浄対応	 -	１シートのみでもOK 圧倒的洗浄	 -	"""軽 自動車 クリーニング"""	 -	"""車 灯油 こぼし クリーニング"""	 -	栃木県で車内 灯油 こぼし 消臭お困りなら。専用洗剤とプロの技術で徹底除去。	 -	車内 灯油 こぼし は放置すると悪化します。今すぐ専門家へお任せください。	 -	出張費無料で駆けつけます！	 -	使用後は無害になる特殊な洗剤を使用 清掃後は赤ちゃんペットにも無害です。専用の機材を使用	 -	{LOCATION(City):栃木}清掃出張車	灯油清掃														Enabled	Enabled	Enabled	Approved	Average	
426-779-6658	和歌山車	栃木県＿車内クリーニング																														緊急_灯油																																																				https://carinteriorcleaning.jp/regions/tochigi/touyu-kobosi/					Responsive search ad	【{LOCATION(City):栃木}】出張車内クリーニング	 -	栃木 灯油 こぼし 車	 -	最短即日対応！プロの消臭・洗浄	 -	【電話相談】まずはお電話を	 -	見積もり無料	 -	ペット粗相洗浄業者	 -	立会不要で清掃作業で時間も有効	 -	出張車内 クリーニングの専門 店	 -	訪問特化型車内の清掃専門業者	 -	ペットうんちクリーニング	 -	車 シート 汚れ 落とし 方	 -	18000円からシート車内洗浄対応	 -	１シートのみでもOK 圧倒的洗浄	 -	"""軽 自動車 クリーニング"""	 -	"""車 灯油 こぼし クリーニング"""	 -	栃木で栃木 灯油 こぼし なら 専用洗剤とプロの技術で徹底除去。	 -	栃木 灯油 こぼし は放置すると悪化します。今すぐ専門家へお任せください。	 -	出張費無料で駆けつけます！	 -	使用後は無害になる特殊な洗剤を使用 清掃後は赤ちゃんペットにも無害です。専用の機材を使用	 -	{LOCATION(City):栃木}清掃出張車	灯油清掃														Enabled	Enabled	Enabled	Approved	Average	
426-779-6658	和歌山車	栃木県＿車内クリーニング																														緊急_ペット																																																				https://carinteriorcleaning.jp/regions/tochigi/oshikko/					Responsive search ad	【{LOCATION(City):栃木}】ペットおもらし	 -	犬 車 お漏らし 消臭 業者	 -	最短即日対応！プロの消臭・洗浄	 -	【電話相談】まずはお電話を	 -	見積もり無料	 -	"""猫 車 お漏らし 消臭 業者"""	 -	立会不要で清掃作業で時間も有効	 -	車 ペットお漏らしの専門 店	 -	訪問特化型車内の清掃専門業者	 -	車 ペット うんちの専門 店	 -	洗浄後無害になる特殊洗剤を使用	 -	18000円からシート車内洗浄対応	 -	１シートのみでもOK 圧倒的洗浄	 -	"""軽 自動車 クリーニング"""	 -	犬猫うんちの専門 店	 -	栃木県で犬猫のうんち汚れにお困りなら。専用洗剤とプロの技術で徹底除去。	 -	車内のペットお漏らしは放置すると悪化します。今すぐ専門家へお任せください。	 -	出張費無料で駆けつけ 即クリーニングでキレイにします	 -	使用後は無害になる特殊な洗剤を使用 清掃後は赤ちゃんペットにも無害です。専用の機材を使用	 -	{LOCATION(City):栃木}清掃出張車	おしっこ消臭														Enabled	Enabled	Enabled	Approved	Average	
426-779-6658	和歌山車	栃木県＿車内クリーニング																														緊急_ペット																																																				https://carinteriorcleaning.jp/regions/tochigi/oshikko/					Responsive search ad	【{LOCATION(City):栃木}】出張車内クリーニング	 -	栃木 ペット 車内 清掃	 -	最短即日対応！プロの消臭・洗浄	 -	【電話相談】まずはお電話を	 -	見積もり無料	 -	"""車 シート クリーニング 業者"""	 -	立会不要で清掃作業で時間も有効	 -	出張車内 クリーニングの専門 店	 -	訪問特化型車内の清掃専門業者	 -	灯油 コーヒーこぼしおまかせ	 -	洗浄後無害になる特殊洗剤を使用	 -	18000円からシート車内洗浄対応	 -	１シートのみでもOK 圧倒的洗浄	 -	"""軽 自動車 クリーニング"""	 -	栃木 ペット 車内クリーニング	 -	栃木県で車ペットの臭いや汚れにお困りなら。専用洗剤とプロの技術で徹底除去。	 -	車内の車ペット臭いは放置すると悪化します。今すぐ専門家へお任せください。	 -	出張費無料で駆けつけます！	 -	使用後は無害になる特殊な洗剤を使用 清掃後は赤ちゃんペットにも無害です。専用の機材を使用	 -	{LOCATION(City):栃木}清掃出張車	おしっこ消臭														Enabled	Enabled	Enabled	Approved	Average	
426-779-6658	和歌山車	栃木県＿車内クリーニング																														消臭_口語																																																				https://carinteriorcleaning.jp/regions/tochigi/kuruma-nioi-keshi/					Responsive search ad	【{LOCATION(City):栃木}】出張トラック車内洗浄	 -	消臭スプレー 効かない 車	 -	最短即日対応！プロの消臭・洗浄	 -	【電話相談】まずはお電話を	 -	見積もり無料	 -	"""車 シート クリーニング 業者"""	 -	立会不要で清掃作業で時間も有効	 -	出張車内 クリーニングの専門 店	 -	訪問特化型車内の清掃専門業者	 -	灯油 コーヒーこぼしおまかせ	 -	洗浄後無害になる特殊洗剤を使用	 -	18000円からシート車内洗浄対応	 -	１シートのみでもOK 圧倒的洗浄	 -	"""軽 自動車 クリーニング"""	 -	消臭スプレーが効かない 車対応	 -	栃木県消臭スプレーが効かない 車対応なら 専用洗剤とプロの技術で徹底除去。	 -	消臭スプレーが効かない 車対応します。今すぐ専門家へお任せください。	 -	出張費無料で駆けつけます！	 -	使用後は無害になる特殊な洗剤を使用 清掃後は赤ちゃんペットにも無害です。専用の機材を使用	 -	{LOCATION(City):栃木}清掃出張車	匂い消し														Enabled	Enabled	Enabled	Approved	Excellent	
426-779-6658	和歌山車	栃木県＿車内クリーニング																														消臭_口語																																																				https://carinteriorcleaning.jp/regions/tochigi/kuruma-nioi-keshi/					Responsive search ad	{LOCATION(City):栃木}出張車内消臭 特急便	 -	車 芳香剤 臭い 取れない	 -	最短即日対応！プロの消臭・洗浄	 -	【電話相談】まずはお電話を	 -	見積もり無料	 -	"""車 シート クリーニング 業者"""	 -	立会不要で清掃作業で時間も有効	 -	出張車内 クリーニングの専門 店	 -	訪問特化型車内の清掃専門業者	 -	灯油 コーヒーこぼしおまかせ	 -	洗浄後無害になる特殊洗剤を使用	 -	18000円からシート車内洗浄対応	 -	１シートのみでもOK 圧倒的洗浄	 -	"""軽 自動車 クリーニング"""	 -	車 芳香剤 臭いクリーニング	 -	栃木県で車 芳香剤 臭いクリーニング。専用洗剤とプロの技術で徹底除去。	 -	車 芳香剤 臭いクリーニングします。今すぐ専門家へお任せください。	 -	出張費無料で駆けつけます！	 -	使用後は無害になる特殊な洗剤を使用 清掃後は赤ちゃんペットにも無害です。専用の機材を使用	 -	{LOCATION(City):栃木}清掃出張車	匂い消し														Enabled	Enabled	Enabled	Approved	Excellent	
426-779-6658	和歌山車	栃木県＿車内クリーニング																														消臭_口語																																																				https://carinteriorcleaning.jp/regions/tochigi/kuruma-nioi-keshi/					Responsive search ad	{LOCATION(City):栃木}出張車内消臭 特急便	 -	栃木 車内 消臭 出張	 -	最短即日対応！プロの消臭・洗浄	 -	【電話相談】まずはお電話を	 -	見積もり無料	 -	"""車 シート クリーニング 業者"""	 -	立会不要で清掃作業で時間も有効	 -	出張車内 クリーニングの専門 店	 -	訪問特化型車内の清掃専門業者	 -	灯油 コーヒーこぼしおまかせ	 -	洗浄後無害になる特殊洗剤を使用	 -	18000円からシート車内洗浄対応	 -	１シートのみでもOK 圧倒的洗浄	 -	"""軽 自動車 クリーニング"""	 -	栃木 車内 消臭 出張専門業者	 -	栃木県で車内 消臭 出張専門業者なら。専用洗剤とプロの技術で徹底除去。	 -	車内 消臭 出張専門業者 今すぐ専門家へお任せください。	 -	出張費無料で駆けつけます！	 -	使用後は無害になる特殊な洗剤を使用 清掃後は赤ちゃんペットにも無害です。専用の機材を使用	 -	{LOCATION(City):栃木}清掃出張車	匂い消し														Enabled	Enabled	Enabled	Approved	Excellent	
426-779-6658	和歌山車	栃木県＿車内クリーニング																														消臭_中古車																																																				https://carinteriorcleaning.jp/regions/tochigi/chuko-tabako/					Responsive search ad	【{LOCATION(City):栃木}】出張車内クリーニング	 -	栃木 中古車 臭い 車内	 -	最短即日対応！プロの消臭・洗浄	 -	【電話相談】まずはお電話を	 -	見積もり無料	 -	"""車 シート クリーニング 業者"""	 -	立会不要で清掃作業で時間も有効	 -	出張車内 クリーニングの専門 店	 -	訪問特化型車内の清掃専門業者	 -	灯油 コーヒーこぼしおまかせ	 -	洗浄後無害になる特殊洗剤を使用	 -	18000円からシート車内洗浄対応	 -	１シートのみでもOK 圧倒的洗浄	 -	"""軽 自動車 クリーニング"""	 -	栃木 中古車 臭い 車内洗浄	 -	栃木県で 中古車 臭い 車内洗浄 お困りなら。専用洗剤とプロの技術で徹底除去。	 -	中古車 臭い 車内洗浄します。今すぐ専門家へお任せください。	 -	出張費無料で駆けつけます！	 -	使用後は無害になる特殊な洗剤を使用 清掃後は赤ちゃんペットにも無害です。専用の機材を使用	 -	{LOCATION(City):栃木}清掃出張車	タバコ臭清掃														Enabled	Enabled	Enabled	Approved	Excellent	
426-779-6658	和歌山車	栃木県＿車内クリーニング																														消臭_湿気カビ																																																				https://carinteriorcleaning.jp/regions/tochigi/shanai-nioi/					Responsive search ad	【{LOCATION(City):栃木}】出張車内クリーニング	 -	車 ペット臭 消臭 プロ 出張	 -	【期間限定】今だけキャンペーン	 -	365日無休24時間受付中LINE対応	 -	{keyword:出張車内清掃}嘔吐（ゲロ）即対応	 -	"""車 シート クリーニング 業者"""	 -	立会不要で清掃作業で時間も有効	 -	出張車内 クリーニングの専門 店	 -	訪問特化型車内の清掃専門業者	 -	灯油 コーヒーこぼしおまかせ	 -	洗浄後無害になる特殊洗剤を使用	 -	18000円からシート車内洗浄対応	 -	１シートのみでもOK 圧倒的洗浄	 -	"""軽 自動車 クリーニング"""	 -	車 ペット臭 消臭 プロ 出張専門	 -	{LOCATION(City):栃木}【地元密着】車内清掃 特急便365日24時間受付中！電話で指定場所まで清掃に出張致します	 -	期間限定キャンペーン有！ 会社のお車を2台以上は、さらに割引 お得な出張車内クリーニング	 -	どこでも出張！ マンションや、会社の駐車場まで出張して、電源無しでも車内清掃のプロが作業	 -	使用後は無害になる特殊な洗剤を使用 清掃後は赤ちゃんペットにも無害です。専用の機材を使用	 -	{LOCATION(City):栃木}清掃出張車	車内臭い														Enabled	Enabled	Enabled	Approved	Excellent	
426-779-6658	和歌山車	栃木県＿車内クリーニング																														消臭_湿気カビ																																																				https://carinteriorcleaning.jp/regions/tochigi/shanai-nioi/					Responsive search ad	【{LOCATION(City):栃木}】出張車内クリーニング	 -	栃木 車内 カビ臭	 -	最短即日対応！プロの消臭・洗浄	 -	【電話相談】まずはお電話を	 -	見積もり無料	 -	ペット粗相洗浄業者	 -	立会不要で清掃作業で時間も有効	 -	出張車内 クリーニングの専門 店	 -	訪問特化型車内の清掃専門業者	 -	ペットうんちクリーニング	 -	車 シート 汚れ 落とし 方	 -	18000円からシート車内洗浄対応	 -	１シートのみでもOK 圧倒的洗浄	 -	"""軽 自動車 クリーニング"""	 -	栃木 車内 カビ臭 クリーニング	 -	栃木で車内 カビ臭 クリーニングや汚れにお困りなら。専用洗剤とプロの技術で徹底除去。	 -	車内 カビ臭 クリーニングします。今すぐ専門家へお任せください。	 -	出張費無料で駆けつけます！	 -	使用後は無害になる特殊な洗剤を使用 清掃後は赤ちゃんペットにも無害です。専用の機材を使用	 -	{LOCATION(City):栃木}清掃出張車	車内臭い														Enabled	Enabled	Enabled	Approved	Good	
426-779-6658	和歌山車	栃木県＿車内クリーニング																														消臭_湿気カビ																																																				https://carinteriorcleaning.jp/regions/tochigi/shanai-nioi/					Responsive search ad	【{LOCATION(City):栃木}】出張車内クリーニング	 -	栃木 湿気 車内 臭い	 -	最短即日対応！プロの消臭・洗浄	 -	【電話相談】まずはお電話を	 -	見積もり無料	 -	"""車 シート クリーニング 業者"""	 -	立会不要で清掃作業で時間も有効	 -	出張車内 クリーニングの専門 店	 -	訪問特化型車内の清掃専門業者	 -	灯油 コーヒーこぼしおまかせ	 -	洗浄後無害になる特殊洗剤を使用	 -	18000円からシート車内洗浄対応	 -	１シートのみでもOK 圧倒的洗浄	 -	"""軽 自動車 クリーニング"""	 -	栃木 湿気 車室内臭クリーニング	 -	栃木県で湿気 車室内臭の臭いや汚れにお困りなら。専用洗剤とプロの技術で徹底除去。	 -	湿気 車室内臭クリーニングします。今すぐ専門家へお任せください。	 -	出張費無料で駆けつけます！	 -	使用後は無害になる特殊な洗剤を使用 清掃後は赤ちゃんペットにも無害です。専用の機材を使用	 -	{LOCATION(City):栃木}清掃出張車	車内臭い														Enabled	Enabled	Enabled	Approved	Good	
426-779-6658	和歌山車	栃木県＿車内クリーニング																														エアコン_エバポレーター																																																				https://carinteriorcleaning.jp/regions/tochigi/evaporator-senjo/					Responsive search ad	【{LOCATION(City):栃木}】出張車内クリーニング	 -	車 エアコン 臭い 取れない プロ	 -	最短即日対応！プロの消臭・洗浄	 -	【電話相談】まずはお電話を	 -	見積もり無料	 -	"""車 シート クリーニング 業者"""	 -	立会不要で清掃作業で時間も有効	 -	出張車内 クリーニングの専門 店	 -	訪問特化型車内の清掃専門業者	 -	灯油 コーヒーこぼしおまかせ	 -	洗浄後無害になる特殊洗剤を使用	 -	18000円からシート車内洗浄対応	 -	１シートのみでもOK 圧倒的洗浄	 -	"""軽 自動車 クリーニング"""	 -	車 エアコン臭除去クリーニング	 -	栃木県で車 エアコン 臭い 取れない プロなら。専用洗剤とプロの技術で徹底除去。	 -	車 エアコン 臭い 取れない プロ 今すぐ専門家へお任せください。	 -	出張費無料で駆けつけます！	 -	使用後は無害になる特殊な洗剤を使用 清掃後は赤ちゃんペットにも無害です。専用の機材を使用	 -	{LOCATION(City):栃木}清掃出張車	エバポ洗浄														Enabled	Enabled	Enabled	Approved	Pending	
426-779-6658	和歌山車	栃木県＿車内クリーニング																														エアコン_エバポレーター																																																				https://carinteriorcleaning.jp/regions/tochigi/evaporator-senjo/					Responsive search ad	【{LOCATION(City):栃木}】出張車内クリーニング	 -	車 エアコン 咳 目が痒い 洗浄	 -	最短即日対応！プロの消臭・洗浄	 -	【電話相談】まずはお電話を	 -	見積もり無料	 -	ペット粗相洗浄業者	 -	立会不要で清掃作業で時間も有効	 -	出張車内 クリーニングの専門 店	 -	訪問特化型車内の清掃専門業者	 -	ペットうんちクリーニング	 -	車 シート 汚れ 落とし 方	 -	18000円からシート車内洗浄対応	 -	１シートのみでもOK 圧倒的洗浄	 -	"""軽 自動車 クリーニング"""	 -	車 エアコン咳目が痒い出張洗浄	 -	栃木で車 エアコン咳目が痒い出張洗浄なら。専用洗剤とプロの技術で徹底除去。	 -	車 エアコン咳目が痒い出張洗浄します。今すぐ専門家へお任せください。	 -	出張費無料で駆けつけます！	 -	使用後は無害になる特殊な洗剤を使用 清掃後は赤ちゃんペットにも無害です。専用の機材を使用	 -	{LOCATION(City):栃木}清掃出張車	エバポ洗浄														Enabled	Enabled	Enabled	Approved	Pending	
426-779-6658	和歌山車	栃木県＿車内クリーニング																														エアコン_エバポレーター																																																				https://carinteriorcleaning.jp/regions/tochigi/evaporator-senjo/					Responsive search ad	【{LOCATION(City):栃木}】出張車エバポレーター	 -	車内エアコンクリーニング	 -	最短即日対応！プロの消臭・洗浄	 -	【電話相談】まずはお電話を	 -	見積もり無料	 -	"""車内エアコンクリーニング業者"""	 -	立会不要で清掃作業で時間も有効	 -	出張車内エバポ清掃専門 店	 -	訪問特化型車内の清掃専門業者	 -	車エアコンクリーニングおまかせ	 -	洗浄後無害になる特殊洗剤を使用	 -	18000円から車内洗浄対応	 -	１シートのみでもOK 圧倒的洗浄	 -	"""軽 自動車 クリーニング"""	 -	"""車 エバポレーター清掃"""	 -	栃木県で車内エアコンクリーニングニオイ、汚れにお困りなら 専用洗剤とプロの技術で徹底除去。	 -	車内エアコンクリーニング ニオイは放置すると悪化します。今すぐ専門家へお任せください。	 -	出張費無料で駆けつけます！	 -	使用後は無害になる特殊な洗剤を使用 清掃後は赤ちゃんペットにも無害です。専用の機材を使用	 -	{LOCATION(City):栃木}清掃出張車	エバポ洗浄														Enabled	Enabled	Enabled	Approved	Pending	
426-779-6658	和歌山車	栃木県＿車内クリーニング																														AG_エアコン_エバポ																																																				https://carinteriorcleaning.jp/regions/tochigi/evaporator-senjo/					Responsive search ad	【{LOCATION(City):栃木}】出張車内クリーニング	 -	栃木 エアコン 臭い 車	 -	最短即日対応！プロの消臭・洗浄	 -	【電話相談】まずはお電話を	 -	見積もり無料	 -	"""車 シート クリーニング 業者"""	 -	立会不要で清掃作業で時間も有効	 -	出張車内 クリーニングの専門 店	 -	訪問特化型車内の清掃専門業者	 -	灯油 コーヒーこぼしおまかせ	 -	洗浄後無害になる特殊洗剤を使用	 -	18000円からシート車内洗浄対応	 -	１シートのみでもOK 圧倒的洗浄	 -	"""軽 自動車 クリーニング"""	 -	栃木エアコン臭い車出張清掃	 -	栃木県で エアコン 臭いや汚れにお困りなら。専用洗剤とプロの技術で徹底除去。	 -	栃木 エアコン 臭いは放置すると悪化します。今すぐ専門家へお任せください。	 -	出張費無料で駆けつけます！	 -	使用後は無害になる特殊な洗剤を使用 清掃後は赤ちゃんペットにも無害です。専用の機材を使用	 -	{LOCATION(City):栃木}清掃出張車	エバポ洗浄														Enabled	Enabled	Enabled	Approved	Pending	
426-779-6658	和歌山車	栃木県＿車内クリーニング																														AG_エアコン_エバポ																																																				https://carinteriorcleaning.jp/regions/tochigi/evaporator-senjo/					Responsive search ad	【{LOCATION(City):栃木}】出張車内クリーニング	 -	栃木 エバポレーター洗浄 出張	 -	最短即日対応！プロの消臭・洗浄	 -	【電話相談】まずはお電話を	 -	見積もり無料	 -	"""車 シート クリーニング 業者"""	 -	立会不要で清掃作業で時間も有効	 -	出張車内 クリーニングの専門 店	 -	訪問特化型車内の清掃専門業者	 -	灯油 コーヒーこぼしおまかせ	 -	洗浄後無害になる特殊洗剤を使用	 -	18000円からシート車内洗浄対応	 -	１シートのみでもOK 圧倒的洗浄	 -	"""軽 自動車 クリーニング"""	 -	エバポレーター洗浄クリーニング	 -	栃木県で エバポレーター洗浄 出張なら。専用洗剤とプロの技術で徹底除去。	 -	栃木 エバポレーター洗浄 出張します。今すぐ専門家へお任せください。	 -	出張費無料で駆けつけます！	 -	使用後は無害になる特殊な洗剤を使用 清掃後は赤ちゃんペットにも無害です。専用の機材を使用	 -	{LOCATION(City):栃木}清掃出張車	エバポ洗浄														Enabled	Enabled	Enabled	Approved	Pending	
426-779-6658	和歌山車	栃木県＿車内クリーニング																														条件_出張																																																				https://carinteriorcleaning.jp/regions/tochigi/shutchou-senmon/					Responsive search ad	【{LOCATION(City):栃木}】出張車内クリーニング	 -	出張 車内クリーニング おすすめ	 -	【期間限定】今だけキャンペーン	 -	365日無休24時間受付中LINE対応	 -	{keyword:出張車内清掃}嘔吐（ゲロ）即対応	 -	"""車 シート クリーニング 業者"""	 -	立会不要で清掃作業で時間も有効	 -	出張車内 クリーニングの専門 店	 -	訪問特化型車内の清掃専門業者	 -	灯油 コーヒーこぼしおまかせ	 -	洗浄後無害になる特殊洗剤を使用	 -	18000円からシート車内洗浄対応	 -	１シートのみでもOK 圧倒的洗浄	 -	"""軽 自動車 クリーニング"""	 -	出張車内クリーニング推奨	 -	{LOCATION(City):栃木}【地元密着】車内清掃 特急便365日24時間受付中！電話で指定場所まで清掃に出張致します	 -	期間限定キャンペーン有！ 会社のお車を2台以上は、さらに割引 お得な出張車内クリーニング	 -	どこでも出張！ マンションや、会社の駐車場まで出張して、電源無しでも車内清掃のプロが作業	 -	使用後は無害になる特殊な洗剤を使用 清掃後は赤ちゃんペットにも無害です。専用の機材を使用	 -	{LOCATION(City):栃木}清掃出張車	出張専門														Enabled	Enabled	Enabled	Approved	Excellent	
426-779-6658	和歌山車	栃木県＿車内クリーニング																														条件_出張																																																				https://carinteriorcleaning.jp/regions/tochigi/shutchou-senmon/					Responsive search ad	【{LOCATION(City):栃木}】出張車内クリーニング	 -	栃木 出張 車内清掃 即日	 -	最短即日対応！プロの消臭・洗浄	 -	【電話相談】まずはお電話を	 -	見積もり無料	 -	"""車 シート クリーニング 業者"""	 -	立会不要で清掃作業で時間も有効	 -	出張車内 クリーニングの専門 店	 -	訪問特化型車内の清掃専門業者	 -	灯油 コーヒーこぼしおまかせ	 -	洗浄後無害になる特殊洗剤を使用	 -	18000円からシート車内洗浄対応	 -	１シートのみでもOK 圧倒的洗浄	 -	"""軽 自動車 クリーニング"""	 -	栃木 出張 車内清掃 即日対応	 -	栃木県で出張 車内清掃 即日対応なら。専用洗剤とプロの技術で徹底除去。	 -	出張 車内清掃 即日対応します。今すぐ専門家へお任せください。	 -	出張費無料で駆けつけます！	 -	使用後は無害になる特殊な洗剤を使用 清掃後は赤ちゃんペットにも無害です。専用の機材を使用	 -	{LOCATION(City):栃木}清掃出張車	出張専門														Enabled	Enabled	Enabled	Approved	Average	
426-779-6658	和歌山車	栃木県＿車内クリーニング																														条件_出張																																																				https://carinteriorcleaning.jp/regions/tochigi/shutchou-senmon/					Responsive search ad	【{LOCATION(City):栃木}】出張車内クリーニング	 -	栃木 車内クリーニング 出張	 -	最短即日対応！プロの消臭・洗浄	 -	【電話相談】まずはお電話を	 -	見積もり無料	 -	"""車 シート クリーニング 業者"""	 -	立会不要で清掃作業で時間も有効	 -	出張車内 クリーニングの専門 店	 -	訪問特化型車内の清掃専門業者	 -	灯油 コーヒーこぼしおまかせ	 -	洗浄後無害になる特殊洗剤を使用	 -	18000円からシート車内洗浄対応	 -	１シートのみでもOK 圧倒的洗浄	 -	"""軽 自動車 クリーニング"""	 -	栃木 車内クリーニング 出張業者	 -	栃木県で車内クリーニング 出張業者にお困りなら。専用洗剤とプロの技術で徹底除去。	 -	車内クリーニング 出張業者 今すぐ専門家へお任せください。	 -	出張費無料で駆けつけます！	 -	使用後は無害になる特殊な洗剤を使用 清掃後は赤ちゃんペットにも無害です。専用の機材を使用	 -	{LOCATION(City):栃木}清掃出張車	出張専門														Enabled	Enabled	Enabled	Approved	Average	
426-779-6658	和歌山車	大阪府＿車内クリーニング																														車 嘔吐 クリーニング	95																																										車 嘔吐 クリーニング 業者	Phrase								https://carinteriorcleaning.jp/regions/osaka/kyuto-cleaning/																																																													Paused			通常清掃内の嘔吐KWを嘔吐AGへ新規追加
426-779-6658	和歌山車	大阪府＿車内クリーニング																														車 嘔吐 クリーニング	95																																										車内 クリーニング 嘔吐 大阪	Phrase								https://carinteriorcleaning.jp/regions/osaka/kyuto-cleaning/																																																													Paused			通常清掃内の嘔吐KWを嘔吐AGへ新規追加
426-779-6658	和歌山車	大阪府＿車内クリーニング																														車 嘔吐 クリーニング	95																																										車内 クリーニング 嘔吐	Phrase								https://carinteriorcleaning.jp/regions/osaka/kyuto-cleaning/																																																													Paused			通常清掃内の嘔吐KWを嘔吐AGへ新規追加
426-779-6658	和歌山車	大阪府＿車内クリーニング																														車 嘔吐 クリーニング	95																																										車 ゲロ クリーニング	Phrase								https://carinteriorcleaning.jp/regions/osaka/kyuto-cleaning/																																																													Paused			通常清掃内の嘔吐KWを嘔吐AGへ新規追加
426-779-6658	和歌山車	大阪府＿車内クリーニング																														車 嘔吐 クリーニング	95																																										車 嘔吐 臭い 取れ ない	Phrase								https://carinteriorcleaning.jp/regions/osaka/kyuto-cleaning/																																																													Paused			通常清掃内の嘔吐KWを嘔吐AGへ新規追加
426-779-6658	和歌山車	大阪府＿車内クリーニング																														車 嘔吐 クリーニング	95																																										ゲロ 臭い 消し 車	Phrase								https://carinteriorcleaning.jp/regions/osaka/kyuto-cleaning/																																																													Paused			通常清掃内の嘔吐KWを嘔吐AGへ新規追加
426-779-6658	和歌山車	大阪府＿車内クリーニング																														車 嘔吐 クリーニング	95																																										シート ベルト 嘔吐 臭い	Phrase								https://carinteriorcleaning.jp/regions/osaka/kyuto-cleaning/																																																													Enabled			通常清掃内の嘔吐KWを嘔吐AGへ新規追加
426-779-6658	和歌山車	大阪府＿車内クリーニング																														車 嘔吐 クリーニング	95																																										車内 クリーニング 嘔吐 どこに 頼む	Phrase								https://carinteriorcleaning.jp/regions/osaka/kyuto-cleaning/																																																													Paused			通常清掃内の嘔吐KWを嘔吐AGへ新規追加
426-779-6658	和歌山車	大阪府＿車内クリーニング																														車 嘔吐 クリーニング	95																																										車 吐瀉 物 掃除	Phrase								https://carinteriorcleaning.jp/regions/osaka/kyuto-cleaning/																																																													Paused			通常清掃内の嘔吐KWを嘔吐AGへ新規追加
426-779-6658	和歌山車	大阪府＿車内クリーニング																														車 嘔吐 クリーニング	95																																										車内 ゲロ クリーニング	Phrase								https://carinteriorcleaning.jp/regions/osaka/kyuto-cleaning/																																																													Paused			通常清掃内の嘔吐KWを嘔吐AGへ新規追加
426-779-6658	和歌山車	大阪府＿車内クリーニング																														車 嘔吐 クリーニング	95																																										車内 嘔吐	Phrase								https://carinteriorcleaning.jp/regions/osaka/kyuto-cleaning/																																																													Paused			通常清掃内の嘔吐KWを嘔吐AGへ新規追加
426-779-6658	和歌山車	大阪府＿車内クリーニング																														車 嘔吐 クリーニング	95																																										車内 ゲロ 掃除	Phrase								https://carinteriorcleaning.jp/regions/osaka/kyuto-cleaning/																																																													Paused			通常清掃内の嘔吐KWを嘔吐AGへ新規追加
426-779-6658	和歌山車	大阪府＿車内クリーニング																														車 嘔吐 クリーニング	95																																										車 クリーニング 嘔吐	Phrase								https://carinteriorcleaning.jp/regions/osaka/kyuto-cleaning/																																																													Paused			通常清掃内の嘔吐KWを嘔吐AGへ新規追加
426-779-6658	和歌山車	大阪府＿車内クリーニング																														車 嘔吐 クリーニング	95																																										車 嘔吐 クリーニング	Phrase								https://carinteriorcleaning.jp/regions/osaka/kyuto-cleaning/																																																													Paused			通常清掃内の嘔吐KWを嘔吐AGへ新規追加
426-779-6658	和歌山車	大阪府＿車内クリーニング																														車 嘔吐 クリーニング	95																																										シート ベルト 嘔吐 掃除	Phrase								https://carinteriorcleaning.jp/regions/osaka/kyuto-cleaning/																																																													Paused			通常清掃内の嘔吐KWを嘔吐AGへ新規追加
426-779-6658	和歌山車	大阪府＿車内クリーニング																														車 嘔吐 クリーニング	95																																										車 ゲロ 掃除	Phrase								https://carinteriorcleaning.jp/regions/osaka/kyuto-cleaning/																																																													Paused			通常清掃内の嘔吐KWを嘔吐AGへ新規追加
426-779-6658	和歌山車	大阪府＿車内クリーニング																														車 嘔吐 クリーニング	95																																										車内 嘔吐 臭い 消し	Phrase								https://carinteriorcleaning.jp/regions/osaka/kyuto-cleaning/																																																													Enabled			通常清掃内の嘔吐KWを嘔吐AGへ新規追加
426-779-6658	和歌山車	大阪府＿車内クリーニング																														車 嘔吐 クリーニング	95																																										車内 吐い た 掃除	Phrase								https://carinteriorcleaning.jp/regions/osaka/kyuto-cleaning/																																																													Enabled			通常清掃内の嘔吐KWを嘔吐AGへ新規追加
426-779-6658	和歌山車	大阪府＿車内クリーニング																														車　 汗																																											灯油	Negative Phrase																																																																					Enabled			SPLIT_FROM_壊れたネガティブ
426-779-6658	和歌山車	大阪府＿車内クリーニング																														車　 おもらし																																											嘔吐	Negative Phrase																																																																					Enabled			SPLIT_FROM_壊れたネガティブ
426-779-6658	和歌山車	大阪府＿車内クリーニング																														車　 おもらし																																											灯油	Negative Phrase																																																																					Enabled			SPLIT_FROM_壊れたネガティブ
426-779-6658	和歌山車	大阪府＿車内クリーニング																														車　 おもらし																																											エアコン	Negative Phrase																																																																					Enabled			SPLIT_FROM_壊れたネガティブ
426-779-6658	和歌山車	大阪府＿車内クリーニング																														車シート クリーニング																																											灯油	Negative Phrase																																																																					Enabled			SPLIT_FROM_壊れたネガティブ
426-779-6658	和歌山車	大阪府＿車内クリーニング																														車の匂い取り																																											灯油	Negative Phrase																																																																					Enabled			SPLIT_FROM_壊れたネガティブ
426-779-6658	和歌山車	宮城県＿車内クリーニング																														車 嘔吐 クリーニング	90																																										車 嘔吐 クリーニング 業者	Phrase								https://carinteriorcleaning.jp/regions/miyagi/kyuto-cleaning/																																																													Paused			通常清掃内の嘔吐KWを嘔吐AGへ新規追加
426-779-6658	和歌山車	宮城県＿車内クリーニング																														車 嘔吐 クリーニング	90																																										車内 クリーニング 嘔吐 宮城	Phrase								https://carinteriorcleaning.jp/regions/miyagi/kyuto-cleaning/																																																													Enabled			通常清掃内の嘔吐KWを嘔吐AGへ新規追加
426-779-6658	和歌山車	宮城県＿車内クリーニング																														車 嘔吐 クリーニング	90																																										車内 クリーニング 嘔吐	Phrase								https://carinteriorcleaning.jp/regions/miyagi/kyuto-cleaning/																																																													Paused			通常清掃内の嘔吐KWを嘔吐AGへ新規追加
426-779-6658	和歌山車	宮城県＿車内クリーニング																														車 嘔吐 クリーニング	90																																										車 ゲロ クリーニング	Phrase								https://carinteriorcleaning.jp/regions/miyagi/kyuto-cleaning/																																																													Paused			通常清掃内の嘔吐KWを嘔吐AGへ新規追加
426-779-6658	和歌山車	宮城県＿車内クリーニング																														車 嘔吐 クリーニング	90																																										車 嘔吐 臭い 取れ ない	Phrase								https://carinteriorcleaning.jp/regions/miyagi/kyuto-cleaning/																																																													Paused			通常清掃内の嘔吐KWを嘔吐AGへ新規追加
426-779-6658	和歌山車	宮城県＿車内クリーニング																														車 嘔吐 クリーニング	90																																										ゲロ 臭い 消し 車	Phrase								https://carinteriorcleaning.jp/regions/miyagi/kyuto-cleaning/																																																													Paused			通常清掃内の嘔吐KWを嘔吐AGへ新規追加
426-779-6658	和歌山車	宮城県＿車内クリーニング																														車 嘔吐 クリーニング	90																																										シート ベルト 嘔吐 臭い	Phrase								https://carinteriorcleaning.jp/regions/miyagi/kyuto-cleaning/																																																													Enabled			通常清掃内の嘔吐KWを嘔吐AGへ新規追加
426-779-6658	和歌山車	宮城県＿車内クリーニング																														車 嘔吐 クリーニング	90																																										車内 クリーニング 嘔吐 どこに 頼む	Phrase								https://carinteriorcleaning.jp/regions/miyagi/kyuto-cleaning/																																																													Paused			通常清掃内の嘔吐KWを嘔吐AGへ新規追加
426-779-6658	和歌山車	宮城県＿車内クリーニング																														車 嘔吐 クリーニング	90																																										車 吐瀉 物 掃除	Phrase								https://carinteriorcleaning.jp/regions/miyagi/kyuto-cleaning/																																																													Paused			通常清掃内の嘔吐KWを嘔吐AGへ新規追加
426-779-6658	和歌山車	宮城県＿車内クリーニング																														車 嘔吐 クリーニング	90																																										車内 ゲロ クリーニング	Phrase								https://carinteriorcleaning.jp/regions/miyagi/kyuto-cleaning/																																																													Paused			通常清掃内の嘔吐KWを嘔吐AGへ新規追加
426-779-6658	和歌山車	宮城県＿車内クリーニング																														車 嘔吐 クリーニング	90																																										車内 嘔吐	Phrase								https://carinteriorcleaning.jp/regions/miyagi/kyuto-cleaning/																																																													Paused			通常清掃内の嘔吐KWを嘔吐AGへ新規追加
426-779-6658	和歌山車	宮城県＿車内クリーニング																														車 嘔吐 クリーニング	90																																										車内 ゲロ 掃除	Phrase								https://carinteriorcleaning.jp/regions/miyagi/kyuto-cleaning/																																																													Paused			通常清掃内の嘔吐KWを嘔吐AGへ新規追加
426-779-6658	和歌山車	宮城県＿車内クリーニング																														車 嘔吐 クリーニング	90																																										車 クリーニング 嘔吐	Phrase								https://carinteriorcleaning.jp/regions/miyagi/kyuto-cleaning/																																																													Paused			通常清掃内の嘔吐KWを嘔吐AGへ新規追加
426-779-6658	和歌山車	宮城県＿車内クリーニング																														車 嘔吐 クリーニング	90																																										車 嘔吐 クリーニング	Phrase								https://carinteriorcleaning.jp/regions/miyagi/kyuto-cleaning/																																																													Paused			通常清掃内の嘔吐KWを嘔吐AGへ新規追加
426-779-6658	和歌山車	宮城県＿車内クリーニング																														車 嘔吐 クリーニング	90																																										シート ベルト 嘔吐 掃除	Phrase								https://carinteriorcleaning.jp/regions/miyagi/kyuto-cleaning/																																																													Paused			通常清掃内の嘔吐KWを嘔吐AGへ新規追加
426-779-6658	和歌山車	宮城県＿車内クリーニング																														車 嘔吐 クリーニング	90																																										車 ゲロ 掃除	Phrase								https://carinteriorcleaning.jp/regions/miyagi/kyuto-cleaning/																																																													Paused			通常清掃内の嘔吐KWを嘔吐AGへ新規追加
426-779-6658	和歌山車	宮城県＿車内クリーニング																														車 嘔吐 クリーニング	90																																										車内 嘔吐 臭い 消し	Phrase								https://carinteriorcleaning.jp/regions/miyagi/kyuto-cleaning/																																																													Enabled			通常清掃内の嘔吐KWを嘔吐AGへ新規追加
426-779-6658	和歌山車	宮城県＿車内クリーニング																														車 嘔吐 クリーニング	90																																										車内 吐い た 掃除	Phrase								https://carinteriorcleaning.jp/regions/miyagi/kyuto-cleaning/																																																													Enabled			通常清掃内の嘔吐KWを嘔吐AGへ新規追加
426-779-6658	和歌山車	宮城県＿車内クリーニング																														車　 汗																																											灯油	Negative Phrase																																																																					Enabled			SPLIT_FROM_壊れたネガティブ
426-779-6658	和歌山車	宮城県＿車内クリーニング																														車　 おもらし																																											嘔吐	Negative Phrase																																																																					Enabled			SPLIT_FROM_壊れたネガティブ
426-779-6658	和歌山車	宮城県＿車内クリーニング																														車　 おもらし																																											灯油	Negative Phrase																																																																					Enabled			SPLIT_FROM_壊れたネガティブ
426-779-6658	和歌山車	宮城県＿車内クリーニング																														車　 おもらし																																											エアコン	Negative Phrase																																																																					Enabled			SPLIT_FROM_壊れたネガティブ
426-779-6658	和歌山車	宮城県＿車内クリーニング																														車シート クリーニング																																											灯油	Negative Phrase																																																																					Enabled			SPLIT_FROM_壊れたネガティブ
426-779-6658	和歌山車	宮城県＿車内クリーニング																														車の匂い取り																																											灯油	Negative Phrase																																																																					Enabled			SPLIT_FROM_壊れたネガティブ
426-779-6658	和歌山車	愛知県＿車内クリーニング																														車 嘔吐 クリーニング	95																																										車 嘔吐 クリーニング 業者	Phrase								https://carinteriorcleaning.jp/regions/aichi/kyuto-cleaning/																																																													Paused			通常清掃内の嘔吐KWを嘔吐AGへ新規追加
426-779-6658	和歌山車	愛知県＿車内クリーニング																														車 嘔吐 クリーニング	95																																										車内 クリーニング 嘔吐 愛知	Phrase								https://carinteriorcleaning.jp/regions/aichi/kyuto-cleaning/																																																													Enabled			通常清掃内の嘔吐KWを嘔吐AGへ新規追加
426-779-6658	和歌山車	愛知県＿車内クリーニング																														車 嘔吐 クリーニング	95																																										車内 クリーニング 嘔吐	Phrase								https://carinteriorcleaning.jp/regions/aichi/kyuto-cleaning/																																																													Paused			通常清掃内の嘔吐KWを嘔吐AGへ新規追加
426-779-6658	和歌山車	愛知県＿車内クリーニング																														車 嘔吐 クリーニング	95																																										車 ゲロ クリーニング	Phrase								https://carinteriorcleaning.jp/regions/aichi/kyuto-cleaning/																																																													Paused			通常清掃内の嘔吐KWを嘔吐AGへ新規追加
426-779-6658	和歌山車	愛知県＿車内クリーニング																														車 嘔吐 クリーニング	95																																										車 嘔吐 臭い 取れ ない	Phrase								https://carinteriorcleaning.jp/regions/aichi/kyuto-cleaning/																																																													Paused			通常清掃内の嘔吐KWを嘔吐AGへ新規追加
426-779-6658	和歌山車	愛知県＿車内クリーニング																														車 嘔吐 クリーニング	95																																										ゲロ 臭い 消し 車	Phrase								https://carinteriorcleaning.jp/regions/aichi/kyuto-cleaning/																																																													Paused			通常清掃内の嘔吐KWを嘔吐AGへ新規追加
426-779-6658	和歌山車	愛知県＿車内クリーニング																														車 嘔吐 クリーニング	95																																										シート ベルト 嘔吐 臭い	Phrase								https://carinteriorcleaning.jp/regions/aichi/kyuto-cleaning/																																																													Enabled			通常清掃内の嘔吐KWを嘔吐AGへ新規追加
426-779-6658	和歌山車	愛知県＿車内クリーニング																														車 嘔吐 クリーニング	95																																										車内 クリーニング 嘔吐 どこに 頼む	Phrase								https://carinteriorcleaning.jp/regions/aichi/kyuto-cleaning/																																																													Paused			通常清掃内の嘔吐KWを嘔吐AGへ新規追加
426-779-6658	和歌山車	愛知県＿車内クリーニング																														車 嘔吐 クリーニング	95																																										車 吐瀉 物 掃除	Phrase								https://carinteriorcleaning.jp/regions/aichi/kyuto-cleaning/																																																													Paused			通常清掃内の嘔吐KWを嘔吐AGへ新規追加
426-779-6658	和歌山車	愛知県＿車内クリーニング																														車 嘔吐 クリーニング	95																																										車内 ゲロ クリーニング	Phrase								https://carinteriorcleaning.jp/regions/aichi/kyuto-cleaning/																																																													Paused			通常清掃内の嘔吐KWを嘔吐AGへ新規追加
426-779-6658	和歌山車	愛知県＿車内クリーニング																														車 嘔吐 クリーニング	95																																										車内 嘔吐	Phrase								https://carinteriorcleaning.jp/regions/aichi/kyuto-cleaning/																																																													Paused			通常清掃内の嘔吐KWを嘔吐AGへ新規追加
426-779-6658	和歌山車	愛知県＿車内クリーニング																														車 嘔吐 クリーニング	95																																										車内 ゲロ 掃除	Phrase								https://carinteriorcleaning.jp/regions/aichi/kyuto-cleaning/																																																													Paused			通常清掃内の嘔吐KWを嘔吐AGへ新規追加
426-779-6658	和歌山車	愛知県＿車内クリーニング																														車 嘔吐 クリーニング	95																																										車 クリーニング 嘔吐	Phrase								https://carinteriorcleaning.jp/regions/aichi/kyuto-cleaning/																																																													Paused			通常清掃内の嘔吐KWを嘔吐AGへ新規追加
426-779-6658	和歌山車	愛知県＿車内クリーニング																														車 嘔吐 クリーニング	95																																										車 嘔吐 クリーニング	Phrase								https://carinteriorcleaning.jp/regions/aichi/kyuto-cleaning/																																																													Paused			通常清掃内の嘔吐KWを嘔吐AGへ新規追加
426-779-6658	和歌山車	愛知県＿車内クリーニング																														車 嘔吐 クリーニング	95																																										シート ベルト 嘔吐 掃除	Phrase								https://carinteriorcleaning.jp/regions/aichi/kyuto-cleaning/																																																													Paused			通常清掃内の嘔吐KWを嘔吐AGへ新規追加
426-779-6658	和歌山車	愛知県＿車内クリーニング																														車 嘔吐 クリーニング	95																																										車 ゲロ 掃除	Phrase								https://carinteriorcleaning.jp/regions/aichi/kyuto-cleaning/																																																													Paused			通常清掃内の嘔吐KWを嘔吐AGへ新規追加
426-779-6658	和歌山車	愛知県＿車内クリーニング																														車 嘔吐 クリーニング	95																																										車内 嘔吐 臭い 消し	Phrase								https://carinteriorcleaning.jp/regions/aichi/kyuto-cleaning/																																																													Enabled			通常清掃内の嘔吐KWを嘔吐AGへ新規追加
426-779-6658	和歌山車	愛知県＿車内クリーニング																														車 嘔吐 クリーニング	95																																										車内 吐い た 掃除	Phrase								https://carinteriorcleaning.jp/regions/aichi/kyuto-cleaning/																																																													Enabled			通常清掃内の嘔吐KWを嘔吐AGへ新規追加
426-779-6658	和歌山車	愛知県＿車内クリーニング																														車　 汗																																											灯油	Negative Phrase																																																																					Enabled			SPLIT_FROM_壊れたネガティブ
426-779-6658	和歌山車	愛知県＿車内クリーニング																														車　 おもらし																																											嘔吐	Negative Phrase																																																																					Enabled			SPLIT_FROM_壊れたネガティブ
426-779-6658	和歌山車	愛知県＿車内クリーニング																														車　 おもらし																																											灯油	Negative Phrase																																																																					Enabled			SPLIT_FROM_壊れたネガティブ
426-779-6658	和歌山車	愛知県＿車内クリーニング																														車　 おもらし																																											エアコン	Negative Phrase																																																																					Enabled			SPLIT_FROM_壊れたネガティブ
426-779-6658	和歌山車	愛知県＿車内クリーニング																														車シート クリーニング																																											灯油	Negative Phrase																																																																					Enabled			SPLIT_FROM_壊れたネガティブ
426-779-6658	和歌山車	愛知県＿車内クリーニング																														車の匂い取り																																											灯油	Negative Phrase																																																																					Enabled			SPLIT_FROM_壊れたネガティブ
426-779-6658	和歌山車	千葉県＿車内クリーニング																														車 嘔吐 クリーニング	90																																										車 嘔吐 クリーニング 業者	Phrase								https://carinteriorcleaning.jp/regions/chiba/kyuto-cleaning/																																																													Paused			通常清掃内の嘔吐KWを嘔吐AGへ新規追加
426-779-6658	和歌山車	千葉県＿車内クリーニング																														車 嘔吐 クリーニング	90																																										車内 クリーニング 嘔吐 千葉	Phrase								https://carinteriorcleaning.jp/regions/chiba/kyuto-cleaning/																																																													Enabled			通常清掃内の嘔吐KWを嘔吐AGへ新規追加
426-779-6658	和歌山車	千葉県＿車内クリーニング																														車 嘔吐 クリーニング	90																																										車内 クリーニング 嘔吐	Phrase								https://carinteriorcleaning.jp/regions/chiba/kyuto-cleaning/																																																													Paused			通常清掃内の嘔吐KWを嘔吐AGへ新規追加
426-779-6658	和歌山車	千葉県＿車内クリーニング																														車 嘔吐 クリーニング	90																																										車 ゲロ クリーニング	Phrase								https://carinteriorcleaning.jp/regions/chiba/kyuto-cleaning/																																																													Paused			通常清掃内の嘔吐KWを嘔吐AGへ新規追加
426-779-6658	和歌山車	千葉県＿車内クリーニング																														車 嘔吐 クリーニング	90																																										車 嘔吐 臭い 取れ ない	Phrase								https://carinteriorcleaning.jp/regions/chiba/kyuto-cleaning/																																																													Paused			通常清掃内の嘔吐KWを嘔吐AGへ新規追加
426-779-6658	和歌山車	千葉県＿車内クリーニング																														車 嘔吐 クリーニング	90																																										ゲロ 臭い 消し 車	Phrase								https://carinteriorcleaning.jp/regions/chiba/kyuto-cleaning/																																																													Paused			通常清掃内の嘔吐KWを嘔吐AGへ新規追加
426-779-6658	和歌山車	千葉県＿車内クリーニング																														車 嘔吐 クリーニング	90																																										シート ベルト 嘔吐 臭い	Phrase								https://carinteriorcleaning.jp/regions/chiba/kyuto-cleaning/																																																													Enabled			通常清掃内の嘔吐KWを嘔吐AGへ新規追加
426-779-6658	和歌山車	千葉県＿車内クリーニング																														車 嘔吐 クリーニング	90																																										車内 クリーニング 嘔吐 どこに 頼む	Phrase								https://carinteriorcleaning.jp/regions/chiba/kyuto-cleaning/																																																													Paused			通常清掃内の嘔吐KWを嘔吐AGへ新規追加
426-779-6658	和歌山車	千葉県＿車内クリーニング																														車 嘔吐 クリーニング	90																																										車 吐瀉 物 掃除	Phrase								https://carinteriorcleaning.jp/regions/chiba/kyuto-cleaning/																																																													Paused			通常清掃内の嘔吐KWを嘔吐AGへ新規追加
426-779-6658	和歌山車	千葉県＿車内クリーニング																														車 嘔吐 クリーニング	90																																										車内 ゲロ クリーニング	Phrase								https://carinteriorcleaning.jp/regions/chiba/kyuto-cleaning/																																																													Paused			通常清掃内の嘔吐KWを嘔吐AGへ新規追加
426-779-6658	和歌山車	千葉県＿車内クリーニング																														車 嘔吐 クリーニング	90																																										車内 嘔吐	Phrase								https://carinteriorcleaning.jp/regions/chiba/kyuto-cleaning/																																																													Paused			通常清掃内の嘔吐KWを嘔吐AGへ新規追加
426-779-6658	和歌山車	千葉県＿車内クリーニング																														車 嘔吐 クリーニング	90																																										車内 ゲロ 掃除	Phrase								https://carinteriorcleaning.jp/regions/chiba/kyuto-cleaning/																																																													Paused			通常清掃内の嘔吐KWを嘔吐AGへ新規追加
426-779-6658	和歌山車	千葉県＿車内クリーニング																														車 嘔吐 クリーニング	90																																										車 クリーニング 嘔吐	Phrase								https://carinteriorcleaning.jp/regions/chiba/kyuto-cleaning/																																																													Paused			通常清掃内の嘔吐KWを嘔吐AGへ新規追加
426-779-6658	和歌山車	千葉県＿車内クリーニング																														車 嘔吐 クリーニング	90																																										車 嘔吐 クリーニング	Phrase								https://carinteriorcleaning.jp/regions/chiba/kyuto-cleaning/																																																													Paused			通常清掃内の嘔吐KWを嘔吐AGへ新規追加
426-779-6658	和歌山車	千葉県＿車内クリーニング																														車 嘔吐 クリーニング	90																																										シート ベルト 嘔吐 掃除	Phrase								https://carinteriorcleaning.jp/regions/chiba/kyuto-cleaning/																																																													Paused			通常清掃内の嘔吐KWを嘔吐AGへ新規追加
426-779-6658	和歌山車	千葉県＿車内クリーニング																														車 嘔吐 クリーニング	90																																										車 ゲロ 掃除	Phrase								https://carinteriorcleaning.jp/regions/chiba/kyuto-cleaning/																																																													Paused			通常清掃内の嘔吐KWを嘔吐AGへ新規追加
426-779-6658	和歌山車	千葉県＿車内クリーニング																														車 嘔吐 クリーニング	90																																										車内 嘔吐 臭い 消し	Phrase								https://carinteriorcleaning.jp/regions/chiba/kyuto-cleaning/																																																													Enabled			通常清掃内の嘔吐KWを嘔吐AGへ新規追加
426-779-6658	和歌山車	千葉県＿車内クリーニング																														車 嘔吐 クリーニング	90																																										車内 吐い た 掃除	Phrase								https://carinteriorcleaning.jp/regions/chiba/kyuto-cleaning/																																																													Enabled			通常清掃内の嘔吐KWを嘔吐AGへ新規追加
426-779-6658	和歌山車	千葉県＿車内クリーニング																														車　 汗																																											灯油	Negative Phrase																																																																					Enabled			SPLIT_FROM_壊れたネガティブ
426-779-6658	和歌山車	千葉県＿車内クリーニング																														車　 おもらし																																											嘔吐	Negative Phrase																																																																					Enabled			SPLIT_FROM_壊れたネガティブ
426-779-6658	和歌山車	千葉県＿車内クリーニング																														車　 おもらし																																											灯油	Negative Phrase																																																																					Enabled			SPLIT_FROM_壊れたネガティブ
426-779-6658	和歌山車	千葉県＿車内クリーニング																														車　 おもらし																																											エアコン	Negative Phrase																																																																					Enabled			SPLIT_FROM_壊れたネガティブ
426-779-6658	和歌山車	千葉県＿車内クリーニング																														車シート クリーニング																																											灯油	Negative Phrase																																																																					Enabled			SPLIT_FROM_壊れたネガティブ
426-779-6658	和歌山車	千葉県＿車内クリーニング																														車の匂い取り																																											灯油	Negative Phrase																																																																					Enabled			SPLIT_FROM_壊れたネガティブ
426-779-6658	和歌山車	兵庫県＿車内クリーニング																														車 嘔吐 クリーニング	95																																										車 嘔吐 クリーニング 業者	Phrase								https://carinteriorcleaning.jp/regions/hyogo/kyuto-cleaning/																																																													Paused			通常清掃内の嘔吐KWを嘔吐AGへ新規追加
426-779-6658	和歌山車	兵庫県＿車内クリーニング																														車 嘔吐 クリーニング	95																																										車内 クリーニング 嘔吐 兵庫	Phrase								https://carinteriorcleaning.jp/regions/hyogo/kyuto-cleaning/																																																													Paused			通常清掃内の嘔吐KWを嘔吐AGへ新規追加
426-779-6658	和歌山車	兵庫県＿車内クリーニング																														車 嘔吐 クリーニング	95																																										車内 クリーニング 嘔吐	Phrase								https://carinteriorcleaning.jp/regions/hyogo/kyuto-cleaning/																																																													Paused			通常清掃内の嘔吐KWを嘔吐AGへ新規追加
426-779-6658	和歌山車	兵庫県＿車内クリーニング																														車 嘔吐 クリーニング	95																																										車 ゲロ クリーニング	Phrase								https://carinteriorcleaning.jp/regions/hyogo/kyuto-cleaning/																																																													Paused			通常清掃内の嘔吐KWを嘔吐AGへ新規追加
426-779-6658	和歌山車	兵庫県＿車内クリーニング																														車 嘔吐 クリーニング	95																																										車 嘔吐 臭い 取れ ない	Phrase								https://carinteriorcleaning.jp/regions/hyogo/kyuto-cleaning/																																																													Paused			通常清掃内の嘔吐KWを嘔吐AGへ新規追加
426-779-6658	和歌山車	兵庫県＿車内クリーニング																														車 嘔吐 クリーニング	95																																										ゲロ 臭い 消し 車	Phrase								https://carinteriorcleaning.jp/regions/hyogo/kyuto-cleaning/																																																													Paused			通常清掃内の嘔吐KWを嘔吐AGへ新規追加
426-779-6658	和歌山車	兵庫県＿車内クリーニング																														車 嘔吐 クリーニング	95																																										シート ベルト 嘔吐 臭い	Phrase								https://carinteriorcleaning.jp/regions/hyogo/kyuto-cleaning/																																																													Enabled			通常清掃内の嘔吐KWを嘔吐AGへ新規追加
426-779-6658	和歌山車	兵庫県＿車内クリーニング																														車 嘔吐 クリーニング	95																																										車内 クリーニング 嘔吐 どこに 頼む	Phrase								https://carinteriorcleaning.jp/regions/hyogo/kyuto-cleaning/																																																													Paused			通常清掃内の嘔吐KWを嘔吐AGへ新規追加
426-779-6658	和歌山車	兵庫県＿車内クリーニング																														車 嘔吐 クリーニング	95																																										車 吐瀉 物 掃除	Phrase								https://carinteriorcleaning.jp/regions/hyogo/kyuto-cleaning/																																																													Paused			通常清掃内の嘔吐KWを嘔吐AGへ新規追加
426-779-6658	和歌山車	兵庫県＿車内クリーニング																														車 嘔吐 クリーニング	95																																										車内 ゲロ クリーニング	Phrase								https://carinteriorcleaning.jp/regions/hyogo/kyuto-cleaning/																																																													Paused			通常清掃内の嘔吐KWを嘔吐AGへ新規追加
426-779-6658	和歌山車	兵庫県＿車内クリーニング																														車 嘔吐 クリーニング	95																																										車内 嘔吐	Phrase								https://carinteriorcleaning.jp/regions/hyogo/kyuto-cleaning/																																																													Paused			通常清掃内の嘔吐KWを嘔吐AGへ新規追加
426-779-6658	和歌山車	兵庫県＿車内クリーニング																														車 嘔吐 クリーニング	95																																										車内 ゲロ 掃除	Phrase								https://carinteriorcleaning.jp/regions/hyogo/kyuto-cleaning/																																																													Paused			通常清掃内の嘔吐KWを嘔吐AGへ新規追加
426-779-6658	和歌山車	兵庫県＿車内クリーニング																														車 嘔吐 クリーニング	95																																										車 クリーニング 嘔吐	Phrase								https://carinteriorcleaning.jp/regions/hyogo/kyuto-cleaning/																																																													Paused			通常清掃内の嘔吐KWを嘔吐AGへ新規追加
426-779-6658	和歌山車	兵庫県＿車内クリーニング																														車 嘔吐 クリーニング	95																																										車 嘔吐 クリーニング	Phrase								https://carinteriorcleaning.jp/regions/hyogo/kyuto-cleaning/																																																													Paused			通常清掃内の嘔吐KWを嘔吐AGへ新規追加
426-779-6658	和歌山車	兵庫県＿車内クリーニング																														車 嘔吐 クリーニング	95																																										シート ベルト 嘔吐 掃除	Phrase								https://carinteriorcleaning.jp/regions/hyogo/kyuto-cleaning/																																																													Paused			通常清掃内の嘔吐KWを嘔吐AGへ新規追加
426-779-6658	和歌山車	兵庫県＿車内クリーニング																														車 嘔吐 クリーニング	95																																										車 ゲロ 掃除	Phrase								https://carinteriorcleaning.jp/regions/hyogo/kyuto-cleaning/																																																													Paused			通常清掃内の嘔吐KWを嘔吐AGへ新規追加
426-779-6658	和歌山車	兵庫県＿車内クリーニング																														車 嘔吐 クリーニング	95																																										車内 嘔吐 臭い 消し	Phrase								https://carinteriorcleaning.jp/regions/hyogo/kyuto-cleaning/																																																													Enabled			通常清掃内の嘔吐KWを嘔吐AGへ新規追加
426-779-6658	和歌山車	兵庫県＿車内クリーニング																														車 嘔吐 クリーニング	95																																										車内 吐い た 掃除	Phrase								https://carinteriorcleaning.jp/regions/hyogo/kyuto-cleaning/																																																													Enabled			通常清掃内の嘔吐KWを嘔吐AGへ新規追加
426-779-6658	和歌山車	兵庫県＿車内クリーニング																														車　 汗																																											灯油	Negative Phrase																																																																					Enabled			SPLIT_FROM_壊れたネガティブ
426-779-6658	和歌山車	兵庫県＿車内クリーニング																														車　 おもらし																																											嘔吐	Negative Phrase																																																																					Enabled			SPLIT_FROM_壊れたネガティブ
426-779-6658	和歌山車	兵庫県＿車内クリーニング																														車　 おもらし																																											灯油	Negative Phrase																																																																					Enabled			SPLIT_FROM_壊れたネガティブ
426-779-6658	和歌山車	兵庫県＿車内クリーニング																														車　 おもらし																																											エアコン	Negative Phrase																																																																					Enabled			SPLIT_FROM_壊れたネガティブ
426-779-6658	和歌山車	兵庫県＿車内クリーニング																														車シート クリーニング																																											灯油	Negative Phrase																																																																					Enabled			SPLIT_FROM_壊れたネガティブ
426-779-6658	和歌山車	兵庫県＿車内クリーニング																														車の匂い取り																																											灯油	Negative Phrase																																																																					Enabled			SPLIT_FROM_壊れたネガティブ
426-779-6658	和歌山車	福岡県＿車内クリーニング																														車 嘔吐 クリーニング	95																																										車 嘔吐 クリーニング 業者	Phrase								https://carinteriorcleaning.jp/regions/fukuoka/kyuto-cleaning/																																																													Paused			通常清掃内の嘔吐KWを嘔吐AGへ新規追加
426-779-6658	和歌山車	福岡県＿車内クリーニング																														車 嘔吐 クリーニング	95																																										車内 クリーニング 嘔吐 福岡	Phrase								https://carinteriorcleaning.jp/regions/fukuoka/kyuto-cleaning/																																																													Paused			通常清掃内の嘔吐KWを嘔吐AGへ新規追加
426-779-6658	和歌山車	福岡県＿車内クリーニング																														車 嘔吐 クリーニング	95																																										車内 クリーニング 嘔吐	Phrase								https://carinteriorcleaning.jp/regions/fukuoka/kyuto-cleaning/																																																													Paused			通常清掃内の嘔吐KWを嘔吐AGへ新規追加
426-779-6658	和歌山車	福岡県＿車内クリーニング																														車 嘔吐 クリーニング	95																																										車 ゲロ クリーニング	Phrase								https://carinteriorcleaning.jp/regions/fukuoka/kyuto-cleaning/																																																													Paused			通常清掃内の嘔吐KWを嘔吐AGへ新規追加
426-779-6658	和歌山車	福岡県＿車内クリーニング																														車 嘔吐 クリーニング	95																																										車 嘔吐 臭い 取れ ない	Phrase								https://carinteriorcleaning.jp/regions/fukuoka/kyuto-cleaning/																																																													Paused			通常清掃内の嘔吐KWを嘔吐AGへ新規追加
426-779-6658	和歌山車	福岡県＿車内クリーニング																														車 嘔吐 クリーニング	95																																										ゲロ 臭い 消し 車	Phrase								https://carinteriorcleaning.jp/regions/fukuoka/kyuto-cleaning/																																																													Paused			通常清掃内の嘔吐KWを嘔吐AGへ新規追加
426-779-6658	和歌山車	福岡県＿車内クリーニング																														車 嘔吐 クリーニング	95																																										シート ベルト 嘔吐 臭い	Phrase								https://carinteriorcleaning.jp/regions/fukuoka/kyuto-cleaning/																																																													Enabled			通常清掃内の嘔吐KWを嘔吐AGへ新規追加
426-779-6658	和歌山車	福岡県＿車内クリーニング																														車 嘔吐 クリーニング	95																																										車内 クリーニング 嘔吐 どこに 頼む	Phrase								https://carinteriorcleaning.jp/regions/fukuoka/kyuto-cleaning/																																																													Paused			通常清掃内の嘔吐KWを嘔吐AGへ新規追加
426-779-6658	和歌山車	福岡県＿車内クリーニング																														車 嘔吐 クリーニング	95																																										車 吐瀉 物 掃除	Phrase								https://carinteriorcleaning.jp/regions/fukuoka/kyuto-cleaning/																																																													Paused			通常清掃内の嘔吐KWを嘔吐AGへ新規追加
426-779-6658	和歌山車	福岡県＿車内クリーニング																														車 嘔吐 クリーニング	95																																										車内 ゲロ クリーニング	Phrase								https://carinteriorcleaning.jp/regions/fukuoka/kyuto-cleaning/																																																													Paused			通常清掃内の嘔吐KWを嘔吐AGへ新規追加
426-779-6658	和歌山車	福岡県＿車内クリーニング																														車 嘔吐 クリーニング	95																																										車内 嘔吐	Phrase								https://carinteriorcleaning.jp/regions/fukuoka/kyuto-cleaning/																																																													Paused			通常清掃内の嘔吐KWを嘔吐AGへ新規追加
426-779-6658	和歌山車	福岡県＿車内クリーニング																														車 嘔吐 クリーニング	95																																										車内 ゲロ 掃除	Phrase								https://carinteriorcleaning.jp/regions/fukuoka/kyuto-cleaning/																																																													Paused			通常清掃内の嘔吐KWを嘔吐AGへ新規追加
426-779-6658	和歌山車	福岡県＿車内クリーニング																														車 嘔吐 クリーニング	95																																										車 クリーニング 嘔吐	Phrase								https://carinteriorcleaning.jp/regions/fukuoka/kyuto-cleaning/																																																													Paused			通常清掃内の嘔吐KWを嘔吐AGへ新規追加
426-779-6658	和歌山車	福岡県＿車内クリーニング																														車 嘔吐 クリーニング	95																																										車 嘔吐 クリーニング	Phrase								https://carinteriorcleaning.jp/regions/fukuoka/kyuto-cleaning/																																																													Paused			通常清掃内の嘔吐KWを嘔吐AGへ新規追加
426-779-6658	和歌山車	福岡県＿車内クリーニング																														車 嘔吐 クリーニング	95																																										シート ベルト 嘔吐 掃除	Phrase								https://carinteriorcleaning.jp/regions/fukuoka/kyuto-cleaning/																																																													Paused			通常清掃内の嘔吐KWを嘔吐AGへ新規追加
426-779-6658	和歌山車	福岡県＿車内クリーニング																														車 嘔吐 クリーニング	95																																										車 ゲロ 掃除	Phrase								https://carinteriorcleaning.jp/regions/fukuoka/kyuto-cleaning/																																																													Paused			通常清掃内の嘔吐KWを嘔吐AGへ新規追加
426-779-6658	和歌山車	福岡県＿車内クリーニング																														車 嘔吐 クリーニング	95																																										車内 嘔吐 臭い 消し	Phrase								https://carinteriorcleaning.jp/regions/fukuoka/kyuto-cleaning/																																																													Enabled			通常清掃内の嘔吐KWを嘔吐AGへ新規追加
426-779-6658	和歌山車	福岡県＿車内クリーニング																														車 嘔吐 クリーニング	95																																										車内 吐い た 掃除	Phrase								https://carinteriorcleaning.jp/regions/fukuoka/kyuto-cleaning/																																																													Enabled			通常清掃内の嘔吐KWを嘔吐AGへ新規追加
426-779-6658	和歌山車	福岡県＿車内クリーニング																														車　 汗																																											灯油	Negative Phrase																																																																					Enabled			SPLIT_FROM_壊れたネガティブ
426-779-6658	和歌山車	福岡県＿車内クリーニング																														車　 おもらし																																											嘔吐	Negative Phrase																																																																					Enabled			SPLIT_FROM_壊れたネガティブ
426-779-6658	和歌山車	福岡県＿車内クリーニング																														車　 おもらし																																											灯油	Negative Phrase																																																																					Enabled			SPLIT_FROM_壊れたネガティブ
426-779-6658	和歌山車	福岡県＿車内クリーニング																														車　 おもらし																																											エアコン	Negative Phrase																																																																					Enabled			SPLIT_FROM_壊れたネガティブ
426-779-6658	和歌山車	福岡県＿車内クリーニング																														車シート クリーニング																																											灯油	Negative Phrase																																																																					Enabled			SPLIT_FROM_壊れたネガティブ
426-779-6658	和歌山車	福岡県＿車内クリーニング																														車の匂い取り																																											灯油	Negative Phrase																																																																					Enabled			SPLIT_FROM_壊れたネガティブ
426-779-6658	和歌山車	群馬県＿車内クリーニング																														車 嘔吐 クリーニング	85																																										車 嘔吐 クリーニング 業者	Phrase								https://carinteriorcleaning.jp/regions/gunma/kyuto-cleaning/																																																													Paused			通常清掃内の嘔吐KWを嘔吐AGへ新規追加
426-779-6658	和歌山車	群馬県＿車内クリーニング																														車 嘔吐 クリーニング	85																																										車内 クリーニング 嘔吐 群馬	Phrase								https://carinteriorcleaning.jp/regions/gunma/kyuto-cleaning/																																																													Enabled			嘔吐KW移動＋地名修正（車内 クリーニング 嘔吐 大阪→車内 クリーニング 嘔吐 群馬）
426-779-6658	和歌山車	群馬県＿車内クリーニング																														車 嘔吐 クリーニング	85																																										車内 クリーニング 嘔吐	Phrase								https://carinteriorcleaning.jp/regions/gunma/kyuto-cleaning/																																																													Paused			通常清掃内の嘔吐KWを嘔吐AGへ新規追加
426-779-6658	和歌山車	群馬県＿車内クリーニング																														車 嘔吐 クリーニング	85																																										車 ゲロ クリーニング	Phrase								https://carinteriorcleaning.jp/regions/gunma/kyuto-cleaning/																																																													Paused			通常清掃内の嘔吐KWを嘔吐AGへ新規追加
426-779-6658	和歌山車	群馬県＿車内クリーニング																														車 嘔吐 クリーニング	85																																										車 嘔吐 臭い 取れ ない	Phrase								https://carinteriorcleaning.jp/regions/gunma/kyuto-cleaning/																																																													Paused			通常清掃内の嘔吐KWを嘔吐AGへ新規追加
426-779-6658	和歌山車	群馬県＿車内クリーニング																														車 嘔吐 クリーニング	85																																										ゲロ 臭い 消し 車	Phrase								https://carinteriorcleaning.jp/regions/gunma/kyuto-cleaning/																																																													Paused			通常清掃内の嘔吐KWを嘔吐AGへ新規追加
426-779-6658	和歌山車	群馬県＿車内クリーニング																														車 嘔吐 クリーニング	85																																										シート ベルト 嘔吐 臭い	Phrase								https://carinteriorcleaning.jp/regions/gunma/kyuto-cleaning/																																																													Enabled			通常清掃内の嘔吐KWを嘔吐AGへ新規追加
426-779-6658	和歌山車	群馬県＿車内クリーニング																														車 嘔吐 クリーニング	85																																										車内 クリーニング 嘔吐 どこに 頼む	Phrase								https://carinteriorcleaning.jp/regions/gunma/kyuto-cleaning/																																																													Paused			通常清掃内の嘔吐KWを嘔吐AGへ新規追加
426-779-6658	和歌山車	群馬県＿車内クリーニング																														車 嘔吐 クリーニング	85																																										車 吐瀉 物 掃除	Phrase								https://carinteriorcleaning.jp/regions/gunma/kyuto-cleaning/																																																													Paused			通常清掃内の嘔吐KWを嘔吐AGへ新規追加
426-779-6658	和歌山車	群馬県＿車内クリーニング																														車 嘔吐 クリーニング	85																																										車内 ゲロ クリーニング	Phrase								https://carinteriorcleaning.jp/regions/gunma/kyuto-cleaning/																																																													Paused			通常清掃内の嘔吐KWを嘔吐AGへ新規追加
426-779-6658	和歌山車	群馬県＿車内クリーニング																														車 嘔吐 クリーニング	85																																										車内 嘔吐	Phrase								https://carinteriorcleaning.jp/regions/gunma/kyuto-cleaning/																																																													Paused			通常清掃内の嘔吐KWを嘔吐AGへ新規追加
426-779-6658	和歌山車	群馬県＿車内クリーニング																														車 嘔吐 クリーニング	85																																										車内 ゲロ 掃除	Phrase								https://carinteriorcleaning.jp/regions/gunma/kyuto-cleaning/																																																													Paused			通常清掃内の嘔吐KWを嘔吐AGへ新規追加
426-779-6658	和歌山車	群馬県＿車内クリーニング																														車 嘔吐 クリーニング	85																																										車 クリーニング 嘔吐	Phrase								https://carinteriorcleaning.jp/regions/gunma/kyuto-cleaning/																																																													Paused			通常清掃内の嘔吐KWを嘔吐AGへ新規追加
426-779-6658	和歌山車	群馬県＿車内クリーニング																														車 嘔吐 クリーニング	85																																										車 嘔吐 クリーニング	Phrase								https://carinteriorcleaning.jp/regions/gunma/kyuto-cleaning/																																																													Paused			通常清掃内の嘔吐KWを嘔吐AGへ新規追加
426-779-6658	和歌山車	群馬県＿車内クリーニング																														車 嘔吐 クリーニング	85																																										シート ベルト 嘔吐 掃除	Phrase								https://carinteriorcleaning.jp/regions/gunma/kyuto-cleaning/																																																													Paused			通常清掃内の嘔吐KWを嘔吐AGへ新規追加
426-779-6658	和歌山車	群馬県＿車内クリーニング																														車 嘔吐 クリーニング	85																																										車 ゲロ 掃除	Phrase								https://carinteriorcleaning.jp/regions/gunma/kyuto-cleaning/																																																													Paused			通常清掃内の嘔吐KWを嘔吐AGへ新規追加
426-779-6658	和歌山車	群馬県＿車内クリーニング																														車 嘔吐 クリーニング	85																																										車内 嘔吐 臭い 消し	Phrase								https://carinteriorcleaning.jp/regions/gunma/kyuto-cleaning/																																																													Enabled			通常清掃内の嘔吐KWを嘔吐AGへ新規追加
426-779-6658	和歌山車	群馬県＿車内クリーニング																														車 嘔吐 クリーニング	85																																										車内 吐い た 掃除	Phrase								https://carinteriorcleaning.jp/regions/gunma/kyuto-cleaning/																																																													Enabled			通常清掃内の嘔吐KWを嘔吐AGへ新規追加
426-779-6658	和歌山車	群馬県＿車内クリーニング																														車　 汗																																											灯油	Negative Phrase																																																																					Enabled			SPLIT_FROM_壊れたネガティブ
426-779-6658	和歌山車	群馬県＿車内クリーニング																														車　 おもらし																																											嘔吐	Negative Phrase																																																																					Enabled			SPLIT_FROM_壊れたネガティブ
426-779-6658	和歌山車	群馬県＿車内クリーニング																														車　 おもらし																																											灯油	Negative Phrase																																																																					Enabled			SPLIT_FROM_壊れたネガティブ
426-779-6658	和歌山車	群馬県＿車内クリーニング																														車　 おもらし																																											エアコン	Negative Phrase																																																																					Enabled			SPLIT_FROM_壊れたネガティブ
426-779-6658	和歌山車	群馬県＿車内クリーニング																														車シート クリーニング																																											灯油	Negative Phrase																																																																					Enabled			SPLIT_FROM_壊れたネガティブ
426-779-6658	和歌山車	群馬県＿車内クリーニング																														車の匂い取り																																											灯油	Negative Phrase																																																																					Enabled			SPLIT_FROM_壊れたネガティブ
426-779-6658	和歌山車	栃木県＿車内クリーニング																														車 嘔吐 クリーニング	90																																										車 嘔吐 クリーニング 業者	Phrase								https://carinteriorcleaning.jp/regions/tochigi/kyuto-cleaning/																																																													Paused			通常清掃内の嘔吐KWを嘔吐AGへ新規追加
426-779-6658	和歌山車	栃木県＿車内クリーニング																														車 嘔吐 クリーニング	90																																										車内 クリーニング 嘔吐 栃木	Phrase								https://carinteriorcleaning.jp/regions/tochigi/kyuto-cleaning/																																																													Enabled			通常清掃内の嘔吐KWを嘔吐AGへ新規追加
426-779-6658	和歌山車	栃木県＿車内クリーニング																														車 嘔吐 クリーニング	90																																										車内 クリーニング 嘔吐	Phrase								https://carinteriorcleaning.jp/regions/tochigi/kyuto-cleaning/																																																													Paused			通常清掃内の嘔吐KWを嘔吐AGへ新規追加
426-779-6658	和歌山車	栃木県＿車内クリーニング																														車 嘔吐 クリーニング	90																																										車 ゲロ クリーニング	Phrase								https://carinteriorcleaning.jp/regions/tochigi/kyuto-cleaning/																																																													Paused			通常清掃内の嘔吐KWを嘔吐AGへ新規追加
426-779-6658	和歌山車	栃木県＿車内クリーニング																														車 嘔吐 クリーニング	90																																										車 嘔吐 臭い 取れ ない	Phrase								https://carinteriorcleaning.jp/regions/tochigi/kyuto-cleaning/																																																													Paused			通常清掃内の嘔吐KWを嘔吐AGへ新規追加
426-779-6658	和歌山車	栃木県＿車内クリーニング																														車 嘔吐 クリーニング	90																																										ゲロ 臭い 消し 車	Phrase								https://carinteriorcleaning.jp/regions/tochigi/kyuto-cleaning/																																																													Paused			通常清掃内の嘔吐KWを嘔吐AGへ新規追加
426-779-6658	和歌山車	栃木県＿車内クリーニング																														車 嘔吐 クリーニング	90																																										シート ベルト 嘔吐 臭い	Phrase								https://carinteriorcleaning.jp/regions/tochigi/kyuto-cleaning/																																																													Enabled			通常清掃内の嘔吐KWを嘔吐AGへ新規追加
426-779-6658	和歌山車	栃木県＿車内クリーニング																														車 嘔吐 クリーニング	90																																										車内 クリーニング 嘔吐 どこに 頼む	Phrase								https://carinteriorcleaning.jp/regions/tochigi/kyuto-cleaning/																																																													Paused			通常清掃内の嘔吐KWを嘔吐AGへ新規追加
426-779-6658	和歌山車	栃木県＿車内クリーニング																														車 嘔吐 クリーニング	90																																										車 吐瀉 物 掃除	Phrase								https://carinteriorcleaning.jp/regions/tochigi/kyuto-cleaning/																																																													Paused			通常清掃内の嘔吐KWを嘔吐AGへ新規追加
426-779-6658	和歌山車	栃木県＿車内クリーニング																														車 嘔吐 クリーニング	90																																										車内 ゲロ クリーニング	Phrase								https://carinteriorcleaning.jp/regions/tochigi/kyuto-cleaning/																																																													Paused			通常清掃内の嘔吐KWを嘔吐AGへ新規追加
426-779-6658	和歌山車	栃木県＿車内クリーニング																														車 嘔吐 クリーニング	90																																										車内 嘔吐	Phrase								https://carinteriorcleaning.jp/regions/tochigi/kyuto-cleaning/																																																													Paused			通常清掃内の嘔吐KWを嘔吐AGへ新規追加
426-779-6658	和歌山車	栃木県＿車内クリーニング																														車 嘔吐 クリーニング	90																																										車内 ゲロ 掃除	Phrase								https://carinteriorcleaning.jp/regions/tochigi/kyuto-cleaning/																																																													Paused			通常清掃内の嘔吐KWを嘔吐AGへ新規追加
426-779-6658	和歌山車	栃木県＿車内クリーニング																														車 嘔吐 クリーニング	90																																										車 クリーニング 嘔吐	Phrase								https://carinteriorcleaning.jp/regions/tochigi/kyuto-cleaning/																																																													Paused			通常清掃内の嘔吐KWを嘔吐AGへ新規追加
426-779-6658	和歌山車	栃木県＿車内クリーニング																														車 嘔吐 クリーニング	90																																										車 嘔吐 クリーニング	Phrase								https://carinteriorcleaning.jp/regions/tochigi/kyuto-cleaning/																																																													Paused			通常清掃内の嘔吐KWを嘔吐AGへ新規追加
426-779-6658	和歌山車	栃木県＿車内クリーニング																														車 嘔吐 クリーニング	90																																										シート ベルト 嘔吐 掃除	Phrase								https://carinteriorcleaning.jp/regions/tochigi/kyuto-cleaning/																																																													Paused			通常清掃内の嘔吐KWを嘔吐AGへ新規追加
426-779-6658	和歌山車	栃木県＿車内クリーニング																														車 嘔吐 クリーニング	90																																										車 ゲロ 掃除	Phrase								https://carinteriorcleaning.jp/regions/tochigi/kyuto-cleaning/																																																													Paused			通常清掃内の嘔吐KWを嘔吐AGへ新規追加
426-779-6658	和歌山車	栃木県＿車内クリーニング																														車 嘔吐 クリーニング	90																																										車内 嘔吐 臭い 消し	Phrase								https://carinteriorcleaning.jp/regions/tochigi/kyuto-cleaning/																																																													Enabled			通常清掃内の嘔吐KWを嘔吐AGへ新規追加
426-779-6658	和歌山車	栃木県＿車内クリーニング																														車 嘔吐 クリーニング	90																																										車内 吐い た 掃除	Phrase								https://carinteriorcleaning.jp/regions/tochigi/kyuto-cleaning/																																																													Enabled			通常清掃内の嘔吐KWを嘔吐AGへ新規追加
426-779-6658	和歌山車	栃木県＿車内クリーニング																														車　 汗																																											灯油	Negative Phrase																																																																					Enabled			SPLIT_FROM_壊れたネガティブ
426-779-6658	和歌山車	栃木県＿車内クリーニング																														車　 おもらし																																											嘔吐	Negative Phrase																																																																					Enabled			SPLIT_FROM_壊れたネガティブ
426-779-6658	和歌山車	栃木県＿車内クリーニング																														車　 おもらし																																											灯油	Negative Phrase																																																																					Enabled			SPLIT_FROM_壊れたネガティブ
426-779-6658	和歌山車	栃木県＿車内クリーニング																														車　 おもらし																																											エアコン	Negative Phrase																																																																					Enabled			SPLIT_FROM_壊れたネガティブ
426-779-6658	和歌山車	栃木県＿車内クリーニング																														車シート クリーニング																																											灯油	Negative Phrase																																																																					Enabled			SPLIT_FROM_壊れたネガティブ
426-779-6658	和歌山車	栃木県＿車内クリーニング																														車の匂い取り																																											灯油	Negative Phrase																																																																					Enabled			SPLIT_FROM_壊れたネガティブ
